ticker,name,market,locale,active,source_feed
I:A1BSC,Dow Jones Americas Basic Materials Index,indices,us,True,CMEMarketDataPlatformDowJones
I:A1CYC,Dow Jones Americas Consumer Services Index,indices,us,True,CMEMarketDataPlatformDowJones
I:A1DOW,Dow Jones Americas Index,indices,us,True,CMEMarketDataPlatformDowJones
I:A1ENE,Dow Jones Americas Oil & Gas Index,indices,us,True,CMEMarketDataPlatformDowJones
I:A1FIN,Dow Jones Americas Financials Index,indices,us,True,CMEMarketDataPlatformDowJones
I:A1HCR,Dow Jones Americas Health Care Index,indices,us,True,CMEMarketDataPlatformDowJones
I:A1IDU,Dow Jones Americas Industrials Index,indices,us,True,CMEMarketDataPlatformDowJones
I:A1NCY,Dow Jones Americas Consumer Goods Index,indices,us,True,CMEMarketDataPlatformDowJones
I:A1SGI,Dow Jones Sustainability North America Composite Index (USD),indices,us,True,CMEMarketDataPlatformDowJones
I:A1TEC,Dow Jones Americas Technology Index,indices,us,True,CMEMarketDataPlatformDowJones
I:A1TLS,Dow Jones Americas Telecommunications Index,indices,us,True,CMEMarketDataPlatformDowJones
I:A1UTI,Dow Jones Americas Utilities Index,indices,us,True,CMEMarketDataPlatformDowJones
I:AAVE100,Cboe 100 Aave / US Dollar RealPrice Index,indices,us,True,CboeGlobalIndicesCCCY
I:AAVE10RP,Cboe 10 Aave / US Dollar RealPrice Index,indices,us,True,CboeGlobalIndicesCCCY
I:AAVE25RP,Cboe 25 Aave / US Dollar RealPrice Index,indices,us,True,CboeGlobalIndicesCCCY
I:AAVE400,Cboe 400 Aave / US Dollar RealPrice Index,indices,us,True,CboeGlobalIndicesCCCY
I:AAVE50RP,Cboe 50 Aave / US Dollar RealPrice Index,indices,us,True,CboeGlobalIndicesCCCY
I:ABAQ,ABA NASDAQ Community Bank,indices,us,True,NasdaqGIDS
I:ABQI,NASDAQ OMX ABA Community Bank,indices,us,True,NasdaqGIDS
I:ABQX,NASDAQ OMX ABA Community Bank Total Rtn,indices,us,True,NasdaqGIDS
I:ADA100K,Cboe 100K Cardano / US Dollar RealPrice Index,indices,us,True,CboeGlobalIndicesCCCY
I:ADA10KRP,Cboe 10K Cardano / US Dollar RealPrice Index,indices,us,True,CboeGlobalIndicesCCCY
I:ADA25KRP,Cboe 25K Cardano / US Dollar RealPrice Index,indices,us,True,CboeGlobalIndicesCCCY
I:ADA50KRP,Cboe 50K Cardano / US Dollar RealPrice Index,indices,us,True,CboeGlobalIndicesCCCY
I:ADA5KRP,Cboe 5000 Cardano / US Dollar RealPrice Index,indices,us,True,CboeGlobalIndicesCCCY
I:ADOW,The Asia Dow (USD),indices,us,True,CMEMarketDataPlatformDowJones
I:ADOWA,The Asia Dow (AUD),indices,us,True,CMEMarketDataPlatformDowJones
I:ADOWE,The Asia Dow (EUR),indices,us,True,CMEMarketDataPlatformDowJones
I:ADOWJ,The Asia Dow (JPY),indices,us,True,CMEMarketDataPlatformDowJones
I:AGQIV,PROSHARES ULTRA SILVER ETF,indices,us,True,CboeGlobalIndicesINAV
I:ALGO100,Cboe 100 Algorand / US Dollar RealPrice Index,indices,us,True,CboeGlobalIndicesCCCY
I:ALGO1KRP,Cboe 1000 Algorand / US Dollar RealPrice Index,indices,us,True,CboeGlobalIndicesCCCY
I:ALGO5KRP,Cboe 5000 Algorand / US Dollar RealPrice Index,indices,us,True,CboeGlobalIndicesCCCY
I:ANEWIV,PROSHARES MSCI TRANSFORMATIONAL CHANGES ETF,indices,us,True,CboeGlobalIndicesINAV
I:APRTIV,AllianzIM U.S. Large Cap Buffer10 Apr ETF Intraday Indicative Value,indices,us,True,CboeGlobalIndicesINAV
I:APRWIV,AllianzIM U.S. Large Cap Buffer20 Apr ETF Intraday Indicative Value,indices,us,True,CboeGlobalIndicesINAV
I:APRZIV,TrueShares Structured Outcome (April) ETF Intraday Indicative Value,indices,us,True,CboeGlobalIndicesINAV
I:ASOX,PHLX US AI Semiconductor Index,indices,us,True,NasdaqGIDS
I:ASOXN,PHLX US AI Semiconductor Net To,indices,us,True,NasdaqGIDS
I:ASOXT,PHLX US AI Semiconductor Total,indices,us,True,NasdaqGIDS
I:ATDOW,Dow Jones Austria Index,indices,us,True,CMEMarketDataPlatformDowJones
I:ATDOWD,Dow Jones Austria Index (USD),indices,us,True,CMEMarketDataPlatformDowJones
I:ATOM150,Cboe 150 Cosmos / US Dollar RealPrice Index,indices,us,True,CboeGlobalIndicesCCCY
I:ATOM300,Cboe 300 Cosmos / US Dollar RealPrice Index,indices,us,True,CboeGlobalIndicesCCCY
I:ATOM600,Cboe 600 Cosmos / US Dollar RealPrice Index,indices,us,True,CboeGlobalIndicesCCCY
I:ATOM75RP,Cboe 75 Cosmos / US Dollar RealPrice Index,indices,us,True,CboeGlobalIndicesCCCY
I:AUAC,Nasdaq All Cap Australian Equit,indices,us,True,NasdaqGIDS
I:AUACGL,Nasdaq All Cap Australian Equity Index GLR,indices,us,True,NasdaqGIDS
I:AUACT,Nasdaq All Cap Australian Equit,indices,us,True,NasdaqGIDS
I:AUDOWD,Dow Jones Australia Index (USD),indices,us,True,CMEMarketDataPlatformDowJones
I:AUGTIV,AllianzIM U.S. Large Cap Buffer10 Aug ETF Intraday Indicative Value,indices,us,True,CboeGlobalIndicesINAV
I:AUGWIV,AllianzIM U.S. Large Cap Buffer20 Aug ETF Intraday Indicative Value,indices,us,True,CboeGlobalIndicesINAV
I:AUGZIV,TrueShares Structured Outcome (August) ETF Intraday Indicative Value,indices,us,True,CboeGlobalIndicesINAV
I:AVCHQYLD,Alpha Vee Quality Yield,indices,us,True,CboeGlobalIndicesCGI
I:AVFOCGRW,Alpha Vee Focused Growth Index,indices,us,True,CboeGlobalIndicesCGI
I:AVGRNTSP,Alpha Vee Green Transportation,indices,us,True,CboeGlobalIndicesCGI
I:AVRMENEQ,Alpha Vee Risk Managed Enhanced US Equity,indices,us,True,CboeGlobalIndicesCGI
I:AVT5EQTB,Alpha Vee Risk Managed Top 5 Sector Equities & Treasury Bonds,indices,us,True,CboeGlobalIndicesCGI
I:AVT5ETTB,Alpha Vee Risk Managed Top 5 Sector ETFs & Treasuries,indices,us,True,CboeGlobalIndicesCGI
I:AVT5SMAL,Alpha Vee Risk Managed Small Cap Top 5 Sector US Equity,indices,us,True,CboeGlobalIndicesCGI
I:AVT5SMID,Alpha Vee Risk Managed SMID Top 5 Sector Equities,indices,us,True,CboeGlobalIndicesCGI
I:AVUSMEGA,Alpha Vee US Mega Cap,indices,us,True,CboeGlobalIndicesCGI
I:B15GI,OMX Baltic Telecommunications GI,indices,us,True,NasdaqGIDS
I:B15PI,OMX Baltic Telecommunications PI,indices,us,True,NasdaqGIDS
I:B20GI,OMX Baltic Health Care GI,indices,us,True,NasdaqGIDS
I:B20PI,OMX Baltic Health Care PI,indices,us,True,NasdaqGIDS
I:B3010GI,OMX Baltic Banks GI,indices,us,True,NasdaqGIDS
I:B3010PI,OMX Baltic Banks PI,indices,us,True,NasdaqGIDS
I:B3020GI,OMX Baltic Financial Services GI,indices,us,True,NasdaqGIDS
I:B3020PI,OMX Baltic Financial Services PI,indices,us,True,NasdaqGIDS
I:B30GI,OMX Baltic Financials GI,indices,us,True,NasdaqGIDS
I:B30PI,OMX Baltic Financials PI,indices,us,True,NasdaqGIDS
I:B35GI,OMX Baltic Real Estate GI,indices,us,True,NasdaqGIDS
I:B35PI,OMX Baltic Real Estate PI,indices,us,True,NasdaqGIDS
I:B4020GI,OMX Baltic Consumer Products and Services GI,indices,us,True,NasdaqGIDS
I:B4020PI,OMX Baltic Consumer Products and Services PI,indices,us,True,NasdaqGIDS
I:B4030GI,OMX Baltic Media GI,indices,us,True,NasdaqGIDS
I:B4030PI,OMX Baltic Media PI,indices,us,True,NasdaqGIDS
I:B4040GI,OMX Baltic Retail GI,indices,us,True,NasdaqGIDS
I:B4040PI,OMX Baltic Retail PI,indices,us,True,NasdaqGIDS
I:B4050GI,OMX Baltic Travel and Leisure GI,indices,us,True,NasdaqGIDS
I:B4050PI,OMX Baltic Travel and Leisure PI,indices,us,True,NasdaqGIDS
I:B40GI,OMX Baltic Consumer Discretionary GI,indices,us,True,NasdaqGIDS
I:B40PI,OMX Baltic Consumer Discretionary PI,indices,us,True,NasdaqGIDS
I:B4510GI,"OMX Baltic Food, Beverage and Tobacco  GI",indices,us,True,NasdaqGIDS
I:B4510PI,"OMX Baltic Food, Beverage and Tobacco  PI",indices,us,True,NasdaqGIDS
I:B45GI,OMX Baltic Consumer Staples GI,indices,us,True,NasdaqGIDS
I:B45PI,OMX Baltic Consumer Staples PI,indices,us,True,NasdaqGIDS
I:B5010GI,OMX Baltic Construction and Materials GI,indices,us,True,NasdaqGIDS
I:B5010PI,OMX Baltic Construction and Materials PI,indices,us,True,NasdaqGIDS
I:B5020GI,OMX Baltic Industrial Goods and Services GI,indices,us,True,NasdaqGIDS
I:B5020PI,OMX Baltic Industrial Goods and Services PI,indices,us,True,NasdaqGIDS
I:B50GI,OMX Baltic Industrials GI,indices,us,True,NasdaqGIDS
I:B50PI,OMX Baltic Industrials PI,indices,us,True,NasdaqGIDS
I:B5510GI,OMX Baltic Basic Resources GI,indices,us,True,NasdaqGIDS
I:B5510PI,OMX Baltic Basic Resources PI,indices,us,True,NasdaqGIDS
I:B55GI,OMX Baltic Basic Materials GI,indices,us,True,NasdaqGIDS
I:B55PI,OMX Baltic Basic Materials PI,indices,us,True,NasdaqGIDS
I:B60GI,OMX Baltic Energy GI,indices,us,True,NasdaqGIDS
I:B60PI,OMX Baltic Energy PI,indices,us,True,NasdaqGIDS
I:B65GI,OMX Baltic Utilities GI,indices,us,True,NasdaqGIDS
I:B65PI,OMX Baltic Utilities PI,indices,us,True,NasdaqGIDS
I:BANK,Nasdaq Bank,indices,us,True,NasdaqGIDS
I:BANKT,Nasdaq Bank Total Return,indices,us,True,NasdaqGIDS
I:BAT100RP,Cboe 100 Basic Attention Token / US Dollar RealPrice Index,indices,us,True,CboeGlobalIndicesCCCY
I:BAT1KRP,Cboe 1000 Basic Attention Token / US Dollar RealPrice Index,indices,us,True,CboeGlobalIndicesCCCY
I:BAT200RP,Cboe 200 Basic Attention Token / US Dollar RealPrice Index,indices,us,True,CboeGlobalIndicesCCCY
I:BAT20N,Cboe Austria 20 - net,indices,us,True,CboeGlobalIndicesCGI
I:BAT20P,Cboe Austria 20,indices,us,True,CboeGlobalIndicesCGI
I:BAT500RP,Cboe 500 Basic Attention Token / US Dollar RealPrice Index,indices,us,True,CboeGlobalIndicesCCCY
I:BBE20N,Cboe Belgium 20 - net,indices,us,True,CboeGlobalIndicesCGI
I:BBE20P,Cboe Belgium 20,indices,us,True,CboeGlobalIndicesCGI
I:BCH100RP,Cboe 100 Bitcoin Cash / USD RealPrice,indices,us,True,CboeGlobalIndicesCCCY
I:BCH10RP,Cboe 10 Bitcoin Cash / USD RealPrice,indices,us,True,CboeGlobalIndicesCCCY
I:BCH1RP,Cboe 1 Bitcoin Cash / US Dollar RealPrice Index,indices,us,True,CboeGlobalIndicesCCCY
I:BCH20N,Cboe Switzerland 20 - net,indices,us,True,CboeGlobalIndicesCGI
I:BCH20P,Cboe Switzerland 20,indices,us,True,CboeGlobalIndicesCGI
I:BCH20RP,Cboe 20 Bitcoin Cash / USD RealPrice,indices,us,True,CboeGlobalIndicesCCCY
I:BCH40RP,Cboe 40 Bitcoin Cash / USD RealPrice,indices,us,True,CboeGlobalIndicesCCCY
I:BCH5RP,Cboe 5 Bitcoin Cash / USD RealPrice,indices,us,True,CboeGlobalIndicesCCCY
I:BCHM30N,Cboe Switzerland Mid Cap 30,indices,us,True,CboeGlobalIndicesCGI
I:BCHM30P,Cboe Switzerland Mid Cap 30,indices,us,True,CboeGlobalIndicesCGI
I:BDE40G,Cboe Germany 40 Gross Return,indices,us,True,CboeGlobalIndicesCGI
I:BDE40N,Cboe Germany 40 - net,indices,us,True,CboeGlobalIndicesCGI
I:BDE40P,Cboe Germany 40,indices,us,True,CboeGlobalIndicesCGI
I:BDEA,Cboe MSCI EAFE 20-Delta BuyWrite Index,indices,us,True,CboeGlobalIndicesMSCI
I:BDEF,Cboe MSCI Emerging Markets 20-Delta BuyWrite Index,indices,us,True,CboeGlobalIndicesMSCI
I:BDEM50N,Cboe Germany Mid Cap 50 - net,indices,us,True,CboeGlobalIndicesCGI
I:BDEM50P,Cboe Germany Mid Cap 50,indices,us,True,CboeGlobalIndicesCGI
I:BDES50N,Cboe Germany Small Cap 50 - net,indices,us,True,CboeGlobalIndicesCGI
I:BDES50P,Cboe Germany Small Cap 50,indices,us,True,CboeGlobalIndicesCGI
I:BDK25N,Cboe Denmark 25 - net,indices,us,True,CboeGlobalIndicesCGI
I:BDK25P,Cboe Denmark 25,indices,us,True,CboeGlobalIndicesCGI
I:BEDOW,Dow Jones Belgium Index,indices,us,True,CMEMarketDataPlatformDowJones
I:BEDOWD,Dow Jones Belgium Index (USD),indices,us,True,CMEMarketDataPlatformDowJones
I:BEP50N,Cboe Europe 50 - net,indices,us,True,CboeGlobalIndicesCGI
I:BEP50P,Cboe Europe 50,indices,us,True,CboeGlobalIndicesCGI
I:BEPACN,Cboe Europe All Companies - net,indices,us,True,CboeGlobalIndicesCGI
I:BEPACP,Cboe Europe All Companies,indices,us,True,CboeGlobalIndicesCGI
I:BEPBUS,Cboe Europe Business Services Sector,indices,us,True,CboeGlobalIndicesCGI
I:BEPBUSN,Cboe Europe Business Services Sector - net,indices,us,True,CboeGlobalIndicesCGI
I:BEPCNC,Cboe Europe Consumer Non Cyclicals Sector,indices,us,True,CboeGlobalIndicesCGI
I:BEPCNCN,Cboe Europe Consumer Non-Cyclicals,indices,us,True,CboeGlobalIndicesCGI
I:BEPCONC,Cboe Europe Consumer Cyclicals Sector,indices,us,True,CboeGlobalIndicesCGI
I:BEPCONCN,Cboe Europe Consumer Cyclicals Sector - net,indices,us,True,CboeGlobalIndicesCGI
I:BEPCONS,Cboe Europe Consumer Services Sector,indices,us,True,CboeGlobalIndicesCGI
I:BEPCONSN,Cboe Europe Consumer Services Sector - net,indices,us,True,CboeGlobalIndicesCGI
I:BEPENGY,Cboe Europe Energy Sector,indices,us,True,CboeGlobalIndicesCGI
I:BEPENGYN,Cboe Europe Energy Sector - net,indices,us,True,CboeGlobalIndicesCGI
I:BEPFIN,Cboe Europe Finance Sector,indices,us,True,CboeGlobalIndicesCGI
I:BEPFINN,Cboe Europe Finance Sector - net,indices,us,True,CboeGlobalIndicesCGI
I:BEPHLTH,Cboe Europe Healthcare Sector,indices,us,True,CboeGlobalIndicesCGI
I:BEPHLTHN,Cboe Europe Healthcare Sector - net,indices,us,True,CboeGlobalIndicesCGI
I:BEPIND,Cboe Europe Industrials Sector,indices,us,True,CboeGlobalIndicesCGI
I:BEPINDN,Cboe Europe Industrials Sector - net,indices,us,True,CboeGlobalIndicesCGI
I:BEPNEM,Cboe Europe Non Energy Materials Sector,indices,us,True,CboeGlobalIndicesCGI
I:BEPNEMN,Cboe Europe Non-Energy Materials Sector,indices,us,True,CboeGlobalIndicesCGI
I:BEPTEC,Cboe Europe Technology Sector,indices,us,True,CboeGlobalIndicesCGI
I:BEPTECN,Cboe Europe Technology Sector - net,indices,us,True,CboeGlobalIndicesCGI
I:BEPTEL,Cboe Europe Telecommunications Sector,indices,us,True,CboeGlobalIndicesCGI
I:BEPTELN,Cboe Europe Telecommunications Sector - net,indices,us,True,CboeGlobalIndicesCGI
I:BEPUTL,Cboe Europe Utilities Sector,indices,us,True,CboeGlobalIndicesCGI
I:BEPUTLN,Cboe Europe Utilities Sector - net,indices,us,True,CboeGlobalIndicesCGI
I:BEPXUKN,Cboe Europe All Companies ex UK,indices,us,True,CboeGlobalIndicesCGI
I:BEPXUKP,Cboe Europe All Companies ex UK,indices,us,True,CboeGlobalIndicesCGI
I:BES35N,Cboe Spain 35 - net,indices,us,True,CboeGlobalIndicesCGI
I:BES35P,Cboe Spain 35,indices,us,True,CboeGlobalIndicesCGI
I:BETEIV,BITCOIN & ETHER EQUAL WEIGHT STRATEGY ETF,indices,us,True,CboeGlobalIndicesINAV
I:BETHIV,BITCOIN & ETHER MARKET CAP WEIGHT STRATEGY ETF,indices,us,True,CboeGlobalIndicesINAV
I:BEWELL,Nasdaq CTA Global Digital Health Index,indices,us,True,NasdaqGIDS
I:BEWELLAU,Nasdaq CTA Global Digital Health AUD Index,indices,us,True,NasdaqGIDS
I:BEWELLAUNR,Nasdaq CTA Global Digital Health Net Total Return AUD Index,indices,us,True,NasdaqGIDS
I:BEWELLAUTR,Nasdaq CTA Global Digital Health Gross Total Return AUD Index,indices,us,True,NasdaqGIDS
I:BEWELLNR,Nasdaq CTA Global Digital Health Net Total Return Index,indices,us,True,NasdaqGIDS
I:BEWELLTR,Nasdaq CTA Global Digital Health Gross Total Return Index,indices,us,True,NasdaqGIDS
I:BEZ50N,Cboe Eurozone 50,indices,us,True,CboeGlobalIndicesCGI
I:BEZ50P,Cboe Eurozone 50,indices,us,True,CboeGlobalIndicesCGI
I:BEZACN,Cboe Eurozone All Companies,indices,us,True,CboeGlobalIndicesCGI
I:BEZACP,Cboe Eurozone All Companies,indices,us,True,CboeGlobalIndicesCGI
I:BFI25N,Cboe Finland 25,indices,us,True,CboeGlobalIndicesCGI
I:BFI25P,Cboe Finland 25,indices,us,True,CboeGlobalIndicesCGI
I:BFLY,Cboe S&P 500 Iron Butterfly Index,indices,us,True,CboeGlobalIndicesMain
I:BFLYEA,Cboe MSCI EAFE Iron Butterfly Index,indices,us,True,CboeGlobalIndicesMSCI
I:BFLYEF,Cboe MSCI Emerging Markets Iron Butterfly Index,indices,us,True,CboeGlobalIndicesMSCI
I:BFR40N,Cboe France 40 - net,indices,us,True,CboeGlobalIndicesCGI
I:BFR40P,Cboe France 40,indices,us,True,CboeGlobalIndicesCGI
I:BFRM20N,Cboe France Mid Cap 20 - net,indices,us,True,CboeGlobalIndicesCGI
I:BFRM20P,Cboe France Mid Cap 20,indices,us,True,CboeGlobalIndicesCGI
I:BIBIV,PROSHARES ULTRA NASDAQ BIOTECHNOLOGY ETF,indices,us,True,CboeGlobalIndicesINAV
I:BIE20N,Cboe Ireland 20 - net,indices,us,True,CboeGlobalIndicesCGI
I:BIE20P,Cboe Ireland 20,indices,us,True,CboeGlobalIndicesCGI
I:BISIV,PROSHARES ULTRASHORT NASDAQ BIOTECHNOLOGY ETF,indices,us,True,CboeGlobalIndicesINAV
I:BIT40N,Cboe Italy 40 - net,indices,us,True,CboeGlobalIndicesCGI
I:BIT40P,Cboe Italy 40,indices,us,True,CboeGlobalIndicesCGI
I:BITIIV,ProShares Short Bitcoin Strategy ETF,indices,us,True,CboeGlobalIndicesINAV
I:BITOIV,ProShares Bitcoin Strategy ETF,indices,us,True,CboeGlobalIndicesINAV
I:BKX,KBW Nasdaq Bank Index,indices,us,True,NasdaqGIDS
I:BKXNTR,KBW Nasdaq Bank Net Total Return Index,indices,us,True,NasdaqGIDS
I:BKXTR,KBW Nasdaq Bank Total Return Index,indices,us,True,NasdaqGIDS
I:BNL30N,Cboe Netherlands 30 - net,indices,us,True,CboeGlobalIndicesCGI
I:BNL30P,Cboe Netherlands 30,indices,us,True,CboeGlobalIndicesCGI
I:BNLM25N,Cboe Netherlands Mid Cap 25 - net,indices,us,True,CboeGlobalIndicesCGI
I:BNLM25P,Cboe Netherlands Mid Cap 25,indices,us,True,CboeGlobalIndicesCGI
I:BNO25G,Cboe Norway 25 Gross Return,indices,us,True,CboeGlobalIndicesCGI
I:BNO25N,Cboe Norway 25 - net,indices,us,True,CboeGlobalIndicesCGI
I:BNO25P,Cboe Norway 25,indices,us,True,CboeGlobalIndicesCGI
I:BNORD40N,Cboe Nordic 40 - net,indices,us,True,CboeGlobalIndicesCGI
I:BNORD40P,Cboe Nordic 40,indices,us,True,CboeGlobalIndicesCGI
I:BNT200RP,Cboe 200 Bancor / US Dollar RealPrice Index,indices,us,True,CboeGlobalIndicesCCCY
I:BNT2KRP,Cboe 2000 Bancor / US Dollar RealPrice Index,indices,us,True,CboeGlobalIndicesCCCY
I:BNT500RP,Cboe 500 Bancor / US Dollar RealPrice Index,indices,us,True,CboeGlobalIndicesCCCY
I:BNT50RP,Cboe 50 Bancor / US Dollar RealPrice Index,indices,us,True,CboeGlobalIndicesCCCY
I:BOILIV,PROSHARES ULTRA BLOOMBERG NATURAL GAS ETF,indices,us,True,CboeGlobalIndicesINAV
I:BOX15K26,,indices,us,True,CboeGlobalIndicesMain
I:BOX15Z28,,indices,us,True,CboeGlobalIndicesMain
I:BOX17J26,,indices,us,True,CboeGlobalIndicesMain
I:BOX17M27,,indices,us,True,CboeGlobalIndicesMain
I:BOX17Z27,,indices,us,True,CboeGlobalIndicesMain
I:BOX18M26,,indices,us,True,CboeGlobalIndicesMain
I:BOX18U26,,indices,us,True,CboeGlobalIndicesMain
I:BOX18Z26,,indices,us,True,CboeGlobalIndicesMain
I:BOX20H26,,indices,us,True,CboeGlobalIndicesMain
I:BOX20Z30,,indices,us,True,CboeGlobalIndicesMain
I:BOX21Z29,,indices,us,True,CboeGlobalIndicesMain
I:BPT20N,Cboe Portugal 20 - net,indices,us,True,CboeGlobalIndicesCGI
I:BPT20P,Cboe Portugal 20,indices,us,True,CboeGlobalIndicesCGI
I:BR20,Dow Jones Brazil Titans 20 ADR Index,indices,us,True,CMEMarketDataPlatformDowJones
I:BRIC50D,Dow Jones BRIC 50 Index (USD),indices,us,True,CMEMarketDataPlatformDowJones
I:BRIC50E,Dow Jones BRIC 50 Index (EUR),indices,us,True,CMEMarketDataPlatformDowJones
I:BSE30N,Cboe Sweden 30 - net,indices,us,True,CboeGlobalIndicesCGI
I:BSE30P,Cboe Sweden 30,indices,us,True,CboeGlobalIndicesCGI
I:BTC10RP,Cboe 10 Bitcoin / USD RealPrice,indices,us,True,CboeGlobalIndicesCCCY
I:BTC1RP,Cboe 1 Bitcoin / USD RealPrice,indices,us,True,CboeGlobalIndicesCCCY
I:BTC20PRP,Cboe 0.2 Bitcoin / USD RealPrice,indices,us,True,CboeGlobalIndicesCCCY
I:BTC20RP,Cboe 20 Bitcoin / USD RealPrice,indices,us,True,CboeGlobalIndicesCCCY
I:BTC5RP,Cboe 5 Bitcoin / USD RealPrice,indices,us,True,CboeGlobalIndicesCCCY
I:BTCOIV,Invesco Galaxy Bitcoin ETF Intraday Indicative Value,indices,us,True,CboeGlobalIndicesCCCY
I:BUK100N,Cboe UK 100 - net,indices,us,True,CboeGlobalIndicesCGI
I:BUK100P,Cboe UK 100,indices,us,True,CboeGlobalIndicesCGI
I:BUK250N,Cboe UK 250 - net,indices,us,True,CboeGlobalIndicesCGI
I:BUK250P,Cboe UK 250,indices,us,True,CboeGlobalIndicesCGI
I:BUK350N,Cboe UK 350 - net,indices,us,True,CboeGlobalIndicesCGI
I:BUK350P,Cboe UK 350,indices,us,True,CboeGlobalIndicesCGI
I:BUKAC,Cboe UK All Companies,indices,us,True,CboeGlobalIndicesCGI
I:BUKACN,Cboe UK All Companies - net,indices,us,True,CboeGlobalIndicesCGI
I:BUKBISN,Cboe UK Banking and Investment Services - net,indices,us,True,CboeGlobalIndicesCGI
I:BUKBISP,Cboe UK Banking and Investment Services,indices,us,True,CboeGlobalIndicesCGI
I:BUKBUS,Cboe UK Business Services Sector,indices,us,True,CboeGlobalIndicesCGI
I:BUKBUSN,Cboe UK Business Services Sector,indices,us,True,CboeGlobalIndicesCGI
I:BUKCNC,Cboe UK Consumer Non-Cyclicals Sector,indices,us,True,CboeGlobalIndicesCGI
I:BUKCNCN,Cboe UK Consumer Non Cyclicals Sector,indices,us,True,CboeGlobalIndicesCGI
I:BUKCONC,Cboe UK Consumer Cyclicals Sector,indices,us,True,CboeGlobalIndicesCGI
I:BUKCONCN,Cboe UK Consumer Cyclicals Sector - net,indices,us,True,CboeGlobalIndicesCGI
I:BUKCONS,Cboe UK Consumer Services Sector,indices,us,True,CboeGlobalIndicesCGI
I:BUKCONSN,Cboe UK Consumer Services Sector - net,indices,us,True,CboeGlobalIndicesCGI
I:BUKENGY,Cboe UK Energy Sector,indices,us,True,CboeGlobalIndicesCGI
I:BUKENGYN,Cboe UK Energy Sector - net,indices,us,True,CboeGlobalIndicesCGI
I:BUKFIN,Cboe UK Finance Sector,indices,us,True,CboeGlobalIndicesCGI
I:BUKFINN,Cboe UK Finance Sector - net,indices,us,True,CboeGlobalIndicesCGI
I:BUKHI50N,Cboe Brexit High 50,indices,us,True,CboeGlobalIndicesCGI
I:BUKHI50P,Cboe Brexit High 50,indices,us,True,CboeGlobalIndicesCGI
I:BUKHLTH,Cboe UK Healthcare Sector,indices,us,True,CboeGlobalIndicesCGI
I:BUKHLTHN,Cboe UK Healthcare Sector,indices,us,True,CboeGlobalIndicesCGI
I:BUKIND,Cboe UK Industrials Sector,indices,us,True,CboeGlobalIndicesCGI
I:BUKINDN,Cboe UK Industrials Sector - net,indices,us,True,CboeGlobalIndicesCGI
I:BUKLO50N,Cboe Brexit Low 50 - net,indices,us,True,CboeGlobalIndicesCGI
I:BUKLO50P,Cboe Brexit Low 50,indices,us,True,CboeGlobalIndicesCGI
I:BUKMINN,Cboe UK Mining and Mineral Products - net,indices,us,True,CboeGlobalIndicesCGI
I:BUKMINP,Cboe UK Mining and Mineral Products,indices,us,True,CboeGlobalIndicesCGI
I:BUKNEM,Cboe UK Non Energy Materials Sector,indices,us,True,CboeGlobalIndicesCGI
I:BUKNEMN,Cboe UK Non Energy Materials Sector,indices,us,True,CboeGlobalIndicesCGI
I:BUKSC,Cboe UK Small Companies,indices,us,True,CboeGlobalIndicesCGI
I:BUKSCN,Cboe UK Small Companies - net,indices,us,True,CboeGlobalIndicesCGI
I:BUKTEC,Cboe UK Technology,indices,us,True,CboeGlobalIndicesCGI
I:BUKTECN,Cboe UK Technology - net,indices,us,True,CboeGlobalIndicesCGI
I:BUKTEL,Cboe UK Telecommunications Sector,indices,us,True,CboeGlobalIndicesCGI
I:BUKTELN,Cboe UK Telecommunications Sect,indices,us,True,CboeGlobalIndicesCGI
I:BUKUTL,Cboe UK Utilities Sector,indices,us,True,CboeGlobalIndicesCGI
I:BUKUTLN,Cboe UK Utilities Sector - net,indices,us,True,CboeGlobalIndicesCGI
I:BXD,Cboe DJIA BuyWrite Index,indices,us,True,CboeGlobalIndicesMain
I:BXDE,DJIA Cboe BuyWrite V2 Index,indices,us,True,CboeGlobalIndicesMain
I:BXDEH,Cboe DJIA Half BuyWrite Index,indices,us,True,CboeGlobalIndicesMain
I:BXEA,Cboe MSCI EAFE BuyWrite Index,indices,us,True,CboeGlobalIndicesMSCI
I:BXEF,Cboe MSCI Emerging Markets BuyWrite Index,indices,us,True,CboeGlobalIndicesMSCI
I:BXEMG,Cboe MSCI Emerging Markets IMI BuyWrite Index,indices,us,True,CboeGlobalIndicesMSCI
I:BXESG,Cboe S&P 500 ESG BuyWrite Index,indices,us,True,CboeGlobalIndicesMain
I:BXGBTCA,Cboe GBTC ATM BuyWrite Index,indices,us,True,CboeGlobalIndicesCGI
I:BXGBTCT,Cboe GBTC 20% OTM BuyWrite Index,indices,us,True,CboeGlobalIndicesCGI
I:BXHB,Cboe HYG BuyWrite Index,indices,us,True,CboeGlobalIndicesCGI
I:BXLB,Cboe LQD BuyWrite Index,indices,us,True,CboeGlobalIndicesCGI
I:BXLFH,Cboe S&P Financials Select Sector Half BuyWrite Index,indices,us,True,CboeGlobalIndicesMain
I:BXLKH,Cboe S&P Technology Select Sector Half BuyWrite Index,indices,us,True,CboeGlobalIndicesMain
I:BXLVH,Cboe S&P Health Care Select Sector Half BuyWrite Index,indices,us,True,CboeGlobalIndicesMain
I:BXM,Cboe S&P 500 BuyWrite Index,indices,us,True,CboeGlobalIndicesMain
I:BXMC,Cboe S&P 500 Conditional BuyWrite Index,indices,us,True,CboeGlobalIndicesMain
I:BXMCAD,,indices,us,True,CboeGlobalIndicesMain
I:BXMD,Cboe S&P 500 30-Delta BuyWrite Index,indices,us,True,CboeGlobalIndicesMain
I:BXMH,Cboe S&P 500 Half BuyWrite Index,indices,us,True,CboeGlobalIndicesMain
I:BXMU,Cboe S&P 500 BuyWrite 15% WHT,indices,us,True,CboeGlobalIndicesMain
I:BXMVM,Cboe S&P 500 Managed Volatility BuyWrite Index,indices,us,True,CboeGlobalIndicesMain
I:BXMW,Cboe S&P 500 Multi-Week BuyWrite Index,indices,us,True,CboeGlobalIndicesMain
I:BXN,Cboe NASDAQ-100 BuyWrite Index,indices,us,True,CboeGlobalIndicesCGI
I:BXNH,Cboe NASDAQ-100 Half BuyWrite V2 Index,indices,us,True,CboeGlobalIndicesCGI
I:BXNT,Cboe NASDAQ-100 BuyWrite V2 Index,indices,us,True,CboeGlobalIndicesCGI
I:BXNTU,Cboe NASDAQ-100 BuyWrite V2 UCITS Index,indices,us,True,CboeGlobalIndicesCGI
I:BXPX,Cboe MLPX ATM BuyWrite Index,indices,us,True,CboeGlobalIndicesCGI
I:BXQD,Cboe QDIV ATM BuyWrite Index,indices,us,True,CboeGlobalIndicesCGI
I:BXR,Cboe Russell 2000 BuyWrite Index,indices,us,True,CboeGlobalIndicesFTSE
I:BXRC,Cboe Russell 2000 Conditional Buywrite Index,indices,us,True,CboeGlobalIndicesFTSE
I:BXRD,Cboe Russell 2000 30-Delta BuyWrite Index,indices,us,True,CboeGlobalIndicesFTSE
I:BXRH,Cboe Russell 2000 Half BuyWrite Index,indices,us,True,CboeGlobalIndicesFTSE
I:BXRT,CBOE Russell 2000 30-Delta Buywrite V2 Index,indices,us,True,CboeGlobalIndicesFTSE
I:BXTB,Cboe TLT 2% OTM BuyWrite Index,indices,us,True,CboeGlobalIndicesCGI
I:BXTBJPY,,indices,us,True,CboeGlobalIndicesCGI
I:BXTBN,,indices,us,True,CboeGlobalIndicesCGI
I:BXTW,Cboe 20+ Year Treasury Bond One,indices,us,True,CboeGlobalIndicesCGI
I:BXVBW,Cboe S&P 500 Enhanced 1% OTM BuyWrite Index,indices,us,True,CboeGlobalIndicesMain
I:BXVBWJPY,,indices,us,True,CboeGlobalIndicesMain
I:BXVBWN,,indices,us,True,CboeGlobalIndicesMain
I:BXWBW,Cboe FTSE Russell IWM 2% OTM BuyWrite Index,indices,us,True,CboeGlobalIndicesFTSE
I:BXY,Cboe S&P 500 2% OTM BuyWrite Index,indices,us,True,CboeGlobalIndicesMain
I:BYEA,Cboe MSCI EAFE 2% OTM BuyWrite Index,indices,us,True,CboeGlobalIndicesMSCI
I:BYEF,Cboe MSCI Emerging Markets 2% OTM BuyWrite Index,indices,us,True,CboeGlobalIndicesMSCI
I:BZQIV,PROSHARES ULTRASHORT MSCI BRAZIL CAPPED ETF,indices,us,True,CboeGlobalIndicesINAV
I:CADOW,Dow Jones Canada Index,indices,us,True,CMEMarketDataPlatformDowJones
I:CADOWD,Dow Jones Canada Index (USD),indices,us,True,CMEMarketDataPlatformDowJones
I:CAGR,Nasdaq A-Share Globalization Le,indices,us,True,NasdaqGIDS
I:CAGRN,Nasdaq A-Share Globalization Le,indices,us,True,NasdaqGIDS
I:CAGRT,Nasdaq A-Share Globalization Le,indices,us,True,NasdaqGIDS
I:CALD,Cboe Validus S&P500 Dynamic Call BuyWrite Index,indices,us,True,CboeGlobalIndicesMain
I:CAPEXA,Nasdaq US CapEx Achievers Index,indices,us,True,NasdaqGIDS
I:CAPEXAN,Nasdaq US CapEx Achievers Net Total Return Index,indices,us,True,NasdaqGIDS
I:CAPEXAT,Nasdaq US CapEx Achievers Total Return Index,indices,us,True,NasdaqGIDS
I:CBMKCCSI,Wholesale Cannabis Price Paid by the Distributor,indices,us,True,NasdaqGIDS
I:CBMKCNLP,Wholesale Cannabis Price Paid to Licensed Producer,indices,us,True,NasdaqGIDS
I:CBMKETAX,Canada Wt Avg Fed/Prov Excise Tax Paid by Lic Prod,indices,us,True,NasdaqGIDS
I:CBTX,Cboe Bitcoin U.S. ETF Index,indices,us,True,CboeGlobalIndicesCGI
I:CBTXS,Cboe Bitcoin U.S. ETF Index AM Settlement Value,indices,us,True,CboeGlobalIndicesCGI
I:CELS,NASDAQ Clean Edge Green Energy,indices,us,True,NasdaqGIDS
I:CELSE,,indices,us,True,NasdaqGIDS
I:CELSEN,,indices,us,True,NasdaqGIDS
I:CELSET,,indices,us,True,NasdaqGIDS
I:CELSEW,Nasdaq Clean Edge Green Energy EW Index,indices,us,True,NasdaqGIDS
I:CELSEWN,Nasdaq Clean Edge Green Energy EW NTR Index,indices,us,True,NasdaqGIDS
I:CELSEWT,Nasdaq Clean Edge Green Energy EW TR Index,indices,us,True,NasdaqGIDS
I:CELSI,Nasdaq Clean Edge International Green Energy Index,indices,us,True,NasdaqGIDS
I:CELSIN,Nasdaq Clean Edge International Green Energy Net Total Return Index,indices,us,True,NasdaqGIDS
I:CELSIT,Nasdaq Clean Edge International Green Energy Total Return Index,indices,us,True,NasdaqGIDS
I:CELSN,Nasdaq Clean Edge Green Energy Net Total Return Index,indices,us,True,NasdaqGIDS
I:CEQX,Cboe U.S. Large-Mid Cap 100 Index,indices,us,True,CboeGlobalIndicesCGI
I:CEXX,NASDAQ Clean Edge Green Energy Total Return,indices,us,True,NasdaqGIDS
I:CH30,Dow Jones Switzerland Titans 30 Index,indices,us,True,CMEMarketDataPlatformDowJones
I:CH30D,Dow Jones Switzerland Titans 30 Index (USD),indices,us,True,CMEMarketDataPlatformDowJones
I:CHDOW,Dow Jones Switzerland Index,indices,us,True,CMEMarketDataPlatformDowJones
I:CHDOWD,Dow Jones Switzerland Index (USD),indices,us,True,CMEMarketDataPlatformDowJones
I:CHXN9000,NASDAQ OMX China Technology,indices,us,True,NasdaqGIDS
I:CHXN9000NX,NASDAQ OMX China Technology Net Total Return,indices,us,True,NasdaqGIDS
I:CHXN9000X,NASDAQ OMX China Technology Total Return,indices,us,True,NasdaqGIDS
I:CLDOW,Dow Jones Chile Index,indices,us,True,CMEMarketDataPlatformDowJones
I:CLDOWD,Dow Jones Chile Index (USD),indices,us,True,CMEMarketDataPlatformDowJones
I:CLESG,CRSP ISS US Large Cap ESG Index,indices,us,True,NasdaqGIDS
I:CLESGB,CRSP ISS US Large Cap ESG Industry Balanced Index,indices,us,True,NasdaqGIDS
I:CLESGBR,CRSP ISS US Large Cap ESG Industry Balanced Remain,indices,us,True,NasdaqGIDS
I:CLESGBRT,CRSP ISS US Large Cap ESG Industry Balanced Remain,indices,us,True,NasdaqGIDS
I:CLESGBRV,CRSP ISS US Large Cap ESG Indus,indices,us,True,NasdaqGIDS
I:CLESGBT,CRSP ISS US Large Cap ESG Industry Balanced Index,indices,us,True,NasdaqGIDS
I:CLESGBV,CRSP ISS US Large Cap ESG Indus,indices,us,True,NasdaqGIDS
I:CLESGNP,CRSP ISS US Large Cap ESG Non-Prime Index,indices,us,True,NasdaqGIDS
I:CLESGNPT,CRSP ISS US Large Cap ESG Non-Prime Index TR,indices,us,True,NasdaqGIDS
I:CLESGNPV,CRSP ISS US Large Cap ESG Non-P,indices,us,True,NasdaqGIDS
I:CLESGP,CRSP ISS US Large Cap ESG Prime Index,indices,us,True,NasdaqGIDS
I:CLESGPT,CRSP ISS US Large Cap ESG Prime Index TR,indices,us,True,NasdaqGIDS
I:CLESGPV,CRSP ISS US Large Cap ESG Prime,indices,us,True,NasdaqGIDS
I:CLESGR,CRSP ISS US Large Cap ESG Remainder Index,indices,us,True,NasdaqGIDS
I:CLESGRT,CRSP ISS US Large Cap ESG Remainder Index TR,indices,us,True,NasdaqGIDS
I:CLESGRV,CRSP ISS US Large Cap ESG Remai,indices,us,True,NasdaqGIDS
I:CLESGT,CRSP ISS US Large Cap ESG Index TR,indices,us,True,NasdaqGIDS
I:CLESGV,CRSP ISS US Large Cap ESG OSV I,indices,us,True,NasdaqGIDS
I:CLIXIV,PROSHARES LONG ONLINE/SHORT STORES ETF,indices,us,True,CboeGlobalIndicesINAV
I:CLL,Cboe S&P 500 95-110 Collar Index,indices,us,True,CboeGlobalIndicesMain
I:CLL1M,Cboe S&P 500 Risk Managed Income Index,indices,us,True,CboeGlobalIndicesMain
I:CLL3M,Cboe S&P 500 3-Month Collar 95-110 Index,indices,us,True,CboeGlobalIndicesMain
I:CLLR,Cboe Russell 2000 Zero-Cost Put Spread Collar Index,indices,us,True,CboeGlobalIndicesFTSE
I:CLLZ,Cboe S&P 500 Zero-Cost Put Spread Collar Index,indices,us,True,CboeGlobalIndicesMain
I:CLMTCH,Nasdaq CTA Global Climate Technology Index,indices,us,True,NasdaqGIDS
I:CLMTCHN,Nasdaq CTA Global Climate Technology Net Total Return Index,indices,us,True,NasdaqGIDS
I:CLMTCHT,Nasdaq CTA Global Climate Technology Total Return Index,indices,us,True,NasdaqGIDS
I:CMAPTUSD,CM Aptos / US Dollar Reference Price,indices,us,True,CboeGlobalIndicesCCCY
I:CMARBUSD,CM Arbitrum / US Dollar Reference Price,indices,us,True,CboeGlobalIndicesCCCY
I:CMAVAXUSD,CM Avalanche / US Dollar Reference Price,indices,us,True,CboeGlobalIndicesCCCY
I:CMBO,Cboe S&P 500 Covered Combo Index,indices,us,True,CboeGlobalIndicesMain
I:CMBOEA,Cboe MSCI EAFE Covered Combo Index,indices,us,True,CboeGlobalIndicesMSCI
I:CMBOEF,Cboe MSCI Emerging Markets Covered Combo Index,indices,us,True,CboeGlobalIndicesMSCI
I:CMBTCEUR,CM Bitcoin / Euro Reference Price,indices,us,True,CboeGlobalIndicesCCCY
I:CMDAIUSD,CM USD Dai Stable Coin / US Dollar Reference Price,indices,us,True,CboeGlobalIndicesCCCY
I:CMETHEUR,CM Ethereum / Euro Reference Price,indices,us,True,CboeGlobalIndicesCCCY
I:CMHBARUSD,CM Hedera / US Dollar Reference Price,indices,us,True,CboeGlobalIndicesCCCY
I:CMLEOUSD,CM Leo Token/ US Dollar Reference Price,indices,us,True,CboeGlobalIndicesCCCY
I:CMNEARUSD,CM Near Protocol / US Dollar Reference Price,indices,us,True,CboeGlobalIndicesCCCY
I:CMOPUSD,CM Optimism / US Dollar Reference Price,indices,us,True,CboeGlobalIndicesCCCY
I:CMSHIBUSD,CM Shiba Inu / US Dollar Reference Price,indices,us,True,CboeGlobalIndicesCCCY
I:CMSOLBTC,CM Solana / Bitcoin Reference Price,indices,us,True,CboeGlobalIndicesCCCY
I:CMTONUSD,CM Toncoin / US Dollar Reference Price,indices,us,True,CboeGlobalIndicesCCCY
I:CMTRXUSD,CM Tron / US Dollar Reference Price,indices,us,True,CboeGlobalIndicesCCCY
I:CMUSDCUSD,CM USD Circle Stable Coin / US Dollar Reference Price,indices,us,True,CboeGlobalIndicesCCCY
I:CMUSDTUSD,CM USD Tether Stable Coin / US Dollar Reference Price,indices,us,True,CboeGlobalIndicesCCCY
I:CMVINXSCGI,Custom Made VINX Small Cap GI,indices,us,True,NasdaqGIDS
I:CMVINXSCNI,Custom Made VINX Small Cap NI,indices,us,True,NasdaqGIDS
I:CMVINXSCPI,Custom Made VINX Small Cap PI,indices,us,True,NasdaqGIDS
I:CMXMRUSD,CM Monero / US Dollar Reference Price,indices,us,True,CboeGlobalIndicesCCCY
I:CMXRPEUR,CM Ripple / Euro Reference Price,indices,us,True,CboeGlobalIndicesCCCY
I:CNDR,Cboe S&P 500 Iron Condor Index,indices,us,True,CboeGlobalIndicesMain
I:CNDREA,Cboe MSCI EAFE Iron Condor Index,indices,us,True,CboeGlobalIndicesMSCI
I:CNDREF,Cboe MSCI Emerging Markets Iron Condor Index,indices,us,True,CboeGlobalIndicesMSCI
I:CNIV01,Cboe Nasdaq-100 Implied Volatility Monday Index,indices,us,True,CboeGlobalIndicesCGI
I:CNIV02,Cboe Nasdaq-100 Implied Volatility Tuesday Index,indices,us,True,CboeGlobalIndicesCGI
I:CNIV03,Cboe Nasdaq-100 Implied Volatility Wednesday Index,indices,us,True,CboeGlobalIndicesCGI
I:CNIV04,Cboe Nasdaq-100 Implied Volatility Thursday Index,indices,us,True,CboeGlobalIndicesCGI
I:CNIV05,Cboe Nasdaq-100 Implied Volatility Friday Index,indices,us,True,CboeGlobalIndicesCGI
I:COMP,NASDAQ Composite,indices,us,True,NasdaqGIDS
I:COMPCAD,NASDAQ Composite Index CAD,indices,us,True,NasdaqGIDS
I:COMPCADMH,NASDAQ Composite Monthly Currency Hedged CAD,indices,us,True,NasdaqGIDS
I:COMXSBGI,,indices,us,True,NasdaqGIDS
I:COMXSBNI,,indices,us,True,NasdaqGIDS
I:COMXSBPI,,indices,us,True,NasdaqGIDS
I:COR10D,Cboe 3-Month 10 Delta Implied Correlation Index,indices,us,True,CboeGlobalIndicesMain
I:COR1M,Cboe 1-Month Implied Correlation Index,indices,us,True,CboeGlobalIndicesMain
I:COR1Y,Cboe 1-Year Implied Correlation Index,indices,us,True,CboeGlobalIndicesMain
I:COR30D,Cboe 3-Month 30 Delta Cboe Implied Correlation Index,indices,us,True,CboeGlobalIndicesMain
I:COR3M,Cboe 3-Month Implied Correlation Index,indices,us,True,CboeGlobalIndicesMain
I:COR6M,Cboe 6-Month Implied Correlation Index,indices,us,True,CboeGlobalIndicesMain
I:COR70D,Cboe 3-Month 70 Delta Cboe Implied Correlation Index,indices,us,True,CboeGlobalIndicesMain
I:COR90D,Cboe 3-Month 90 Delta Cboe Implied Correlation Index,indices,us,True,CboeGlobalIndicesMain
I:COR9M,Cboe 9-Month Implied Correlation Index,indices,us,True,CboeGlobalIndicesMain
I:CPQ,ISE CTA Cloud Computing Index,indices,us,True,NasdaqGIDS
I:CPQE,Nasdaq ISE CTA Cloud Computing,indices,us,True,NasdaqGIDS
I:CPQENTR,Nasdaq ISE CTA Cloud Computing,indices,us,True,NasdaqGIDS
I:CPQETR,Nasdaq ISE CTA Cloud Computing,indices,us,True,NasdaqGIDS
I:CPQI,Nasdaq CTA International Cloud Computing Index,indices,us,True,NasdaqGIDS
I:CPQINTR,Nasdaq CTA International Cloud Computing Net Total Return Index,indices,us,True,NasdaqGIDS
I:CPQITR,Nasdaq CTA International Cloud Computing Total Return Index,indices,us,True,NasdaqGIDS
I:CPQNTR,ISE CTA Cloud Computing Net Total Return Index,indices,us,True,NasdaqGIDS
I:CPQTR,ISE CTA Cloud Computing Total Return Index,indices,us,True,NasdaqGIDS
I:CRSPCD1,CRSP US Consumer Discretionary Index,indices,us,True,NasdaqGIDS
I:CRSPCDT,CRSP US Consumer Discretionary Total Return Index,indices,us,True,NasdaqGIDS
I:CRSPCDV,CRSP US Consumer Discretionary,indices,us,True,NasdaqGIDS
I:CRSPCS1,CRSP US Consumer Staples Index,indices,us,True,NasdaqGIDS
I:CRSPCST,CRSP US Consumer Staples Total Return Index,indices,us,True,NasdaqGIDS
I:CRSPCSV,CRSP US Consumer Staples OSV In,indices,us,True,NasdaqGIDS
I:CRSPEN1,CRSP US Energy Index,indices,us,True,NasdaqGIDS
I:CRSPENT,CRSP US Energy Total Return Index,indices,us,True,NasdaqGIDS
I:CRSPENV,CRSP US Energy OSV Index,indices,us,True,NasdaqGIDS
I:CRSPFN1,CRSP US Financials Index,indices,us,True,NasdaqGIDS
I:CRSPFNT,CRSP US Financials TR Index,indices,us,True,NasdaqGIDS
I:CRSPFNV,CRSP US Financials OSV Index,indices,us,True,NasdaqGIDS
I:CRSPHC1,CRSP US Health Care Index,indices,us,True,NasdaqGIDS
I:CRSPHCT,CRSP US Health Care TR Index,indices,us,True,NasdaqGIDS
I:CRSPHCV,CRSP US Healthcare OSV Index,indices,us,True,NasdaqGIDS
I:CRSPID1,CRSP US Industrials Index,indices,us,True,NasdaqGIDS
I:CRSPIDT,CRSP US Industrials TR Index,indices,us,True,NasdaqGIDS
I:CRSPIDV,CRSP US Industrials OSV Index,indices,us,True,NasdaqGIDS
I:CRSPIT1,CRSP US Technology Index,indices,us,True,NasdaqGIDS
I:CRSPITT,CRSP US Technology TR Index,indices,us,True,NasdaqGIDS
I:CRSPITV,CRSP US Technology OSV Index,indices,us,True,NasdaqGIDS
I:CRSPLC1,CRSP US Large Cap Index,indices,us,True,NasdaqGIDS
I:CRSPLCG1,CRSP US Large Cap Growth Index,indices,us,True,NasdaqGIDS
I:CRSPLCGT,CRSP US Large Cap Growth TR Index,indices,us,True,NasdaqGIDS
I:CRSPLCGV,CRSP US Large Cap Growth OSV Index,indices,us,True,NasdaqGIDS
I:CRSPLCT,CRSP US Large Cap TR Index,indices,us,True,NasdaqGIDS
I:CRSPLCV,CRSP US Large Cap OSV Index,indices,us,True,NasdaqGIDS
I:CRSPLCV1,CRSP US Large Cap Value Index,indices,us,True,NasdaqGIDS
I:CRSPLCVT,CRSP US Large Cap Value TR Index,indices,us,True,NasdaqGIDS
I:CRSPLCVV,CRSP US Large Cap Value OSV Index,indices,us,True,NasdaqGIDS
I:CRSPMC1,CRSP US Micro Cap Index,indices,us,True,NasdaqGIDS
I:CRSPMCT,CRSP US Micro Cap TR Index,indices,us,True,NasdaqGIDS
I:CRSPMCV,CRSP US Micro Cap OSV Index,indices,us,True,NasdaqGIDS
I:CRSPME1,CRSP US Mega Cap Index,indices,us,True,NasdaqGIDS
I:CRSPMEG1,CRSP US Mega Cap Growth Index,indices,us,True,NasdaqGIDS
I:CRSPMEGT,CRSP US Mega Cap Growth TR Index,indices,us,True,NasdaqGIDS
I:CRSPMEGV,CRSP US Mega Cap Growth OSV Index,indices,us,True,NasdaqGIDS
I:CRSPMET,CRSP US Mega Cap TR Index,indices,us,True,NasdaqGIDS
I:CRSPMEV,CRSP US Mega Cap OSV Index,indices,us,True,NasdaqGIDS
I:CRSPMEV1,CRSP US Mega Cap Value Index,indices,us,True,NasdaqGIDS
I:CRSPMEVT,CRSP US Mega Cap Value TR Index,indices,us,True,NasdaqGIDS
I:CRSPMEVV,CRSP US Mega Cap Value OSV Index,indices,us,True,NasdaqGIDS
I:CRSPMI1,CRSP US Mid Cap Index,indices,us,True,NasdaqGIDS
I:CRSPMIG1,CRSP US Mid Cap Growth Index,indices,us,True,NasdaqGIDS
I:CRSPMIGT,CRSP US Mid Cap Growth TR Index,indices,us,True,NasdaqGIDS
I:CRSPMIGV,CRSP US Mid Cap Growth OSV Index,indices,us,True,NasdaqGIDS
I:CRSPMIT,CRSP US Mid Cap TR Index,indices,us,True,NasdaqGIDS
I:CRSPMIV,CRSP US Mid Cap OSV Index,indices,us,True,NasdaqGIDS
I:CRSPMIV1,CRSP US Mid Cap Value Index,indices,us,True,NasdaqGIDS
I:CRSPMIVT,CRSP US Mid Cap Value TR Index,indices,us,True,NasdaqGIDS
I:CRSPMIVV,CRSP US Mid Cap Value OSV Index,indices,us,True,NasdaqGIDS
I:CRSPMS1,CRSP US Small/Micro Cap Index,indices,us,True,NasdaqGIDS
I:CRSPMST,CRSP US Small/Micro Cap TR Inde,indices,us,True,NasdaqGIDS
I:CRSPMSV,CRSP US Small/Micro Cap OSV Ind,indices,us,True,NasdaqGIDS
I:CRSPMT1,CRSP US Basic Materials Index,indices,us,True,NasdaqGIDS
I:CRSPMTT,CRSP US Basic Materials Total Return Index,indices,us,True,NasdaqGIDS
I:CRSPMTV,CRSP US Materials OSV Index,indices,us,True,NasdaqGIDS
I:CRSPRE1,CRSP US Real Estate Index,indices,us,True,NasdaqGIDS
I:CRSPRET,CRSP US Real Estate Total Return Index,indices,us,True,NasdaqGIDS
I:CRSPREV,CRSP US Real Estate & REITs OSV,indices,us,True,NasdaqGIDS
I:CRSPSC1,CRSP US Small Cap Index,indices,us,True,NasdaqGIDS
I:CRSPSCG1,CRSP US Small Cap Growth Index,indices,us,True,NasdaqGIDS
I:CRSPSCGT,CRSP US Small Cap Growth TR Index,indices,us,True,NasdaqGIDS
I:CRSPSCGV,CRSP US Small Cap Growth OSV Index,indices,us,True,NasdaqGIDS
I:CRSPSCT,CRSP US Small Cap TR Index,indices,us,True,NasdaqGIDS
I:CRSPSCV,CRSP US Small Cap OSV Index,indices,us,True,NasdaqGIDS
I:CRSPSCV1,CRSP US Small Cap Value Index,indices,us,True,NasdaqGIDS
I:CRSPSCVT,CRSP US Small Cap Value TR Index,indices,us,True,NasdaqGIDS
I:CRSPSCVV,CRSP US Small Cap Value OSV Index,indices,us,True,NasdaqGIDS
I:CRSPSM1,CRSP US Small/Mid Cap  Index,indices,us,True,NasdaqGIDS
I:CRSPSMG1,CRSP US Small/Mid Cap Growth Index,indices,us,True,NasdaqGIDS
I:CRSPSMGT,CRSP US Small/Mid Cap Growth Total Return Index,indices,us,True,NasdaqGIDS
I:CRSPSMGV.TEST,,indices,us,True,NasdaqGIDS
I:CRSPSMT,CRSP US Small/Mid Cap Total Return Index,indices,us,True,NasdaqGIDS
I:CRSPSMV,CRSP US Small/Mid Cap OSV Index,indices,us,True,NasdaqGIDS
I:CRSPSMV1,CRSP US Small/Mid Cap Value Index,indices,us,True,NasdaqGIDS
I:CRSPSMVT,CRSP US Small/Mid Cap Value Total Return Index,indices,us,True,NasdaqGIDS
I:CRSPSMVV,CRSP US Small/Mid Cap Value OSV Index,indices,us,True,NasdaqGIDS
I:CRSPSX1,CRSP US Small Cap Ex-Real Estate Index,indices,us,True,NasdaqGIDS
I:CRSPSXT,CRSP US Small Cap Ex-Real Estate Total Return Inde,indices,us,True,NasdaqGIDS
I:CRSPSXV,CRSP US Small Cap ex-Real Estat,indices,us,True,NasdaqGIDS
I:CRSPTAH1,CRSP US Total Market Index (AUD-hedged),indices,us,True,NasdaqGIDS
I:CRSPTAHT,CRSP US Total Market Total Return Index (AUD-hedge,indices,us,True,NasdaqGIDS
I:CRSPTCH1,CRSP US Total Market Index (CAD-hedged),indices,us,True,NasdaqGIDS
I:CRSPTCHT,CRSP US Total Market TR Index (CAD-hedged),indices,us,True,NasdaqGIDS
I:CRSPTE1,CRSP US Telecommunications Index,indices,us,True,NasdaqGIDS
I:CRSPTET,CRSP US Telecommunications Total Return Index,indices,us,True,NasdaqGIDS
I:CRSPTEV,CRSP US Media & Communications,indices,us,True,NasdaqGIDS
I:CRSPTM1,CRSP US Total Market Index,indices,us,True,NasdaqGIDS
I:CRSPTMA1,CRSP US Total Market Index AUD,indices,us,True,NasdaqGIDS
I:CRSPTMAT,CRSP US Total Market Total Return Index AUD,indices,us,True,NasdaqGIDS
I:CRSPTMC1,CRSP US Total Market Index CAD,indices,us,True,NasdaqGIDS
I:CRSPTMCT,CRSP US Total Market Total Return Index CAD,indices,us,True,NasdaqGIDS
I:CRSPTMT,CRSP US Total Market TR Index,indices,us,True,NasdaqGIDS
I:CRSPTMV,CRSP US Total Market OSV Index,indices,us,True,NasdaqGIDS
I:CRSPUT1,CRSP US Utilities Index,indices,us,True,NasdaqGIDS
I:CRSPUTT,CRSP US Utilities TR Index,indices,us,True,NasdaqGIDS
I:CRSPUTV,CRSP US Utilities OSV Index,indices,us,True,NasdaqGIDS
I:CRSPXE1,CRSP US Total Market Ex-Mega Ca,indices,us,True,NasdaqGIDS
I:CRSPXET,CRSP US Total Market Ex-Mega Ca,indices,us,True,NasdaqGIDS
I:CRSPXEV,CRSP US Total Market ex-Mega Ca,indices,us,True,NasdaqGIDS
I:CRSPXM1,CRSP US Core Cap Index,indices,us,True,NasdaqGIDS
I:CRSPXMG1,CRSP US Core Cap Growth Index,indices,us,True,NasdaqGIDS
I:CRSPXMGT,CRSP US Core Cap Growth TR Inde,indices,us,True,NasdaqGIDS
I:CRSPXMGV,CRSP US Core Cap Growth OSV Ind,indices,us,True,NasdaqGIDS
I:CRSPXMT,CRSP US Core Cap TR Index,indices,us,True,NasdaqGIDS
I:CRSPXMV,CRSP US Core Cap OSV Index,indices,us,True,NasdaqGIDS
I:CRSPXMV1,CRSP US Core Cap Value Index,indices,us,True,NasdaqGIDS
I:CRSPXMVT,CRSP US Core Cap Value TR Index,indices,us,True,NasdaqGIDS
I:CRSPXMVV,CRSP US Core Cap Value OSV Inde,indices,us,True,NasdaqGIDS
I:CSMIV,PROSHARES LARGE CAP CORE PLUS ETF,indices,us,True,CboeGlobalIndicesINAV
I:CTEXIV,PROSHARES S&P KENSHO CLEANTECH ETF,indices,us,True,CboeGlobalIndicesINAV
I:CX101010GI,OMX Copenhagen Software and Computer Services GI,indices,us,True,NasdaqGIDS
I:CX101010PI,OMX Copenhagen Software and Computer Services PI,indices,us,True,NasdaqGIDS
I:CX101020GI,OMX Copenhagen Technology Hardware and Equipment GI,indices,us,True,NasdaqGIDS
I:CX101020PI,OMX Copenhagen Technology Hardware and Equipment PI,indices,us,True,NasdaqGIDS
I:CX10GI,OMX Copenhagen Technology GI,indices,us,True,NasdaqGIDS
I:CX10PI,OMX Copenhagen Technology PI,indices,us,True,NasdaqGIDS
I:CX151010GI,OMX Copenhagen Telecommunications Equipment GI,indices,us,True,NasdaqGIDS
I:CX151010PI,OMX Copenhagen Telecommunications Equipment PI,indices,us,True,NasdaqGIDS
I:CX15GI,OMX Copenhagen Telecommunications GI,indices,us,True,NasdaqGIDS
I:CX15PI,OMX Copenhagen Telecommunications PI,indices,us,True,NasdaqGIDS
I:CX201020GI,OMX Copenhagen Medical Equipment and Services GI,indices,us,True,NasdaqGIDS
I:CX201020PI,OMX Copenhagen Medical Equipment and Services PI,indices,us,True,NasdaqGIDS
I:CX201030GI,OMX Copenhagen Pharmaceuticals and Biotechnology GI,indices,us,True,NasdaqGIDS
I:CX201030PI,OMX Copenhagen Pharmaceuticals and Biotechnology PI,indices,us,True,NasdaqGIDS
I:CX20GI,OMX Copenhagen Health Care GI,indices,us,True,NasdaqGIDS
I:CX20PI,OMX Copenhagen Health Care PI,indices,us,True,NasdaqGIDS
I:CX3010GI,OMX Copenhagen Banks GI,indices,us,True,NasdaqGIDS
I:CX3010PI,OMX Copenhagen Banks PI,indices,us,True,NasdaqGIDS
I:CX302020GI,OMX Copenhagen Investment Banking and Brokerage Services  GI,indices,us,True,NasdaqGIDS
I:CX302020PI,OMX Copenhagen Investment Banking and Brokerage Services  PI,indices,us,True,NasdaqGIDS
I:CX3020GI,OMX Copenhagen Financial Services GI,indices,us,True,NasdaqGIDS
I:CX3020PI,OMX Copenhagen Financial Services PI,indices,us,True,NasdaqGIDS
I:CX303020GI,OMX Copenhagen Non-life Insurance GI,indices,us,True,NasdaqGIDS
I:CX303020PI,OMX Copenhagen Non-life Insurance PI,indices,us,True,NasdaqGIDS
I:CX3030GI,OMX Copenhagen Insurance GI,indices,us,True,NasdaqGIDS
I:CX3030PI,OMX Copenhagen Insurance PI,indices,us,True,NasdaqGIDS
I:CX30GI,OMX Copenhagen Financials GI,indices,us,True,NasdaqGIDS
I:CX30PI,OMX Copenhagen Financials PI,indices,us,True,NasdaqGIDS
I:CX351010GI,OMX Copenhagen Real Estate Investment and Services GI,indices,us,True,NasdaqGIDS
I:CX351010PI,OMX Copenhagen Real Estate Investment and Services PI,indices,us,True,NasdaqGIDS
I:CX351020GI,OMX Copenhagen Real Estate Investment Trusts GI,indices,us,True,NasdaqGIDS
I:CX351020PI,OMX Copenhagen Real Estate Investment Trusts PI,indices,us,True,NasdaqGIDS
I:CX35GI,OMX Copenhagen Real Estate GI,indices,us,True,NasdaqGIDS
I:CX35PI,OMX Copenhagen Real Estate PI,indices,us,True,NasdaqGIDS
I:CX402020GI,OMX Copenhagen Household Goods and Home Construction GI,indices,us,True,NasdaqGIDS
I:CX402020PI,OMX Copenhagen Household Goods and Home Construction PI,indices,us,True,NasdaqGIDS
I:CX402030GI,OMX Copenhagen Leisure Goods GI,indices,us,True,NasdaqGIDS
I:CX402030PI,OMX Copenhagen Leisure Goods PI,indices,us,True,NasdaqGIDS
I:CX402040GI,OMX Copenhagen Personal Goods GI,indices,us,True,NasdaqGIDS
I:CX402040PI,OMX Copenhagen Personal Goods PI,indices,us,True,NasdaqGIDS
I:CX4020GI,OMX Copenhagen Consumer Products and Services GI,indices,us,True,NasdaqGIDS
I:CX4020PI,OMX Copenhagen Consumer Products and Services PI,indices,us,True,NasdaqGIDS
I:CX4030GI,OMX Copenhagen Media GI,indices,us,True,NasdaqGIDS
I:CX4030PI,OMX Copenhagen Media PI,indices,us,True,NasdaqGIDS
I:CX404010GI,OMX Copenhagen Retailers GI,indices,us,True,NasdaqGIDS
I:CX404010PI,OMX Copenhagen Retailers PI,indices,us,True,NasdaqGIDS
I:CX4040GI,OMX Copenhagen Retail GI,indices,us,True,NasdaqGIDS
I:CX4040PI,OMX Copenhagen Retail PI,indices,us,True,NasdaqGIDS
I:CX4050GI,OMX Copenhagen Travel and Leisure GI,indices,us,True,NasdaqGIDS
I:CX4050PI,OMX Copenhagen Travel and Leisure PI,indices,us,True,NasdaqGIDS
I:CX40GI,OMX Copenhagen Consumer Discretionary GI,indices,us,True,NasdaqGIDS
I:CX40PI,OMX Copenhagen Consumer Discretionary PI,indices,us,True,NasdaqGIDS
I:CX451010GI,OMX Copenhagen Beverages GI,indices,us,True,NasdaqGIDS
I:CX451010PI,OMX Copenhagen Beverages PI,indices,us,True,NasdaqGIDS
I:CX451020GI,OMX Copenhagen Food Producers GI,indices,us,True,NasdaqGIDS
I:CX451020PI,OMX Copenhagen Food Producers PI,indices,us,True,NasdaqGIDS
I:CX451030GI,OMX Copenhagen Tobacco GI,indices,us,True,NasdaqGIDS
I:CX451030PI,OMX Copenhagen Tobacco PI,indices,us,True,NasdaqGIDS
I:CX4510GI,"OMX Copenhagen Food, Beverage and Tobacco  GI",indices,us,True,NasdaqGIDS
I:CX4510PI,"OMX Copenhagen Food, Beverage and Tobacco  PI",indices,us,True,NasdaqGIDS
I:CX45GI,OMX Copenhagen Consumer Staples GI,indices,us,True,NasdaqGIDS
I:CX45PI,OMX Copenhagen Consumer Staples PI,indices,us,True,NasdaqGIDS
I:CX5010GI,OMX Copenhagen Construction and Materials GI,indices,us,True,NasdaqGIDS
I:CX5010PI,OMX Copenhagen Construction and Materials PI,indices,us,True,NasdaqGIDS
I:CX502020GI,OMX Copenhagen Electronic and Electrical Equipment GI,indices,us,True,NasdaqGIDS
I:CX502020PI,OMX Copenhagen Electronic and Electrical Equipment PI,indices,us,True,NasdaqGIDS
I:CX502030GI,OMX Copenhagen General Industrials GI,indices,us,True,NasdaqGIDS
I:CX502030PI,OMX Copenhagen General Industrials PI,indices,us,True,NasdaqGIDS
I:CX502040GI,OMX Copenhagen Industrial Engineering GI,indices,us,True,NasdaqGIDS
I:CX502040PI,OMX Copenhagen Industrial Engineering PI,indices,us,True,NasdaqGIDS
I:CX502050GI,OMX Copenhagen Industrial Support Services GI,indices,us,True,NasdaqGIDS
I:CX502050PI,OMX Copenhagen Industrial Support Services PI,indices,us,True,NasdaqGIDS
I:CX502060GI,OMX Copenhagen Industrial Transportation GI,indices,us,True,NasdaqGIDS
I:CX502060PI,OMX Copenhagen Industrial Transportation PI,indices,us,True,NasdaqGIDS
I:CX5020GI,OMX Copenhagen Industrial Goods and Services GI,indices,us,True,NasdaqGIDS
I:CX5020PI,OMX Copenhagen Industrial Goods and Services PI,indices,us,True,NasdaqGIDS
I:CX50GI,OMX Copenhagen Industrials GI,indices,us,True,NasdaqGIDS
I:CX50PI,OMX Copenhagen Industrials PI,indices,us,True,NasdaqGIDS
I:CX5520GI,OMX Copenhagen Chemicals GI,indices,us,True,NasdaqGIDS
I:CX5520PI,OMX Copenhagen Chemicals PI,indices,us,True,NasdaqGIDS
I:CX601010GI,"OMX Copenhagen Oil, Gas and Coal GI",indices,us,True,NasdaqGIDS
I:CX601010PI,"OMX Copenhagen Oil, Gas and Coal PI",indices,us,True,NasdaqGIDS
I:CX601020GI,OMX Copenhagen Alternative Energy GI,indices,us,True,NasdaqGIDS
I:CX601020PI,OMX Copenhagen Alternative Energy PI,indices,us,True,NasdaqGIDS
I:CX60GI,OMX Copenhagen Energy GI,indices,us,True,NasdaqGIDS
I:CX60PI,OMX Copenhagen Energy PI,indices,us,True,NasdaqGIDS
I:CX651010GI,OMX Copenhagen Electricity GI,indices,us,True,NasdaqGIDS
I:CX651010PI,OMX Copenhagen Electricity PI,indices,us,True,NasdaqGIDS
I:CX65GI,OMX Copenhagen Utilities GI,indices,us,True,NasdaqGIDS
I:CX65PI,OMX Copenhagen Utilities PI,indices,us,True,NasdaqGIDS
I:DAA,NASDAQ US Broad Dividend Achievers Index,indices,us,True,NasdaqGIDS
I:DAACAD,Nasdaq US Broad Dividend Achievers CAD,indices,us,True,NasdaqGIDS
I:DAACADMH,DAACAD Monthly Currency Hedged,indices,us,True,NasdaqGIDS
I:DAACADNTR,Nasdaq US Broad Dividend Achievers CAD NTR,indices,us,True,NasdaqGIDS
I:DAACADNTRMH,DAACADNTR Monthly Currency Hedged,indices,us,True,NasdaqGIDS
I:DAACADTR,Nasdaq US Broad Dividend Achievers CAD TR,indices,us,True,NasdaqGIDS
I:DAACADTRMH,DAACADTR Monthly Currency Hedged,indices,us,True,NasdaqGIDS
I:DAANTR,Nasdaq US Broad Dividend Achievers NTR,indices,us,True,NasdaqGIDS
I:DAATR,NASDAQ US Broad Dividend Achievers Index TR,indices,us,True,NasdaqGIDS
I:DAAXJP,NASDAQ Asia ex Japan Dividend Achievers,indices,us,True,NasdaqGIDS
I:DAAXJPHKD,NASDAQ Asia ex Japan Dividend Achievers HKD,indices,us,True,NasdaqGIDS
I:DAAXJPHKDN,NASDAQ Asia ex Japan Dividend Achievers HKD NTR,indices,us,True,NasdaqGIDS
I:DAAXJPHKDT,NASDAQ Asia ex Japan Dividend Achievers HKD TR,indices,us,True,NasdaqGIDS
I:DAAXJPN,NASDAQ Asia ex Japan Dividend Achievers NTR,indices,us,True,NasdaqGIDS
I:DAAXJPT,NASDAQ Asia ex Japan Dividend Achievers TR,indices,us,True,NasdaqGIDS
I:DAAXMLPREIT,Nasdaq US Broad Div Achievers Ex-MLP & REIT Index,indices,us,True,NasdaqGIDS
I:DAAXMLPREITTR,Nasdaq US Broad Div Achievers Ex-MLP & REIT TR,indices,us,True,NasdaqGIDS
I:DACA,NASDAQ Broad Canadian Dividend Achievers Index,indices,us,True,NasdaqGIDS
I:DACATR,NASDAQ Broad Canadian Dividend Achievers Index TR,indices,us,True,NasdaqGIDS
I:DASH100,Cboe 100 Dash / US Dollar RealPrice Index,indices,us,True,CboeGlobalIndicesCCCY
I:DASH10RP,Cboe 10 Dash / US Dollar RealPrice Index,indices,us,True,CboeGlobalIndicesCCCY
I:DASH20RP,Cboe 20 Dash / US Dollar RealPrice Index,indices,us,True,CboeGlobalIndicesCCCY
I:DASH50RP,Cboe 50 Dash / US Dollar RealPrice Index,indices,us,True,CboeGlobalIndicesCCCY
I:DASH5RP,Cboe 5 Dash / US Dollar RealPrice Index,indices,us,True,CboeGlobalIndicesCCCY
I:DAT,NASDAQ International Dividend Achievers Index,indices,us,True,NasdaqGIDS
I:DATIV,PROSHARES BIG DATA REFINERS ETF,indices,us,True,CboeGlobalIndicesINAV
I:DATNTR,NASDAQ International Dividend Achievers NTR,indices,us,True,NasdaqGIDS
I:DATTR,NASDAQ International Dividend Achievers Index TR,indices,us,True,NasdaqGIDS
I:DAY,NASDAQ US Dividend Achievers 50 Index,indices,us,True,NasdaqGIDS
I:DAYTR,NASDAQ US Dividend Achievers 50 Index TR,indices,us,True,NasdaqGIDS
I:DC1ICLEP,Dow Jones Commodity Index Inverse Crude Oil Enhanced ER,indices,us,True,CMEMarketDataPlatformDowJones
I:DC1ICLET,Dow Jones Commodity Index Inverse Crude Oil Enhanced TR,indices,us,True,CMEMarketDataPlatformDowJones
I:DC2LCLEP,Dow Jones Commodity Index 2X Leverage Crude Oil Enhanced ER,indices,us,True,CMEMarketDataPlatformDowJones
I:DC2LCLET,Dow Jones Commodity Index 2X Leverage Crude Oil Enhanced TR,indices,us,True,CMEMarketDataPlatformDowJones
I:DDMIV,PROSHARES ULTRA DOW30 ETF,indices,us,True,CboeGlobalIndicesINAV
I:DECTIV,AllianzIM U.S. Large Cap Buffer10 Dec ETF Intraday Indicative Value,indices,us,True,CboeGlobalIndicesINAV
I:DECWIV,AllianzIM U.S. Large Cap Buffer20 Dec ETF Intraday Indicative Value,indices,us,True,CboeGlobalIndicesINAV
I:DECZIV,TrueShares Structured Outcome (December) ETF Intraday Indicative Value,indices,us,True,CboeGlobalIndicesINAV
I:DEDOW,Dow Jones Germany Index,indices,us,True,CMEMarketDataPlatformDowJones
I:DEDOWD,Dow Jones Germany Index (USD),indices,us,True,CMEMarketDataPlatformDowJones
I:DIGIV,PROSHARES ULTRA OIL & GAS ETF,indices,us,True,CboeGlobalIndicesINAV
I:DJAFK,Dow Jones Africa Titans 50 Index,indices,us,True,CMEMarketDataPlatformDowJones
I:DJAP25,Dow Jones Islamic Market Asia/Pacific Titans 25 Index,indices,us,True,CMEMarketDataPlatformDowJones
I:DJAPSD,Dow Jones Asia/Pacific Select Dividend 50 Index,indices,us,True,CMEMarketDataPlatformDowJones
I:DJAPSDE,Dow Jones Asia/Pacific Select Dividend 50 Index (EUR),indices,us,True,CMEMarketDataPlatformDowJones
I:DJASD,Dow Jones Asia Select Dividend 30 Index (USD),indices,us,True,CMEMarketDataPlatformDowJones
I:DJASDE,Dow Jones Asia Select Dividend 30 Index (EUR),indices,us,True,CMEMarketDataPlatformDowJones
I:DJAT,Dow Jones Asian Titans 50 Index (USD),indices,us,True,CMEMarketDataPlatformDowJones
I:DJAU,Dow Jones Australia Index,indices,us,True,CMEMarketDataPlatformDowJones
I:DJAUL,Dow Jones Australia Large-Cap Index,indices,us,True,CMEMarketDataPlatformDowJones
I:DJAUM,Dow Jones Australia Mid-Cap Index,indices,us,True,CMEMarketDataPlatformDowJones
I:DJAUS,Dow Jones Australia Small-Cap Index,indices,us,True,CMEMarketDataPlatformDowJones
I:DJBGGIEN,Dow Jones Brookfield Global Gre,indices,us,True,CMEMarketDataPlatformDowJones
I:DJBGGIEP,Dow Jones Brookfield Global Gre,indices,us,True,CMEMarketDataPlatformDowJones
I:DJBGGIET,Dow Jones Brookfield Global Gre,indices,us,True,CMEMarketDataPlatformDowJones
I:DJBGGIUN,Dow Jones Brookfield Global Gre,indices,us,True,CMEMarketDataPlatformDowJones
I:DJBGGIUP,Dow Jones Brookfield Global Gre,indices,us,True,CMEMarketDataPlatformDowJones
I:DJBGGIUT,Dow Jones Brookfield Global Gre,indices,us,True,CMEMarketDataPlatformDowJones
I:DJBGI,Dow Jones Brookfield Global Infrastructure Index (USD),indices,us,True,CMEMarketDataPlatformDowJones
I:DJBGICT,Dow Jones Brookfield Global Infrastructure Total Return Index (CAD),indices,us,True,CMEMarketDataPlatformDowJones
I:DJBGICU,Dow Jones Brookfield Global Infrastructure Composite Index (USD),indices,us,True,CMEMarketDataPlatformDowJones
I:DJBGIE,Dow Jones Brookfield Global Infrastructure Index (EUR),indices,us,True,CMEMarketDataPlatformDowJones
I:DJBGINAC,Dow Jones Brookfield Global Infrastructure North American Listed Index (CAD),indices,us,True,CMEMarketDataPlatformDowJones
I:DJBGIPEN,Dow Jones Brookfield Global Inf,indices,us,True,CMEMarketDataPlatformDowJones
I:DJBGIPEP,Dow Jones Brookfield Global Inf,indices,us,True,CMEMarketDataPlatformDowJones
I:DJBGIPET,Dow Jones Brookfield Global Inf,indices,us,True,CMEMarketDataPlatformDowJones
I:DJBGIPUN,Dow Jones Brookfield Global Inf,indices,us,True,CMEMarketDataPlatformDowJones
I:DJBGIPUP,Dow Jones Brookfield Global Inf,indices,us,True,CMEMarketDataPlatformDowJones
I:DJBGIPUT,Dow Jones Brookfield Global Inf,indices,us,True,CMEMarketDataPlatformDowJones
I:DJBGIT,Dow Jones Brookfield Global Infrastructure Total Return Index (USD),indices,us,True,CMEMarketDataPlatformDowJones
I:DJBGIY,Dow Jones Brookfield Global Infrastructure Composite Yield Index (USD),indices,us,True,CMEMarketDataPlatformDowJones
I:DJBICEEN,Dow Jones Brookfield Global Infrastructure Net Zero 2050 Climate Transition ESG Index (EUR) NTR,indices,us,True,CMEMarketDataPlatformDowJones
I:DJBICEEP,Dow Jones Brookfield Global Infrastructure Net Zero 2050 Climate Transition ESG Index (EUR),indices,us,True,CMEMarketDataPlatformDowJones
I:DJBICEET,Dow Jones Brookfield Global Infrastructure Net Zero 2050 Climate Transition ESG Index (EUR) TR,indices,us,True,CMEMarketDataPlatformDowJones
I:DJBICEUN,Dow Jones Brookfield Global Infrastructure Net Zero 2050 Climate Transition ESG Index (USD) NTR,indices,us,True,CMEMarketDataPlatformDowJones
I:DJBICEUP,Dow Jones Brookfield Global Infrastructure Net Zero 2050 Climate Transition ESG Index (USD),indices,us,True,CMEMarketDataPlatformDowJones
I:DJBICEUT,Dow Jones Brookfield Global Infrastructure Net Zero 2050 Climate Transition ESG Index (USD) TR,indices,us,True,CMEMarketDataPlatformDowJones
I:DJBIEM,Dow Jones Brookfield Emerging Markets Infrastructure Index (USD),indices,us,True,CMEMarketDataPlatformDowJones
I:DJBIEME,Dow Jones Brookfield Emerging Markets Infrastructure Index (EUR),indices,us,True,CMEMarketDataPlatformDowJones
I:DJBNACN,Dow Jones Brookfield North Amer,indices,us,True,CMEMarketDataPlatformDowJones
I:DJBNACP,Dow Jones Brookfield North Amer,indices,us,True,CMEMarketDataPlatformDowJones
I:DJBNACT,Dow Jones Brookfield North Amer,indices,us,True,CMEMarketDataPlatformDowJones
I:DJBNALN,Dow Jones Brookfield North Amer,indices,us,True,CMEMarketDataPlatformDowJones
I:DJBNALP,Dow Jones Brookfield North Amer,indices,us,True,CMEMarketDataPlatformDowJones
I:DJBNALT,Dow Jones Brookfield North Amer,indices,us,True,CMEMarketDataPlatformDowJones
I:DJC,Dow Jones Composite Average,indices,us,True,CMEMarketDataPlatformDowJones
I:DJC2IBRP,Dow Jones Commodity Index 2X Inverse Brent Crude ER,indices,us,True,CMEMarketDataPlatformDowJones
I:DJC2IBRT,Dow Jones Commodity Index 2X Inverse Brent Crude TR,indices,us,True,CMEMarketDataPlatformDowJones
I:DJC2ICLP,Dow Jones Commodity Index 2X Inverse Crude Oil ER,indices,us,True,CMEMarketDataPlatformDowJones
I:DJC2ICLT,Dow Jones Commodity Index 2X Inverse Crude Oil TR,indices,us,True,CMEMarketDataPlatformDowJones
I:DJC2IGCP,Dow Jones Commodity Index 2X Inverse Gold ER,indices,us,True,CMEMarketDataPlatformDowJones
I:DJC2IGCT,Dow Jones Commodity Index 2X Inverse Gold TR,indices,us,True,CMEMarketDataPlatformDowJones
I:DJC2IHGP,Dow Jones Commodity Index 2X Inverse North American Copper ER,indices,us,True,CMEMarketDataPlatformDowJones
I:DJC2IHGT,Dow Jones Commodity Index 2X Inverse North American Copper TR,indices,us,True,CMEMarketDataPlatformDowJones
I:DJC2ISIP,Dow Jones Commodity Index 2X Inverse Silver ER,indices,us,True,CMEMarketDataPlatformDowJones
I:DJC2ISIT,Dow Jones Commodity Index 2X Inverse Silver TR,indices,us,True,CMEMarketDataPlatformDowJones
I:DJC2LBRP,Dow Jones Commodity Index 2X Leverage Brent Crude ER,indices,us,True,CMEMarketDataPlatformDowJones
I:DJC2LBRT,Dow Jones Commodity Index 2X Leverage Brent Crude TR,indices,us,True,CMEMarketDataPlatformDowJones
I:DJC2LCLP,Dow Jones Commodity Index 2X Leverage Crude Oil ER,indices,us,True,CMEMarketDataPlatformDowJones
I:DJC2LCLT,Dow Jones Commodity Index 2X Leverage Crude Oil TR,indices,us,True,CMEMarketDataPlatformDowJones
I:DJC2LGCP,Dow Jones Commodity Index 2X Leverage Gold ER,indices,us,True,CMEMarketDataPlatformDowJones
I:DJC2LGCT,Dow Jones Commodity Index 2X Leverage Gold TR,indices,us,True,CMEMarketDataPlatformDowJones
I:DJC2LHGP,Dow Jones Commodity Index 2X Leverage North American Copper ER,indices,us,True,CMEMarketDataPlatformDowJones
I:DJC2LHGT,Dow Jones Commodity Index 2X Leverage North American Copper TR,indices,us,True,CMEMarketDataPlatformDowJones
I:DJC2LSIP,Dow Jones Commodity Index 2X Leverage Silver ER,indices,us,True,CMEMarketDataPlatformDowJones
I:DJC2LSIT,Dow Jones Commodity Index 2X Leverage Silver TR,indices,us,True,CMEMarketDataPlatformDowJones
I:DJCASD,Dow Jones Canada Select Dividend Index,indices,us,True,CMEMarketDataPlatformDowJones
I:DJCASG,Dow Jones Canada Select Growth Index,indices,us,True,CMEMarketDataPlatformDowJones
I:DJCASV,Dow Jones Canada Select Value Index,indices,us,True,CMEMarketDataPlatformDowJones
I:DJCCN1IP,Dow Jones Commodity Index Corn 1x Inverse Daily ER,indices,us,True,CMEMarketDataPlatformDowJones
I:DJCCN1IT,Dow Jones Commodity Index Corn 1x Inverse Daily TR,indices,us,True,CMEMarketDataPlatformDowJones
I:DJCCN2IP,Dow Jones Commodity Index Corn 2x Inverse Daily ER,indices,us,True,CMEMarketDataPlatformDowJones
I:DJCCN2IT,Dow Jones Commodity Index Corn 2x Inverse Daily TR,indices,us,True,CMEMarketDataPlatformDowJones
I:DJCCN2LP,Dow Jones Commodity Index Corn 2x Leveraged Daily ER,indices,us,True,CMEMarketDataPlatformDowJones
I:DJCCN2LT,Dow Jones Commodity Index Corn 2x Leveraged Daily TR,indices,us,True,CMEMarketDataPlatformDowJones
I:DJCHINA,Dow Jones China Broad Market Index,indices,us,True,CMEMarketDataPlatformDowJones
I:DJCHN88,Dow Jones China 88 Index,indices,us,True,CMEMarketDataPlatformDowJones
I:DJCHOS50,Dow Jones China Offshore 50 Ind,indices,us,True,CMEMarketDataPlatformDowJones
I:DJCI,Dow Jones Commodity Index,indices,us,True,CMEMarketDataPlatformDowJones
I:DJCIA1IT,Dow Jones Commodity Index Aluminum Inverse TR,indices,us,True,CMEMarketDataPlatformDowJones
I:DJCIA2IT,Dow Jones Commodity Index Aluminum 2X Inverse TR,indices,us,True,CMEMarketDataPlatformDowJones
I:DJCIA2LT,Dow Jones Commodity Index Aluminum 2X Leveraged TR,indices,us,True,CMEMarketDataPlatformDowJones
I:DJCIAC,Dow Jones Commodity Index All Cattle,indices,us,True,CMEMarketDataPlatformDowJones
I:DJCIACP,Dow Jones Commodity Index All Cattle ER,indices,us,True,CMEMarketDataPlatformDowJones
I:DJCIACT,Dow Jones Commodity Index All Cattle TR,indices,us,True,CMEMarketDataPlatformDowJones
I:DJCIAW,Dow Jones Commodity Index All Wheat,indices,us,True,CMEMarketDataPlatformDowJones
I:DJCIAWP,Dow Jones Commodity Index All Wheat ER,indices,us,True,CMEMarketDataPlatformDowJones
I:DJCIAWT,Dow Jones Commodity Index All Wheat TR,indices,us,True,CMEMarketDataPlatformDowJones
I:DJCIBR,Dow Jones Commodity Index Brent Crude,indices,us,True,CMEMarketDataPlatformDowJones
I:DJCIBRP,Dow Jones Commodity Index Brent Crude ER,indices,us,True,CMEMarketDataPlatformDowJones
I:DJCIBRT,Dow Jones Commodity Index Brent Crude TR,indices,us,True,CMEMarketDataPlatformDowJones
I:DJCIC2IT,Dow Jones Commodity Index Copper 2X Inverse TR,indices,us,True,CMEMarketDataPlatformDowJones
I:DJCIC2LT,Dow Jones Commodity Index Copper 2X Leveraged TR,indices,us,True,CMEMarketDataPlatformDowJones
I:DJCICC,Dow Jones Commodity Index Cocoa,indices,us,True,CMEMarketDataPlatformDowJones
I:DJCICCP,Dow Jones Commodity Index Cocoa ER,indices,us,True,CMEMarketDataPlatformDowJones
I:DJCICCT,Dow Jones Commodity Index Cocoa TR,indices,us,True,CMEMarketDataPlatformDowJones
I:DJCICL,Dow Jones Commodity Index Crude Oil,indices,us,True,CMEMarketDataPlatformDowJones
I:DJCICLP,Dow Jones Commodity Index Crude Oil ER,indices,us,True,CMEMarketDataPlatformDowJones
I:DJCICLT,Dow Jones Commodity Index Crude Oil TR,indices,us,True,CMEMarketDataPlatformDowJones
I:DJCICN,Dow Jones Commodity Index Corn,indices,us,True,CMEMarketDataPlatformDowJones
I:DJCICNP,Dow Jones Commodity Index Corn ER,indices,us,True,CMEMarketDataPlatformDowJones
I:DJCICNT,Dow Jones Commodity Index Corn TR,indices,us,True,CMEMarketDataPlatformDowJones
I:DJCICT,Dow Jones Commodity Index Cotton,indices,us,True,CMEMarketDataPlatformDowJones
I:DJCICTP,Dow Jones Commodity Index Cotton ER,indices,us,True,CMEMarketDataPlatformDowJones
I:DJCICTT,Dow Jones Commodity Index Cotton TR,indices,us,True,CMEMarketDataPlatformDowJones
I:DJCIECLP,Dow Jones Commodity Index Crude Oil Enhanced ER,indices,us,True,CMEMarketDataPlatformDowJones
I:DJCIECLT,Dow Jones Commodity Index Crude Oil Enhanced TR,indices,us,True,CMEMarketDataPlatformDowJones
I:DJCIEN,Dow Jones Commodity Index Energy,indices,us,True,CMEMarketDataPlatformDowJones
I:DJCIENP,Dow Jones Commodity Index Energy ER,indices,us,True,CMEMarketDataPlatformDowJones
I:DJCIENT,Dow Jones Commodity Index Energy TR,indices,us,True,CMEMarketDataPlatformDowJones
I:DJCIFC,Dow Jones Commodity Index Feeder Cattle,indices,us,True,CMEMarketDataPlatformDowJones
I:DJCIFCP,Dow Jones Commodity Index Feeder Cattle ER,indices,us,True,CMEMarketDataPlatformDowJones
I:DJCIFCT,Dow Jones Commodity Index Feeder Cattle TR,indices,us,True,CMEMarketDataPlatformDowJones
I:DJCIGC,Dow Jones Commodity Index Gold,indices,us,True,CMEMarketDataPlatformDowJones
I:DJCIGCP,Dow Jones Commodity Index Gold ER,indices,us,True,CMEMarketDataPlatformDowJones
I:DJCIGCT,Dow Jones Commodity Index Gold TR,indices,us,True,CMEMarketDataPlatformDowJones
I:DJCIGR,Dow Jones Commodity Index Grains,indices,us,True,CMEMarketDataPlatformDowJones
I:DJCIGRP,Dow Jones Commodity Index Grains ER,indices,us,True,CMEMarketDataPlatformDowJones
I:DJCIGRT,Dow Jones Commodity Index Grains TR,indices,us,True,CMEMarketDataPlatformDowJones
I:DJCIHG,Dow Jones Commodity Index North American Copper,indices,us,True,CMEMarketDataPlatformDowJones
I:DJCIHGP,Dow Jones Commodity Index North American Copper ER,indices,us,True,CMEMarketDataPlatformDowJones
I:DJCIHGT,Dow Jones Commodity Index North American Copper TR,indices,us,True,CMEMarketDataPlatformDowJones
I:DJCIHO,Dow Jones Commodity Index Heating Oil,indices,us,True,CMEMarketDataPlatformDowJones
I:DJCIHOP,Dow Jones Commodity Index Heating Oil ER,indices,us,True,CMEMarketDataPlatformDowJones
I:DJCIHOT,Dow Jones Commodity Index Heating Oil TR,indices,us,True,CMEMarketDataPlatformDowJones
I:DJCIIA,Dow Jones Commodity Index Aluminum,indices,us,True,CMEMarketDataPlatformDowJones
I:DJCIIAP,Dow Jones Commodity Index Aluminum ER,indices,us,True,CMEMarketDataPlatformDowJones
I:DJCIIAT,Dow Jones Commodity Index Aluminum TR,indices,us,True,CMEMarketDataPlatformDowJones
I:DJCIIBRP,Dow Jones Commodity Index Inverse Brent Crude ER,indices,us,True,CMEMarketDataPlatformDowJones
I:DJCIIBRT,Dow Jones Commodity Index Inverse Brent Crude TR,indices,us,True,CMEMarketDataPlatformDowJones
I:DJCIIC,Dow Jones Commodity Index Copper,indices,us,True,CMEMarketDataPlatformDowJones
I:DJCIICLP,Dow Jones Commodity Index Crude Oil Inverse (USD) ER,indices,us,True,CMEMarketDataPlatformDowJones
I:DJCIICLT,Dow Jones Commodity Index Crude Oil Inverse (USD) TR,indices,us,True,CMEMarketDataPlatformDowJones
I:DJCIICP,Dow Jones Commodity Index Copper ER,indices,us,True,CMEMarketDataPlatformDowJones
I:DJCIICT,Dow Jones Commodity Index Copper TR,indices,us,True,CMEMarketDataPlatformDowJones
I:DJCIIGCP,Dow Jones Commodity Index Inverse Gold ER,indices,us,True,CMEMarketDataPlatformDowJones
I:DJCIIGCT,Dow Jones Commodity Index Inverse Gold TR,indices,us,True,CMEMarketDataPlatformDowJones
I:DJCIIHGP,Dow Jones Commodity Index Inverse North American Copper ER,indices,us,True,CMEMarketDataPlatformDowJones
I:DJCIIHGT,Dow Jones Commodity Index Inverse North American Copper TR,indices,us,True,CMEMarketDataPlatformDowJones
I:DJCIIK,Dow Jones Commodity Index Nickel,indices,us,True,CMEMarketDataPlatformDowJones
I:DJCIIKP,Dow Jones Commodity Index Nickel ER,indices,us,True,CMEMarketDataPlatformDowJones
I:DJCIIKT,Dow Jones Commodity Index Nickel TR,indices,us,True,CMEMarketDataPlatformDowJones
I:DJCIIL,Dow Jones Commodity Index Lead,indices,us,True,CMEMarketDataPlatformDowJones
I:DJCIILP,Dow Jones Commodity Index Lead ER,indices,us,True,CMEMarketDataPlatformDowJones
I:DJCIILT,Dow Jones Commodity Index Lead TR,indices,us,True,CMEMarketDataPlatformDowJones
I:DJCIIM,Dow Jones Commodity Index Industrial Metals,indices,us,True,CMEMarketDataPlatformDowJones
I:DJCIIMP,Dow Jones Commodity Index Industrial Metals ER,indices,us,True,CMEMarketDataPlatformDowJones
I:DJCIIMT,Dow Jones Commodity Index Industrial Metals TR,indices,us,True,CMEMarketDataPlatformDowJones
I:DJCIISIP,Dow Jones Commodity Index Inverse Silver ER,indices,us,True,CMEMarketDataPlatformDowJones
I:DJCIISIT,Dow Jones Commodity Index Inverse Silver TR,indices,us,True,CMEMarketDataPlatformDowJones
I:DJCIIZ,Dow Jones Commodity Index Zinc,indices,us,True,CMEMarketDataPlatformDowJones
I:DJCIIZP,Dow Jones Commodity Index Zinc ER,indices,us,True,CMEMarketDataPlatformDowJones
I:DJCIIZT,Dow Jones Commodity Index Zinc TR,indices,us,True,CMEMarketDataPlatformDowJones
I:DJCIK2IT,Dow Jones Commodity Index Nickel 2X Inverse TR,indices,us,True,CMEMarketDataPlatformDowJones
I:DJCIK2LT,Dow Jones Commodity Index Nickel 2X Leveraged TR,indices,us,True,CMEMarketDataPlatformDowJones
I:DJCIKC,Dow Jones Commodity Index Coffee,indices,us,True,CMEMarketDataPlatformDowJones
I:DJCIKCP,Dow Jones Commodity Index Coffee ER,indices,us,True,CMEMarketDataPlatformDowJones
I:DJCIKCT,Dow Jones Commodity Index Coffee TR,indices,us,True,CMEMarketDataPlatformDowJones
I:DJCIKW,Dow Jones Commodity Index Kansas Wheat,indices,us,True,CMEMarketDataPlatformDowJones
I:DJCIKWP,Dow Jones Commodity Index Kansas Wheat ER,indices,us,True,CMEMarketDataPlatformDowJones
I:DJCIKWT,Dow Jones Commodity Index Kansas Wheat TR,indices,us,True,CMEMarketDataPlatformDowJones
I:DJCILC,Dow Jones Commodity Index Live Cattle,indices,us,True,CMEMarketDataPlatformDowJones
I:DJCILCP,Dow Jones Commodity Index Live Cattle ER,indices,us,True,CMEMarketDataPlatformDowJones
I:DJCILCT,Dow Jones Commodity Index Live Cattle TR,indices,us,True,CMEMarketDataPlatformDowJones
I:DJCILH,Dow Jones Commodity Index Lean Hogs,indices,us,True,CMEMarketDataPlatformDowJones
I:DJCILHP,Dow Jones Commodity Index Lean Hogs ER,indices,us,True,CMEMarketDataPlatformDowJones
I:DJCILHT,Dow Jones Commodity Index Lean Hogs TR,indices,us,True,CMEMarketDataPlatformDowJones
I:DJCILV,Dow Jones Commodity Index Livestock,indices,us,True,CMEMarketDataPlatformDowJones
I:DJCILVP,Dow Jones Commodity Index Livestock ER,indices,us,True,CMEMarketDataPlatformDowJones
I:DJCILVT,Dow Jones Commodity Index Livestock TR,indices,us,True,CMEMarketDataPlatformDowJones
I:DJCING,Dow Jones Commodity Index Natural Gas,indices,us,True,CMEMarketDataPlatformDowJones
I:DJCINGP,Dow Jones Commodity Index Natural Gas ER,indices,us,True,CMEMarketDataPlatformDowJones
I:DJCINGT,Dow Jones Commodity Index Natural Gas TR,indices,us,True,CMEMarketDataPlatformDowJones
I:DJCIP,Dow Jones Commodity Index ER,indices,us,True,CMEMarketDataPlatformDowJones
I:DJCIP2IT,Dow Jones Commodity Index Platinum 2X Inverse (USD) TR,indices,us,True,CMEMarketDataPlatformDowJones
I:DJCIP2LT,Dow Jones Commodity Index Platinum 2X Leveraged (USD) TR,indices,us,True,CMEMarketDataPlatformDowJones
I:DJCIPM,Dow Jones Commodity Index Precious Metals,indices,us,True,CMEMarketDataPlatformDowJones
I:DJCIPMP,Dow Jones Commodity Index Precious Metals ER,indices,us,True,CMEMarketDataPlatformDowJones
I:DJCIPMT,Dow Jones Commodity Index Precious Metals TR,indices,us,True,CMEMarketDataPlatformDowJones
I:DJCIPT,Dow Jones Commodity Index Petroleum,indices,us,True,CMEMarketDataPlatformDowJones
I:DJCIPTP,Dow Jones Commodity Index Petroleum ER,indices,us,True,CMEMarketDataPlatformDowJones
I:DJCIPTT,Dow Jones Commodity Index Petroleum TR,indices,us,True,CMEMarketDataPlatformDowJones
I:DJCIRB,Dow Jones Commodity Index Unleaded Gasoline,indices,us,True,CMEMarketDataPlatformDowJones
I:DJCIRBP,Dow Jones Commodity Index Unleaded Gasoline ER,indices,us,True,CMEMarketDataPlatformDowJones
I:DJCIRBT,Dow Jones Commodity Index Unleaded Gasoline TR,indices,us,True,CMEMarketDataPlatformDowJones
I:DJCISB,Dow Jones Commodity Index Sugar,indices,us,True,CMEMarketDataPlatformDowJones
I:DJCISBP,Dow Jones Commodity Index Sugar ER,indices,us,True,CMEMarketDataPlatformDowJones
I:DJCISBT,Dow Jones Commodity Index Sugar TR,indices,us,True,CMEMarketDataPlatformDowJones
I:DJCISF,Dow Jones Commodity Index Softs,indices,us,True,CMEMarketDataPlatformDowJones
I:DJCISFP,Dow Jones Commodity Index Softs ER,indices,us,True,CMEMarketDataPlatformDowJones
I:DJCISFT,Dow Jones Commodity Index Softs TR,indices,us,True,CMEMarketDataPlatformDowJones
I:DJCISI,Dow Jones Commodity Index Silver,indices,us,True,CMEMarketDataPlatformDowJones
I:DJCISIP,Dow Jones Commodity Index Silver ER,indices,us,True,CMEMarketDataPlatformDowJones
I:DJCISIT,Dow Jones Commodity Index Silver TR,indices,us,True,CMEMarketDataPlatformDowJones
I:DJCISO,Dow Jones Commodity Index Soybeans,indices,us,True,CMEMarketDataPlatformDowJones
I:DJCISOP,Dow Jones Commodity Index Soybeans ER,indices,us,True,CMEMarketDataPlatformDowJones
I:DJCISOT,Dow Jones Commodity Index Soybeans TR,indices,us,True,CMEMarketDataPlatformDowJones
I:DJCIT,Dow Jones Commodity Index TR,indices,us,True,CMEMarketDataPlatformDowJones
I:DJCIWH,Dow Jones Commodity Index Wheat,indices,us,True,CMEMarketDataPlatformDowJones
I:DJCIWHP,Dow Jones Commodity Index Wheat ER,indices,us,True,CMEMarketDataPlatformDowJones
I:DJCIWHT,Dow Jones Commodity Index Wheat TR,indices,us,True,CMEMarketDataPlatformDowJones
I:DJCIZ2IT,Dow Jones Commodity Index Zinc 2X Inverse TR,indices,us,True,CMEMarketDataPlatformDowJones
I:DJCIZ2LT,Dow Jones Commodity Index Zinc 2X Leveraged TR,indices,us,True,CMEMarketDataPlatformDowJones
I:DJCMED,Dow Jones CME Spot FX$Index,indices,us,True,CMEMarketDataPlatformDowJones
I:DJCNG1IP,Dow Jones Commodity Index Natural Gas Inverse ER,indices,us,True,CMEMarketDataPlatformDowJones
I:DJCNG1IT,Dow Jones Commodity Index Natural Gas Inverse TR,indices,us,True,CMEMarketDataPlatformDowJones
I:DJCNG2IT,Dow Jones Commodity Index Natural Gas 2X Inverse TR,indices,us,True,CMEMarketDataPlatformDowJones
I:DJCNG2LT,Dow Jones Commodity Index Natural Gas 2X Leveraged TR,indices,us,True,CMEMarketDataPlatformDowJones
I:DJCOS50N,Dow Jones China Offshore 50 Total Return Net Index,indices,us,True,CMEMarketDataPlatformDowJones
I:DJCSO1IP,Dow Jones Commodity Index Soybeans Inverse ER,indices,us,True,CMEMarketDataPlatformDowJones
I:DJCSO1IT,Dow Jones Commodity Index Soybeans Inverse TR,indices,us,True,CMEMarketDataPlatformDowJones
I:DJCSO2IT,Dow Jones Commodity Index Soybeans 2X Inverse TR,indices,us,True,CMEMarketDataPlatformDowJones
I:DJCSO2LT,Dow Jones Commodity Index Soybeans 2X Leveraged TR,indices,us,True,CMEMarketDataPlatformDowJones
I:DJCTR,Dow Jones Composite Average TR,indices,us,True,CMEMarketDataPlatformDowJones
I:DJDGREEN,Dow Jones Developed Green Real,indices,us,True,CMEMarketDataPlatformDowJones
I:DJDGREEP,Dow Jones Developed Green Real,indices,us,True,CMEMarketDataPlatformDowJones
I:DJDGREET,Dow Jones Developed Green Real,indices,us,True,CMEMarketDataPlatformDowJones
I:DJDGREUN,Dow Jones Developed Green Real,indices,us,True,CMEMarketDataPlatformDowJones
I:DJDGREUP,Dow Jones Developed Green Real,indices,us,True,CMEMarketDataPlatformDowJones
I:DJDGREUT,Dow Jones Developed Green Real,indices,us,True,CMEMarketDataPlatformDowJones
I:DJDTD45C,,indices,us,True,CMEMarketDataPlatformDowJones
I:DJDVN,Dow Jones U.S. Select Dividend Net Total Return Index,indices,us,True,CMEMarketDataPlatformDowJones
I:DJDVP,Dow Jones U.S. Select Dividend Index,indices,us,True,CMEMarketDataPlatformDowJones
I:DJDVY,Dow Jones U.S. Select Dividend Total Return Index,indices,us,True,CMEMarketDataPlatformDowJones
I:DJDXAHAP,Dow Jones Developed Markets Ex-Australia Select RESI AUD Hedged,indices,us,True,CMEMarketDataPlatformDowJones
I:DJDXAHAT,Dow Jones Developed Markets Ex-Australia Select RESI AUD Hedged TR,indices,us,True,CMEMarketDataPlatformDowJones
I:DJDXAHUP,Dow Jones Developed Markets Ex-Australia Select RESI USD Hedged,indices,us,True,CMEMarketDataPlatformDowJones
I:DJDXAHUT,Dow Jones Developed Markets Ex-Australia Select RESI USD Hedged TR,indices,us,True,CMEMarketDataPlatformDowJones
I:DJDXARAN,Dow Jones Developed Markets Ex-Australia Select RESI (AUD) NTR,indices,us,True,CMEMarketDataPlatformDowJones
I:DJDXARAP,Dow Jones Developed Markets Ex-Australia Select RESI (AUD),indices,us,True,CMEMarketDataPlatformDowJones
I:DJDXARAT,Dow Jones Developed Markets Ex-Australia Select RESI (AUD) TR,indices,us,True,CMEMarketDataPlatformDowJones
I:DJDXARUN,Dow Jones Developed Markets Ex-Australia Select RESI (USD) NTR,indices,us,True,CMEMarketDataPlatformDowJones
I:DJDXARUP,Dow Jones Developed Markets Ex-Australia Select RESI (USD),indices,us,True,CMEMarketDataPlatformDowJones
I:DJDXARUT,Dow Jones Developed Markets Ex-Australia Select RESI (USD) TR,indices,us,True,CMEMarketDataPlatformDowJones
I:DJDXNA,Dow Jones Developed Markets ex-North America Index (USD),indices,us,True,CMEMarketDataPlatformDowJones
I:DJECOM,Dow Jones Internet Commerce Index,indices,us,True,CMEMarketDataPlatformDowJones
I:DJEMDIV,Dow Jones Emerging Markets Select Dividend Index (USD),indices,us,True,CMEMarketDataPlatformDowJones
I:DJEMDIVE,Dow Jones Emerging Markets Select Dividend Index (EUR),indices,us,True,CMEMarketDataPlatformDowJones
I:DJEPCSD,Dow Jones EPAC Select Dividend Index,indices,us,True,CMEMarketDataPlatformDowJones
I:DJERCUP,Dow Jones Equity All REIT Capped Index (USD),indices,us,True,CMEMarketDataPlatformDowJones
I:DJERCUT,Dow Jones Equity All REIT Capped Index (USD) TR,indices,us,True,CMEMarketDataPlatformDowJones
I:DJEU25,Dow Jones Islamic Market Europe Titans 25 Index,indices,us,True,CMEMarketDataPlatformDowJones
I:DJGALY,Dow Jones Global Alternative Yield Index,indices,us,True,CMEMarketDataPlatformDowJones
I:DJGALYT,Dow Jones Global Alternative Yield Total Return Index,indices,us,True,CMEMarketDataPlatformDowJones
I:DJGEQY,Dow Jones Global Equity Yield Index,indices,us,True,CMEMarketDataPlatformDowJones
I:DJGEQYT,Dow Jones Global Equity Yield Total Return Index,indices,us,True,CMEMarketDataPlatformDowJones
I:DJGREY,Dow Jones Global Real Estate Yield Index,indices,us,True,CMEMarketDataPlatformDowJones
I:DJGREYT,Dow Jones Global Real Estate Yield Total Return Index,indices,us,True,CMEMarketDataPlatformDowJones
I:DJGSD,Dow Jones Global Select Dividend Index,indices,us,True,CMEMarketDataPlatformDowJones
I:DJGSDC,Dow Jones Global Select Dividend Composite Index (USD),indices,us,True,CMEMarketDataPlatformDowJones
I:DJGSDCC,Dow Jones Global Select Dividend Composite Index (CAD),indices,us,True,CMEMarketDataPlatformDowJones
I:DJGSDCCN,Dow Jones Global Select Dividend Composite Net Total Return Index (CAD),indices,us,True,CMEMarketDataPlatformDowJones
I:DJGSDCH,Dow Jones Global Select Dividend Composite Index Canadian Dollar Hedged (CAD),indices,us,True,CMEMarketDataPlatformDowJones
I:DJGSDCHN,Dow Jones Global Select Dividend Composite Net Total Return Index Canadian Dollar Hedged (CAD),indices,us,True,CMEMarketDataPlatformDowJones
I:DJGSDCN,Dow Jones Global Select Dividend Composite Net Total Return Index (USD),indices,us,True,CMEMarketDataPlatformDowJones
I:DJGSP,Dow Jones Precious Metals Index,indices,us,True,CMEMarketDataPlatformDowJones
I:DJGSPT,Dow Jones Precious Metals Total Return Index,indices,us,True,CMEMarketDataPlatformDowJones
I:DJGT,Dow Jones Global Titans 50 Index (USD),indices,us,True,CMEMarketDataPlatformDowJones
I:DJGTE,Dow Jones Global Titans 50 Index (EUR),indices,us,True,CMEMarketDataPlatformDowJones
I:DJGXAHAP,Dow Jones Global Ex-Australia Select RESI AUD Hedged,indices,us,True,CMEMarketDataPlatformDowJones
I:DJGXAHAT,Dow Jones Global Ex-Australia Select RESI AUD Hedged TR,indices,us,True,CMEMarketDataPlatformDowJones
I:DJGXAHUP,Dow Jones Global Ex-Australia Select RESI USD Hedged,indices,us,True,CMEMarketDataPlatformDowJones
I:DJGXAHUT,Dow Jones Global Ex-Australia Select RESI USD Hedged TR,indices,us,True,CMEMarketDataPlatformDowJones
I:DJGXARAN,Dow Jones Global Ex-Australia Select RESI (AUD) NTR,indices,us,True,CMEMarketDataPlatformDowJones
I:DJGXARAP,Dow Jones Global Ex-Australia Select RESI (AUD),indices,us,True,CMEMarketDataPlatformDowJones
I:DJGXARAT,Dow Jones Global Ex-Australia Select RESI (AUD) TR,indices,us,True,CMEMarketDataPlatformDowJones
I:DJGXARUN,Dow Jones Global Ex-Australia Select RESI (USD) NTR,indices,us,True,CMEMarketDataPlatformDowJones
I:DJGXARUP,Dow Jones Global Ex-Australia Select RESI (USD),indices,us,True,CMEMarketDataPlatformDowJones
I:DJGXARUT,Dow Jones Global Ex-Australia Select RESI (USD) TR,indices,us,True,CMEMarketDataPlatformDowJones
I:DJGYLDT,Dow Jones Global Composite Yield Total Return Index,indices,us,True,CMEMarketDataPlatformDowJones
I:DJI,Dow Jones Industrial Average,indices,us,True,CMEMarketDataPlatformDowJones
I:DJI100X,Dow Jones Islamic Market International Titans 100 Index,indices,us,True,CMEMarketDataPlatformDowJones
I:DJI2MN,Dow Jones Industrial Average (2 Minute),indices,us,True,CMEMarketDataPlatformDowJones
I:DJIAFP,Dow Jones Industrial Average Fu,indices,us,True,CMEMarketDataPlatformDowJones
I:DJIAFT1I,Dow Jones Industrial Average Futures Inverse Daily Index (USD) TR,indices,us,True,CMEMarketDataPlatformDowJones
I:DJIAFT2I,Dow Jones Industrial Average Futures 2X Inverse Daily Index (USD) TR,indices,us,True,CMEMarketDataPlatformDowJones
I:DJIAFT2L,Dow Jones Industrial Average Futures 2X Leveraged Daily Index (USD) TR,indices,us,True,CMEMarketDataPlatformDowJones
I:DJIAFTR,Dow Jones Industrial Average Futures Index (USD) TR,indices,us,True,CMEMarketDataPlatformDowJones
I:DJIAP,Dow Jones Islamic Market Asia/Pacific Index,indices,us,True,CMEMarketDataPlatformDowJones
I:DJIAPL,Dow Jones Islamic Market Asia/Pacific Large-Cap Index,indices,us,True,CMEMarketDataPlatformDowJones
I:DJIAPM,Dow Jones Islamic Market Asia/Pacific Mid-Cap Index,indices,us,True,CMEMarketDataPlatformDowJones
I:DJIAPS,Dow Jones Islamic Market Asia/Pacific Small-Cap Index,indices,us,True,CMEMarketDataPlatformDowJones
I:DJIBSC,Dow Jones Islamic Market Basic Materials Index,indices,us,True,CMEMarketDataPlatformDowJones
I:DJIBSCT,Dow Jones Islamic Market Basic Materials Total Return Index,indices,us,True,CMEMarketDataPlatformDowJones
I:DJICA,Dow Jones Islamic Market Canada Index,indices,us,True,CMEMarketDataPlatformDowJones
I:DJICH1MN,Dow Jones Islamic Market China A 100 Index (MYR) NTR,indices,us,True,CMEMarketDataPlatformDowJones
I:DJICH1MP,Dow Jones Islamic Market China A 100 Index (MYR),indices,us,True,CMEMarketDataPlatformDowJones
I:DJICH1MT,Dow Jones Islamic Market China A 100 Index (MYR) TR,indices,us,True,CMEMarketDataPlatformDowJones
I:DJICYC,Dow Jones Islamic Market Consumer Services Index,indices,us,True,CMEMarketDataPlatformDowJones
I:DJIEMG,Dow Jones Islamic Market World Emerging Markets Index,indices,us,True,CMEMarketDataPlatformDowJones
I:DJIENE,Dow Jones Islamic Market Oil & Gas Index,indices,us,True,CMEMarketDataPlatformDowJones
I:DJIENET,Dow Jones Islamic Market Oil & Gas Total Return Index,indices,us,True,CMEMarketDataPlatformDowJones
I:DJIEU,Dow Jones Islamic Market Europe Index,indices,us,True,CMEMarketDataPlatformDowJones
I:DJIEUL,Dow Jones Islamic Market Europe Large-Cap Index,indices,us,True,CMEMarketDataPlatformDowJones
I:DJIEUM,Dow Jones Islamic Market Europe Mid-Cap Index,indices,us,True,CMEMarketDataPlatformDowJones
I:DJIEUS,Dow Jones Islamic Market Europe Small-Cap Index,indices,us,True,CMEMarketDataPlatformDowJones
I:DJIEW,Dow Jones Industrial Average Equal Weight Index (USD),indices,us,True,CMEMarketDataPlatformDowJones
I:DJIEWNTR,Dow Jones Industrial Average Equal Weight Index (USD) NTR,indices,us,True,CMEMarketDataPlatformDowJones
I:DJIEWTR,Dow Jones Industrial Average Equal Weight Index TR (USD),indices,us,True,CMEMarketDataPlatformDowJones
I:DJIEZ,Dow Jones Islamic Market Euro Index,indices,us,True,CMEMarketDataPlatformDowJones
I:DJIEZL,Dow Jones Islamic Market Euro Large-Cap Index,indices,us,True,CMEMarketDataPlatformDowJones
I:DJIEZM,Dow Jones Islamic Market Euro Mid-Cap Index,indices,us,True,CMEMarketDataPlatformDowJones
I:DJIEZS,Dow Jones Islamic Market Euro Small-Cap Index,indices,us,True,CMEMarketDataPlatformDowJones
I:DJIFIN,Dow Jones Islamic Market Financials Index,indices,us,True,CMEMarketDataPlatformDowJones
I:DJIGSD,Dow Jones Islamic Market Global Select Dividend Index (USD),indices,us,True,CMEMarketDataPlatformDowJones
I:DJIGSDT,Dow Jones Islamic Market Global Select Dividend Total Return Index (USD),indices,us,True,CMEMarketDataPlatformDowJones
I:DJIHCR,Dow Jones Islamic Market Health Care Index,indices,us,True,CMEMarketDataPlatformDowJones
I:DJIIDU,Dow Jones Islamic Market Industrials Index,indices,us,True,CMEMarketDataPlatformDowJones
I:DJIJP,Dow Jones Islamic Market Japan Index,indices,us,True,CMEMarketDataPlatformDowJones
I:DJILRG,Dow Jones Islamic Market World Large-Cap Index,indices,us,True,CMEMarketDataPlatformDowJones
I:DJILSCS,Dow Jones Israel Select Consumer Index,indices,us,True,CMEMarketDataPlatformDowJones
I:DJILSCST,Dow Jones Israel Select Consumer Total Return Index,indices,us,True,CMEMarketDataPlatformDowJones
I:DJILSHC,Dow Jones Israel Select Health Care Index,indices,us,True,CMEMarketDataPlatformDowJones
I:DJILSHCT,Dow Jones Israel Select Health Care Total Return Index,indices,us,True,CMEMarketDataPlatformDowJones
I:DJILSOG,Dow Jones Israel Select Oil & Gas Index,indices,us,True,CMEMarketDataPlatformDowJones
I:DJILSOGT,Dow Jones Israel Select Oil & Gas Total Return Index,indices,us,True,CMEMarketDataPlatformDowJones
I:DJIM,Dow Jones Islamic Market World Index,indices,us,True,CMEMarketDataPlatformDowJones
I:DJIMDXJ,Dow Jones Islamic Market Developed Markets ex Japan Index (USD),indices,us,True,CMEMarketDataPlatformDowJones
I:DJIMID,Dow Jones Islamic Market World Mid-Cap Index,indices,us,True,CMEMarketDataPlatformDowJones
I:DJIMIN,Dow Jones Islamic Market India Index (INR),indices,us,True,CMEMarketDataPlatformDowJones
I:DJIMIND,Dow Jones Islamic Market India Index (USD),indices,us,True,CMEMarketDataPlatformDowJones
I:DJIMKW,Dow Jones Islamic Market Kuwait Index,indices,us,True,CMEMarketDataPlatformDowJones
I:DJIMTR,Dow Jones Islamic Market Turkey Index,indices,us,True,CMEMarketDataPlatformDowJones
I:DJINCY,Dow Jones Islamic Market Consumer Goods Index,indices,us,True,CMEMarketDataPlatformDowJones
I:DJINET,Dow Jones Internet Composite Index,indices,us,True,CMEMarketDataPlatformDowJones
I:DJINETN,Dow Jones Internet Composite Net Total Return Index,indices,us,True,CMEMarketDataPlatformDowJones
I:DJINETT,Dow Jones Internet Composite Total Return Index,indices,us,True,CMEMarketDataPlatformDowJones
I:DJINR,Dow Jones Industrial Average NTR,indices,us,True,CMEMarketDataPlatformDowJones
I:DJINTCUN,Dow Jones International Internet Index (USD) NTR,indices,us,True,CMEMarketDataPlatformDowJones
I:DJINTCUP,Dow Jones International Internet Index (USD),indices,us,True,CMEMarketDataPlatformDowJones
I:DJINTCUT,Dow Jones International Internet Index (USD) TR,indices,us,True,CMEMarketDataPlatformDowJones
I:DJIP2,Dow Jones Islamic Market Asia/Pacific ex-Japan Index,indices,us,True,CMEMarketDataPlatformDowJones
I:DJIPICF,Dow Jones Industrial Average Inverse Carry-Free Daily Index (USD),indices,us,True,CMEMarketDataPlatformDowJones
I:DJIPICFH,Dow Jones Industrial Average Inverse Carry-Free Daily Index (HKD),indices,us,True,CMEMarketDataPlatformDowJones
I:DJIPICFT,Dow Jones Industrial Average Inverse Carry-Free Daily Index (TWD),indices,us,True,CMEMarketDataPlatformDowJones
I:DJIPLCF,Dow Jones Industrial Average 2X Leveraged Carry-Free Daily Index (USD),indices,us,True,CMEMarketDataPlatformDowJones
I:DJIPLCFH,Dow Jones Industrial Average 2X Leveraged Carry-Free Daily Index (HKD),indices,us,True,CMEMarketDataPlatformDowJones
I:DJIPLCFT,Dow Jones Industrial Average 2X Leveraged Carry-Free Daily Index (TWD),indices,us,True,CMEMarketDataPlatformDowJones
I:DJISML,Dow Jones Islamic Market World Small-Cap Index,indices,us,True,CMEMarketDataPlatformDowJones
I:DJISVC,Dow Jones Internet Services Index,indices,us,True,CMEMarketDataPlatformDowJones
I:DJITEC,Dow Jones Islamic Market Technology Index,indices,us,True,CMEMarketDataPlatformDowJones
I:DJITLS,Dow Jones Islamic Market Telecommunications Index,indices,us,True,CMEMarketDataPlatformDowJones
I:DJITR,Dow Jones Industrial Average TR,indices,us,True,CMEMarketDataPlatformDowJones
I:DJIUK,Dow Jones Islamic Market U.K. Index,indices,us,True,CMEMarketDataPlatformDowJones
I:DJIUTI,Dow Jones Islamic Market Utilities Index,indices,us,True,CMEMarketDataPlatformDowJones
I:DJIYW,Dow Jones Industrial Average Yield Weighted Index (USD),indices,us,True,CMEMarketDataPlatformDowJones
I:DJIYWT,Dow Jones Industrial Average Yield Weighted Index (USD) TR,indices,us,True,CMEMarketDataPlatformDowJones
I:DJJPD1JN,Dow Jones Japan Dividend 100 In,indices,us,True,CMEMarketDataPlatformDowJones
I:DJJPD1JP,Dow Jones Japan Dividend 100 In,indices,us,True,CMEMarketDataPlatformDowJones
I:DJJPD1JT,Dow Jones Japan Dividend 100 In,indices,us,True,CMEMarketDataPlatformDowJones
I:DJJPD1UN,Dow Jones Japan Dividend 100 In,indices,us,True,CMEMarketDataPlatformDowJones
I:DJJPD1UP,Dow Jones Japan Dividend 100 In,indices,us,True,CMEMarketDataPlatformDowJones
I:DJJPD1UT,Dow Jones Japan Dividend 100 In,indices,us,True,CMEMarketDataPlatformDowJones
I:DJKRD3KN,,indices,us,True,CMEMarketDataPlatformDowJones
I:DJKRD3KP,,indices,us,True,CMEMarketDataPlatformDowJones
I:DJKRD3KT,,indices,us,True,CMEMarketDataPlatformDowJones
I:DJKRD3UN,,indices,us,True,CMEMarketDataPlatformDowJones
I:DJKRD3UP,,indices,us,True,CMEMarketDataPlatformDowJones
I:DJKRD3UT,,indices,us,True,CMEMarketDataPlatformDowJones
I:DJMY25,Dow Jones Islamic Market Malaysia Titans 25 Index,indices,us,True,CMEMarketDataPlatformDowJones
I:DJMY25D,Dow Jones Islamic Market Malaysia Titans 25 Index (USD),indices,us,True,CMEMarketDataPlatformDowJones
I:DJNAJG,Dow Jones North America Select Junior Gold Index (CAD),indices,us,True,CMEMarketDataPlatformDowJones
I:DJNAJGA,Dow Jones North America Select Junior Gas Index (CAD),indices,us,True,CMEMarketDataPlatformDowJones
I:DJNAJGAD,Dow Jones North America Select Junior Gas Index (USD),indices,us,True,CMEMarketDataPlatformDowJones
I:DJNAJGD,Dow Jones North America Select Junior Gold Index (USD),indices,us,True,CMEMarketDataPlatformDowJones
I:DJNAJO,Dow Jones North America Select Junior Oil Index (CAD),indices,us,True,CMEMarketDataPlatformDowJones
I:DJNAJOD,Dow Jones North America Select Junior Oil Index (USD),indices,us,True,CMEMarketDataPlatformDowJones
I:DJS,Dow Jones,indices,us,True,CboeGlobalIndicesMain
I:DJSASD,Dow Jones U.S. Select Aerospace & Defense Index,indices,us,True,CMEMarketDataPlatformDowJones
I:DJSASDC,Dow Jones U.S. Select Aerospace,indices,us,True,CMEMarketDataPlatformDowJones
I:DJSASDCN,Dow Jones U.S. Select Aerospace,indices,us,True,CMEMarketDataPlatformDowJones
I:DJSASDCT,Dow Jones U.S. Select Aerospace,indices,us,True,CMEMarketDataPlatformDowJones
I:DJSASDT,Dow Jones U.S. Select Aerospace & Defense Total Return Index,indices,us,True,CMEMarketDataPlatformDowJones
I:DJSEA1UN,Dow Jones Emerging ASEAN Titans 100 Index (USD) NTR,indices,us,True,CMEMarketDataPlatformDowJones
I:DJSENAE,"Dow Jones Sustainability Europe Ex-Alcohol, Tobacco, Gambling, Armaments & Firearms, and Adult Enter",indices,us,True,CMEMarketDataPlatformDowJones
I:DJSENAED,"Dow Jones Sustainability Europe Ex-Alcohol, Tobacco, Gambling, Armaments & Firearms, and Adult Enter",indices,us,True,CMEMarketDataPlatformDowJones
I:DJSEUR,Dow Jones Sustainability Europe Index (EUR),indices,us,True,CMEMarketDataPlatformDowJones
I:DJSEURD,Dow Jones Sustainability Europe Index (USD),indices,us,True,CMEMarketDataPlatformDowJones
I:DJSEUXA,"Dow Jones Sustainability Europe Ex-Alcohol, Tobacco, Gambling, and Armaments & Firearms Index (EUR)",indices,us,True,CMEMarketDataPlatformDowJones
I:DJSEUXAD,"Dow Jones Sustainability Europe Ex-Alcohol, Tobacco, Gambling, and Armaments & Firearms Index",indices,us,True,CMEMarketDataPlatformDowJones
I:DJSEUZ,Dow Jones Sustainability Eurozone Index (EUR),indices,us,True,CMEMarketDataPlatformDowJones
I:DJSEUZD,Dow Jones Sustainability Eurozone Index (USD),indices,us,True,CMEMarketDataPlatformDowJones
I:DJSEZXA,"Dow Jones Sustainability Eurozone Ex-Alcohol, Tobacco, Gambling, Armaments & Firearms Index (EUR)",indices,us,True,CMEMarketDataPlatformDowJones
I:DJSEZXAD,"Dow Jones Sustainability Eurozone Ex-Alcohol, Tobacco, Gambling, Armaments & Firearms Index",indices,us,True,CMEMarketDataPlatformDowJones
I:DJSH,Dow Jones Shanghai Index,indices,us,True,CMEMarketDataPlatformDowJones
I:DJSHCP,Dow Jones U.S. Select Health Care Providers Index,indices,us,True,CMEMarketDataPlatformDowJones
I:DJSHCPT,Dow Jones U.S. Select Health Care Providers Total Return Index,indices,us,True,CMEMarketDataPlatformDowJones
I:DJSHMB,Dow Jones U.S. Select Home Construction Index,indices,us,True,CMEMarketDataPlatformDowJones
I:DJSHMBT,Dow Jones U.S. Select Home Construction Total Return Index,indices,us,True,CMEMarketDataPlatformDowJones
I:DJSIK,Dow Jones Sustainability Korea Index (KRW),indices,us,True,CMEMarketDataPlatformDowJones
I:DJSINS,Dow Jones U.S. Select Insurance Index,indices,us,True,CMEMarketDataPlatformDowJones
I:DJSINST,Dow Jones U.S. Select Insurance Total Return Index,indices,us,True,CMEMarketDataPlatformDowJones
I:DJSINV,Dow Jones U.S. Select Investment Services Index,indices,us,True,CMEMarketDataPlatformDowJones
I:DJSINVT,Dow Jones U.S. Select Investment Services Total Return Index,indices,us,True,CMEMarketDataPlatformDowJones
I:DJSKC2,Dow Jones Sustainability Korea Capped 25% Index (KRW),indices,us,True,CMEMarketDataPlatformDowJones
I:DJSKC2T,Dow Jones Sustainability Korea Capped Total Return 25% Index (KRW),indices,us,True,CMEMarketDataPlatformDowJones
I:DJSM,Dow Jones Select Micro-Cap Index,indices,us,True,CMEMarketDataPlatformDowJones
I:DJSMDQ,Dow Jones U.S. Select Medical Equipment Index,indices,us,True,CMEMarketDataPlatformDowJones
I:DJSMDQT,Dow Jones U.S. Select Medical Equipment Total Return Index,indices,us,True,CMEMarketDataPlatformDowJones
I:DJSMDQUN,Dow Jones U.S. Select Medical Equipment Index NTR,indices,us,True,CMEMarketDataPlatformDowJones
I:DJSMT,Dow Jones Select Micro-Cap Total Return Index,indices,us,True,CMEMarketDataPlatformDowJones
I:DJSND,Dow Jones Sustainability Nordic Index,indices,us,True,CMEMarketDataPlatformDowJones
I:DJSNE,Dow Jones Sustainability Nordic Index (EUR),indices,us,True,CMEMarketDataPlatformDowJones
I:DJSOEP,Dow Jones U.S. Select Oil Exploration & Production Index,indices,us,True,CMEMarketDataPlatformDowJones
I:DJSOEPT,Dow Jones U.S. Select Oil Exploration & Production Total Return Index,indices,us,True,CMEMarketDataPlatformDowJones
I:DJSOES,Dow Jones U.S. Select Oil Equipment & Services Index,indices,us,True,CMEMarketDataPlatformDowJones
I:DJSOEST,Dow Jones U.S. Select Oil Equipment & Services Total Return Index,indices,us,True,CMEMarketDataPlatformDowJones
I:DJSPHM,Dow Jones U.S. Select Pharmaceuticals Index,indices,us,True,CMEMarketDataPlatformDowJones
I:DJSPHMT,Dow Jones U.S. Select Pharmaceuticals Total Return Index,indices,us,True,CMEMarketDataPlatformDowJones
I:DJSRBK,Dow Jones U.S. Select Regional Banks Index,indices,us,True,CMEMarketDataPlatformDowJones
I:DJSRBKT,Dow Jones U.S. Select Regional Banks Total Return Index,indices,us,True,CMEMarketDataPlatformDowJones
I:DJSTEL,Dow Jones U.S. Select Telecommunications Index,indices,us,True,CMEMarketDataPlatformDowJones
I:DJSTELT,Dow Jones U.S. Select Telecommunications Total Return Index,indices,us,True,CMEMarketDataPlatformDowJones
I:DJSWECD,Dow Jones Sustainability World EnLarged Index,indices,us,True,CMEMarketDataPlatformDowJones
I:DJSWECE,Dow Jones Sustainability World EnLarged Index (EUR),indices,us,True,CMEMarketDataPlatformDowJones
I:DJSWEX4D,"Dow Jones Sustainability World EnLarged Ex-Alcohol, Tobacco, Gambling, Armaments & Firearms, and Adu",indices,us,True,CMEMarketDataPlatformDowJones
I:DJSWEX4E,"Dow Jones Sustainability World EnLarged Ex-Alcohol, Tobacco, Gambling, Armaments & Firearms, and Adu",indices,us,True,CMEMarketDataPlatformDowJones
I:DJSZ,Dow Jones Shenzhen Index,indices,us,True,CMEMarketDataPlatformDowJones
I:DJSZXAE,"Dow Jones Sustainability Eurozone Ex-Alcohol, Tobacco, Gambling, Armaments & Firearms, and Adult Ent",indices,us,True,CMEMarketDataPlatformDowJones
I:DJSZXAED,"Dow Jones Sustainability Eurozone Ex-Alcohol, Tobacco, Gambling, Armaments & Firearms, and Adult Ent",indices,us,True,CMEMarketDataPlatformDowJones
I:DJT,Dow Jones Transportation Average,indices,us,True,CMEMarketDataPlatformDowJones
I:DJTATO,Dow Jones Automobiles & Parts Titans 30 Index,indices,us,True,CMEMarketDataPlatformDowJones
I:DJTATOE,Dow Jones Automobiles & Parts Titans 30 Index (EUR),indices,us,True,CMEMarketDataPlatformDowJones
I:DJTATOT,Dow Jones Automobiles & Parts Titans 30 Total Return Index,indices,us,True,CMEMarketDataPlatformDowJones
I:DJTBAK,Dow Jones Banks Titans 30 Index (USD),indices,us,True,CMEMarketDataPlatformDowJones
I:DJTBAKE,Dow Jones Banks Titans 30 Index (EUR),indices,us,True,CMEMarketDataPlatformDowJones
I:DJTBAKT,Dow Jones Banks Titans 30 Index TR (USD),indices,us,True,CMEMarketDataPlatformDowJones
I:DJTBAS,Dow Jones Basic Resources Titans 30 Index (USD),indices,us,True,CMEMarketDataPlatformDowJones
I:DJTBASE,Dow Jones Basic Resources Titans 30 Index (EUR),indices,us,True,CMEMarketDataPlatformDowJones
I:DJTBAST,Dow Jones Basic Resources Titans 30 Index TR (USD),indices,us,True,CMEMarketDataPlatformDowJones
I:DJTCGS,Dow Jones Travel & Leisure Titans 30 Index (USD),indices,us,True,CMEMarketDataPlatformDowJones
I:DJTCGSE,Dow Jones Travel & Leisure Titans 30 Index (EUR),indices,us,True,CMEMarketDataPlatformDowJones
I:DJTCGST,Dow Jones Travel & Leisure Titans 30 Index TR (USD),indices,us,True,CMEMarketDataPlatformDowJones
I:DJTCHE,Dow Jones Chemicals Titans 30 Index,indices,us,True,CMEMarketDataPlatformDowJones
I:DJTCHEE,Dow Jones Chemicals Titans 30 Index (EUR),indices,us,True,CMEMarketDataPlatformDowJones
I:DJTCHET,Dow Jones Chemicals Titans 30 Total Return Index,indices,us,True,CMEMarketDataPlatformDowJones
I:DJTCNS,Dow Jones Construction & Materials Titans 30 Index,indices,us,True,CMEMarketDataPlatformDowJones
I:DJTCNSE,Dow Jones Construction & Materials Titans 30 Index (EUR),indices,us,True,CMEMarketDataPlatformDowJones
I:DJTCNST,Dow Jones Construction & Materials Titans 30 Total Return Index,indices,us,True,CMEMarketDataPlatformDowJones
I:DJTENG,Dow Jones Oil & Gas Titans 30 Index (USD),indices,us,True,CMEMarketDataPlatformDowJones
I:DJTENGE,Dow Jones Oil & Gas Titans 30 Index (EUR),indices,us,True,CMEMarketDataPlatformDowJones
I:DJTENGT,Dow Jones Oil & Gas Titans 30 Index TR (USD),indices,us,True,CMEMarketDataPlatformDowJones
I:DJTFOB,Dow Jones Food & Beverage Titans 30 Index,indices,us,True,CMEMarketDataPlatformDowJones
I:DJTFOBE,Dow Jones Food & Beverage Titans 30 Index (EUR),indices,us,True,CMEMarketDataPlatformDowJones
I:DJTFOBT,Dow Jones Food & Beverage Titans 30 Total Return Index,indices,us,True,CMEMarketDataPlatformDowJones
I:DJTFVS,Dow Jones Financial Services Titans 30 Index (USD),indices,us,True,CMEMarketDataPlatformDowJones
I:DJTFVSE,Dow Jones Financial Services Titans 30 Index (EUR),indices,us,True,CMEMarketDataPlatformDowJones
I:DJTFVST,Dow Jones Financial Services Titans 30 Index TR (USD),indices,us,True,CMEMarketDataPlatformDowJones
I:DJTHCA,Dow Jones Health Care Titans 30 Index,indices,us,True,CMEMarketDataPlatformDowJones
I:DJTHCAE,Dow Jones Health Care Titans 30 Index (EUR),indices,us,True,CMEMarketDataPlatformDowJones
I:DJTHCAT,Dow Jones Health Care Titans 30 Total Return Index,indices,us,True,CMEMarketDataPlatformDowJones
I:DJTIGS,Dow Jones Industrial Goods and Services Titans 30 Index (USD),indices,us,True,CMEMarketDataPlatformDowJones
I:DJTIGSE,Dow Jones Industrial Goods and Services Titans 30 Index (EUR),indices,us,True,CMEMarketDataPlatformDowJones
I:DJTIGST,Dow Jones Industrial Goods and Services Titans 30 Index TR (EUR),indices,us,True,CMEMarketDataPlatformDowJones
I:DJTINN,Dow Jones Insurance Titans 30 Index (USD),indices,us,True,CMEMarketDataPlatformDowJones
I:DJTINNE,Dow Jones Insurance Titans 30 Index (EUR),indices,us,True,CMEMarketDataPlatformDowJones
I:DJTINNT,Dow Jones Insurance Titans 30 Index TR (USD),indices,us,True,CMEMarketDataPlatformDowJones
I:DJTLAB,Dow Jones U.S. Low Beta Index,indices,us,True,CMEMarketDataPlatformDowJones
I:DJTLABT,Dow Jones U.S. Low Beta Total Return Index,indices,us,True,CMEMarketDataPlatformDowJones
I:DJTLMO,Dow Jones U.S. High Momentum Index,indices,us,True,CMEMarketDataPlatformDowJones
I:DJTLMOT,Dow Jones U.S. High Momentum Total Return Index,indices,us,True,CMEMarketDataPlatformDowJones
I:DJTLQU,Dow Jones U.S. Thematic Long Quality Index,indices,us,True,CMEMarketDataPlatformDowJones
I:DJTLQUT,Dow Jones U.S. Thematic Long Quality Total Return Index,indices,us,True,CMEMarketDataPlatformDowJones
I:DJTLSS,Dow Jones U.S. Thematic Long Size Index,indices,us,True,CMEMarketDataPlatformDowJones
I:DJTLSST,Dow Jones U.S. Thematic Long Size Total Return Index,indices,us,True,CMEMarketDataPlatformDowJones
I:DJTLSV,Dow Jones U.S. Relative Value Index,indices,us,True,CMEMarketDataPlatformDowJones
I:DJTLSVT,Dow Jones U.S. Relative Value Total Return Index,indices,us,True,CMEMarketDataPlatformDowJones
I:DJTMDI,Dow Jones Media Titans 30 Index,indices,us,True,CMEMarketDataPlatformDowJones
I:DJTMDIE,Dow Jones Media Titans 30 Index (EUR),indices,us,True,CMEMarketDataPlatformDowJones
I:DJTMDIT,Dow Jones Media Titans 30 Total Return Index,indices,us,True,CMEMarketDataPlatformDowJones
I:DJTMNAB,Dow Jones U.S. Thematic Market Neutral Low Beta Index,indices,us,True,CMEMarketDataPlatformDowJones
I:DJTMNABT,Dow Jones U.S. Thematic Market Neutral Low Beta Total Return Index,indices,us,True,CMEMarketDataPlatformDowJones
I:DJTMNMO,Dow Jones U.S. Thematic Market Neutral Momentum Index,indices,us,True,CMEMarketDataPlatformDowJones
I:DJTMNMOT,Dow Jones U.S. Thematic Market Neutral Momentum Total Return Index,indices,us,True,CMEMarketDataPlatformDowJones
I:DJTMNQU,Dow Jones U.S. Thematic Market Neutral Quality Index,indices,us,True,CMEMarketDataPlatformDowJones
I:DJTMNQUT,Dow Jones U.S. Thematic Market Neutral Quality Total Return Index,indices,us,True,CMEMarketDataPlatformDowJones
I:DJTMNSS,Dow Jones U.S. Thematic Market Neutral Size Index,indices,us,True,CMEMarketDataPlatformDowJones
I:DJTMNSST,Dow Jones U.S. Thematic Market Neutral Size Total Return Index,indices,us,True,CMEMarketDataPlatformDowJones
I:DJTMNSV,Dow Jones U.S. Thematic Market Neutral Value Index,indices,us,True,CMEMarketDataPlatformDowJones
I:DJTMNSVT,Dow Jones U.S. Thematic Market Neutral Value Total Return Index,indices,us,True,CMEMarketDataPlatformDowJones
I:DJTNCG,Dow Jones Personal & Household Goods Titans 30 Index,indices,us,True,CMEMarketDataPlatformDowJones
I:DJTNCGE,Dow Jones Personal & Household Goods Titans 30 Index (EUR),indices,us,True,CMEMarketDataPlatformDowJones
I:DJTNCGT,Dow Jones Personal & Household Goods Titans 30 Total Return Index,indices,us,True,CMEMarketDataPlatformDowJones
I:DJTREA,Dow Jones Real Estate Titans 30 Index (USD),indices,us,True,CMEMarketDataPlatformDowJones
I:DJTREAE,Dow Jones Real Estate Titans 30 Index (EUR),indices,us,True,CMEMarketDataPlatformDowJones
I:DJTREAT,Dow Jones Real Estate Titans 30 Index TR (USD),indices,us,True,CMEMarketDataPlatformDowJones
I:DJTRET,Dow Jones Retail Titans 30 Index,indices,us,True,CMEMarketDataPlatformDowJones
I:DJTRETE,Dow Jones Retail Titans 30 Index (EUR),indices,us,True,CMEMarketDataPlatformDowJones
I:DJTRETT,Dow Jones Retail Titans 30 Total Return Index,indices,us,True,CMEMarketDataPlatformDowJones
I:DJTSAB,Dow Jones U.S. High Beta Index,indices,us,True,CMEMarketDataPlatformDowJones
I:DJTSABT,Dow Jones U.S. High Beta Total Return Index,indices,us,True,CMEMarketDataPlatformDowJones
I:DJTSEC,Dow Jones Sector Titans Composite Index,indices,us,True,CMEMarketDataPlatformDowJones
I:DJTSECE,Dow Jones Sector Titans Composite Titans Index (EUR),indices,us,True,CMEMarketDataPlatformDowJones
I:DJTSMO,Dow Jones U.S. Low Momentum Index,indices,us,True,CMEMarketDataPlatformDowJones
I:DJTSMOT,Dow Jones U.S. Low Momentum Total Return Index,indices,us,True,CMEMarketDataPlatformDowJones
I:DJTSQU,Dow Jones U.S. Thematic Short Quality Index,indices,us,True,CMEMarketDataPlatformDowJones
I:DJTSQUT,Dow Jones U.S. Thematic Short Quality Total Return Index,indices,us,True,CMEMarketDataPlatformDowJones
I:DJTSSS,Dow Jones U.S. Thematic Short Size Index,indices,us,True,CMEMarketDataPlatformDowJones
I:DJTSSST,Dow Jones U.S. Thematic Short Size Total Return Index,indices,us,True,CMEMarketDataPlatformDowJones
I:DJTSSV,Dow Jones U.S. Short Relative Value Index,indices,us,True,CMEMarketDataPlatformDowJones
I:DJTSSVT,Dow Jones U.S. Short Relative Value Total Return Index,indices,us,True,CMEMarketDataPlatformDowJones
I:DJTTD3TN,Dow Jones Taiwan Technology Div,indices,us,True,CMEMarketDataPlatformDowJones
I:DJTTD3TP,DJ Taiwan Technology Dividend 30 Index TWD,indices,us,True,CMEMarketDataPlatformDowJones
I:DJTTD3TT,Dow Jones Taiwan Technology Div,indices,us,True,CMEMarketDataPlatformDowJones
I:DJTTD3UN,Dow Jones Taiwan Technology Div,indices,us,True,CMEMarketDataPlatformDowJones
I:DJTTD3UP,Dow Jones Taiwan Technology Div,indices,us,True,CMEMarketDataPlatformDowJones
I:DJTTD3UT,Dow Jones Taiwan Technology Div,indices,us,True,CMEMarketDataPlatformDowJones
I:DJTTEL,Dow Jones Telecommunications Titans 30 Index,indices,us,True,CMEMarketDataPlatformDowJones
I:DJTTELE,Dow Jones Telecommunications Titans 30 Index (EUR),indices,us,True,CMEMarketDataPlatformDowJones
I:DJTTELT,Dow Jones Telecommunications Titans 30 Total Return Index,indices,us,True,CMEMarketDataPlatformDowJones
I:DJTTHE,Dow Jones Technology Titans 30 Index,indices,us,True,CMEMarketDataPlatformDowJones
I:DJTTHEE,Dow Jones Technology Titans 30 Index (EUR),indices,us,True,CMEMarketDataPlatformDowJones
I:DJTTHET,Dow Jones Technology Titans 30 Total Return Index,indices,us,True,CMEMarketDataPlatformDowJones
I:DJTTR,Dow Jones Transportation Average TR,indices,us,True,CMEMarketDataPlatformDowJones
I:DJTUTS,Dow Jones Utilities Titans 30 Index (USD),indices,us,True,CMEMarketDataPlatformDowJones
I:DJTUTSE,Dow Jones Utilities Titans 30 Index (EUR),indices,us,True,CMEMarketDataPlatformDowJones
I:DJTUTST,Dow Jones Utilities Titans 30 Index TR (USD),indices,us,True,CMEMarketDataPlatformDowJones
I:DJTWD3TP,Dow Jones Taiwan High Quality Dividend 30 Index (TWD),indices,us,True,CMEMarketDataPlatformDowJones
I:DJU,Dow Jones Utility Average,indices,us,True,CMEMarketDataPlatformDowJones
I:DJUHD1UN,,indices,us,True,CMEMarketDataPlatformDowJones
I:DJUHD1UP,,indices,us,True,CMEMarketDataPlatformDowJones
I:DJUHD1UT,,indices,us,True,CMEMarketDataPlatformDowJones
I:DJULTC,Dow Jones U.S. Large-Cap Technology Index,indices,us,True,CMEMarketDataPlatformDowJones
I:DJUMECUN,Dow Jones U.S. Select Medical Equipment Capped 35/20 Index (USD) NTR,indices,us,True,CMEMarketDataPlatformDowJones
I:DJUMECUP,Dow Jones U.S. Select Medical Equipment Capped 35/20 Index (USD),indices,us,True,CMEMarketDataPlatformDowJones
I:DJUMECUT,Dow Jones U.S. Select Medical Equipment Capped 35/20 Index (USD) TR,indices,us,True,CMEMarketDataPlatformDowJones
I:DJUS,Dow Jones U.S. Index,indices,us,True,CMEMarketDataPlatformDowJones
I:DJUS50,Dow Jones Islamic Market U.S. Titans 50 Index,indices,us,True,CMEMarketDataPlatformDowJones
I:DJUSAE,Dow Jones U.S. Aerospace & Defense Index,indices,us,True,CMEMarketDataPlatformDowJones
I:DJUSAF,Dow Jones U.S. Delivery Services Index,indices,us,True,CMEMarketDataPlatformDowJones
I:DJUSAG,Dow Jones U.S. Asset Managers Index,indices,us,True,CMEMarketDataPlatformDowJones
I:DJUSAI,Dow Jones U.S. Electronic Equipment Index,indices,us,True,CMEMarketDataPlatformDowJones
I:DJUSAL,Dow Jones U.S. Aluminum Index,indices,us,True,CMEMarketDataPlatformDowJones
I:DJUSAM,Dow Jones U.S. Medical Equipment Index,indices,us,True,CMEMarketDataPlatformDowJones
I:DJUSAP,Dow Jones U.S. Automobiles & Parts Index,indices,us,True,CMEMarketDataPlatformDowJones
I:DJUSAR,Dow Jones U.S. Airlines Index,indices,us,True,CMEMarketDataPlatformDowJones
I:DJUSAS,Dow Jones U.S. Aerospace Index,indices,us,True,CMEMarketDataPlatformDowJones
I:DJUSAT,Dow Jones U.S. Auto Parts Index,indices,us,True,CMEMarketDataPlatformDowJones
I:DJUSAU,Dow Jones U.S. Automobiles Index,indices,us,True,CMEMarketDataPlatformDowJones
I:DJUSAV,Dow Jones U.S. Media Agencies Index,indices,us,True,CMEMarketDataPlatformDowJones
I:DJUSBC,Dow Jones U.S. Broadcasting & Entertainment Index,indices,us,True,CMEMarketDataPlatformDowJones
I:DJUSBD,Dow Jones U.S. Building Materials & Fixtures Index,indices,us,True,CMEMarketDataPlatformDowJones
I:DJUSBE,Dow Jones U.S. Business Training & Employment Agencies Index,indices,us,True,CMEMarketDataPlatformDowJones
I:DJUSBK,Dow Jones U.S. Banks Index,indices,us,True,CMEMarketDataPlatformDowJones
I:DJUSBKT,Dow Jones U.S. Banks Total Return Index,indices,us,True,CMEMarketDataPlatformDowJones
I:DJUSBM,Dow Jones U.S. Basic Materials Index,indices,us,True,CMEMarketDataPlatformDowJones
I:DJUSBMT,Dow Jones U.S. Basic Materials Total Return Index,indices,us,True,CMEMarketDataPlatformDowJones
I:DJUSBS,Dow Jones U.S. Basic Resources Index,indices,us,True,CMEMarketDataPlatformDowJones
I:DJUSBT,Dow Jones U.S. Biotechnology Index,indices,us,True,CMEMarketDataPlatformDowJones
I:DJUSBTT,Dow Jones U.S. Biotechnology Total Return Index,indices,us,True,CMEMarketDataPlatformDowJones
I:DJUSBV,Dow Jones U.S. Beverages Index,indices,us,True,CMEMarketDataPlatformDowJones
I:DJUSCA,Dow Jones U.S. Gambling Index,indices,us,True,CMEMarketDataPlatformDowJones
I:DJUSCC,Dow Jones U.S. Commodity Chemicals Index,indices,us,True,CMEMarketDataPlatformDowJones
I:DJUSCF,Dow Jones U.S. Clothing & Accessories Index,indices,us,True,CMEMarketDataPlatformDowJones
I:DJUSCG,Dow Jones U.S. Travel & Leisure Index,indices,us,True,CMEMarketDataPlatformDowJones
I:DJUSCH,Dow Jones U.S. Chemicals Index,indices,us,True,CMEMarketDataPlatformDowJones
I:DJUSCM,Dow Jones U.S. Personal Products Index,indices,us,True,CMEMarketDataPlatformDowJones
I:DJUSCN,Dow Jones U.S. Construction & Materials Index,indices,us,True,CMEMarketDataPlatformDowJones
I:DJUSCP,Dow Jones U.S. Containers & Packaging Index,indices,us,True,CMEMarketDataPlatformDowJones
I:DJUSCR,Dow Jones U.S. Computer Hardware Index,indices,us,True,CMEMarketDataPlatformDowJones
I:DJUSCS,Dow Jones U.S. Specialized Consumer Services Index,indices,us,True,CMEMarketDataPlatformDowJones
I:DJUSCT,Dow Jones U.S. Telecommunications Equipment Index,indices,us,True,CMEMarketDataPlatformDowJones
I:DJUSCX,Dow Jones U.S. Specialty Chemicals Index,indices,us,True,CMEMarketDataPlatformDowJones
I:DJUSCY,Dow Jones U.S. Consumer Services Index,indices,us,True,CMEMarketDataPlatformDowJones
I:DJUSCYC,Dow Jones U.S. Consumer Services Capped Index (USD),indices,us,True,CMEMarketDataPlatformDowJones
I:DJUSCYCT,Dow Jones U.S. Consumer Services Capped Index (USD) TR,indices,us,True,CMEMarketDataPlatformDowJones
I:DJUSCYT,Dow Jones U.S. Consumer Services Total Return Index,indices,us,True,CMEMarketDataPlatformDowJones
I:DJUSDB,Dow Jones U.S. Brewers Index,indices,us,True,CMEMarketDataPlatformDowJones
I:DJUSDIV,Dow Jones U.S. Dividend 100 Index,indices,us,True,CMEMarketDataPlatformDowJones
I:DJUSDIVN,Dow Jones U.S. Dividend 100 Net Total Return Index,indices,us,True,CMEMarketDataPlatformDowJones
I:DJUSDIVT,Dow Jones U.S. Dividend 100 Total Return Index,indices,us,True,CMEMarketDataPlatformDowJones
I:DJUSDN,Dow Jones U.S. Defense Index,indices,us,True,CMEMarketDataPlatformDowJones
I:DJUSDR,Dow Jones U.S. Food & Drug Retailers Index,indices,us,True,CMEMarketDataPlatformDowJones
I:DJUSDS,Dow Jones U.S. Industrial Suppliers Index,indices,us,True,CMEMarketDataPlatformDowJones
I:DJUSDT,Dow Jones U.S. Diversified REITs Index,indices,us,True,CMEMarketDataPlatformDowJones
I:DJUSDV,Dow Jones U.S. Computer Services Index,indices,us,True,CMEMarketDataPlatformDowJones
I:DJUSEC,Dow Jones U.S. Electrical Components & Equipment Index,indices,us,True,CMEMarketDataPlatformDowJones
I:DJUSEE,Dow Jones U.S. Electronic & Electrical Equipment Index,indices,us,True,CMEMarketDataPlatformDowJones
I:DJUSEN,Dow Jones U.S. Oil & Gas Index,indices,us,True,CMEMarketDataPlatformDowJones
I:DJUSENN,Dow Jones U.S. Oil & Gas Net Total Return Index,indices,us,True,CMEMarketDataPlatformDowJones
I:DJUSENT,Dow Jones U.S. Oil & Gas Total Return Index,indices,us,True,CMEMarketDataPlatformDowJones
I:DJUSES,Dow Jones U.S. Real Estate Services Index,indices,us,True,CMEMarketDataPlatformDowJones
I:DJUSEU,Dow Jones U.S. Electricity Index,indices,us,True,CMEMarketDataPlatformDowJones
I:DJUSFA,Dow Jones U.S. Financial Administration Index,indices,us,True,CMEMarketDataPlatformDowJones
I:DJUSFB,Dow Jones U.S. Food & Beverage Index,indices,us,True,CMEMarketDataPlatformDowJones
I:DJUSFC,Dow Jones U.S. Fixed Line Telecommunications Index,indices,us,True,CMEMarketDataPlatformDowJones
I:DJUSFD,Dow Jones U.S. Food Retailers & Wholesalers Index,indices,us,True,CMEMarketDataPlatformDowJones
I:DJUSFE,Dow Jones U.S. Industrial Machinery Index,indices,us,True,CMEMarketDataPlatformDowJones
I:DJUSFH,Dow Jones U.S. Furnishings Index,indices,us,True,CMEMarketDataPlatformDowJones
I:DJUSFI,Dow Jones U.S. Financial Services Supersector Index (USD),indices,us,True,CMEMarketDataPlatformDowJones
I:DJUSFN,Dow Jones U.S. Financials Index,indices,us,True,CMEMarketDataPlatformDowJones
I:DJUSFNC,Dow Jones U.S. Financials Capped Index (USD),indices,us,True,CMEMarketDataPlatformDowJones
I:DJUSFNCT,Dow Jones U.S. Financials Capped Index (USD) TR,indices,us,True,CMEMarketDataPlatformDowJones
I:DJUSFNT,Dow Jones U.S. Financials Total Return Index,indices,us,True,CMEMarketDataPlatformDowJones
I:DJUSFO,Dow Jones U.S. Food Producers Index,indices,us,True,CMEMarketDataPlatformDowJones
I:DJUSFP,Dow Jones U.S. Food Products Index,indices,us,True,CMEMarketDataPlatformDowJones
I:DJUSFT,Dow Jones U.S. Footwear Index,indices,us,True,CMEMarketDataPlatformDowJones
I:DJUSFV,Dow Jones U.S. Financial Services Index (USD),indices,us,True,CMEMarketDataPlatformDowJones
I:DJUSFVT,Dow Jones U.S. Financial Services Index TR (USD),indices,us,True,CMEMarketDataPlatformDowJones
I:DJUSGF,Dow Jones U.S. Financial Services Sector Index (USD),indices,us,True,CMEMarketDataPlatformDowJones
I:DJUSGI,Dow Jones U.S. General Industrials Index,indices,us,True,CMEMarketDataPlatformDowJones
I:DJUSGL,Dow Jones U.S. Large-Cap Growth Index,indices,us,True,CMEMarketDataPlatformDowJones
I:DJUSGM,Dow Jones U.S. Mid-Cap Growth Index,indices,us,True,CMEMarketDataPlatformDowJones
I:DJUSGR,Dow Jones U.S. Growth Index,indices,us,True,CMEMarketDataPlatformDowJones
I:DJUSGS,Dow Jones U.S. Small-Cap Growth Index,indices,us,True,CMEMarketDataPlatformDowJones
I:DJUSGT,Dow Jones U.S. General Retailers Index,indices,us,True,CMEMarketDataPlatformDowJones
I:DJUSGU,Dow Jones U.S. Gas Distribution Index,indices,us,True,CMEMarketDataPlatformDowJones
I:DJUSHB,Dow Jones U.S. Home Construction Index,indices,us,True,CMEMarketDataPlatformDowJones
I:DJUSHC,Dow Jones U.S. Health Care Index,indices,us,True,CMEMarketDataPlatformDowJones
I:DJUSHCT,Dow Jones U.S. Health Care Total Return Index,indices,us,True,CMEMarketDataPlatformDowJones
I:DJUSHD,Dow Jones U.S. Durable Household Products Index,indices,us,True,CMEMarketDataPlatformDowJones
I:DJUSHG,Dow Jones U.S. Household Goods & Home Construction Index,indices,us,True,CMEMarketDataPlatformDowJones
I:DJUSHI,Dow Jones U.S. Home Improvement Retailers Index,indices,us,True,CMEMarketDataPlatformDowJones
I:DJUSHL,Dow Jones U.S. Hotel & Lodging REITs Index,indices,us,True,CMEMarketDataPlatformDowJones
I:DJUSHN,Dow Jones U.S. Nondurable Household Products Index,indices,us,True,CMEMarketDataPlatformDowJones
I:DJUSHP,Dow Jones U.S. Health Care Providers Index,indices,us,True,CMEMarketDataPlatformDowJones
I:DJUSHR,Dow Jones U.S. Commercial Vehicles & Trucks Index,indices,us,True,CMEMarketDataPlatformDowJones
I:DJUSHV,Dow Jones U.S. Heavy Construction Index,indices,us,True,CMEMarketDataPlatformDowJones
I:DJUSIB,Dow Jones U.S. Insurance Brokers Index,indices,us,True,CMEMarketDataPlatformDowJones
I:DJUSID,Dow Jones U.S. Diversified Industrials Index,indices,us,True,CMEMarketDataPlatformDowJones
I:DJUSIG,Dow Jones U.S. Industrial Goods & Services Index,indices,us,True,CMEMarketDataPlatformDowJones
I:DJUSIL,Dow Jones U.S. Life Insurance Index,indices,us,True,CMEMarketDataPlatformDowJones
I:DJUSIM,Dow Jones U.S. Industrial Metals & Mining Index,indices,us,True,CMEMarketDataPlatformDowJones
I:DJUSIN,Dow Jones U.S. Industrials Index,indices,us,True,CMEMarketDataPlatformDowJones
I:DJUSINT,Dow Jones U.S. Industrials Total Return Index,indices,us,True,CMEMarketDataPlatformDowJones
I:DJUSIO,Dow Jones U.S. Industrial & Office REITs Index,indices,us,True,CMEMarketDataPlatformDowJones
I:DJUSIP,Dow Jones U.S. Property & Casualty Insurance Index,indices,us,True,CMEMarketDataPlatformDowJones
I:DJUSIQ,Dow Jones U.S. Industrial Engineering Index,indices,us,True,CMEMarketDataPlatformDowJones
I:DJUSIR,Dow Jones U.S. Insurance Index,indices,us,True,CMEMarketDataPlatformDowJones
I:DJUSIS,Dow Jones U.S. Support Services Index,indices,us,True,CMEMarketDataPlatformDowJones
I:DJUSIT,Dow Jones U.S. Industrial Transportation Index,indices,us,True,CMEMarketDataPlatformDowJones
I:DJUSIU,Dow Jones U.S. Reinsurance Index,indices,us,True,CMEMarketDataPlatformDowJones
I:DJUSIV,Dow Jones U.S. Business Support Services Index,indices,us,True,CMEMarketDataPlatformDowJones
I:DJUSIX,Dow Jones U.S. Nonlife Insurance Index,indices,us,True,CMEMarketDataPlatformDowJones
I:DJUSL,Dow Jones U.S. Large-Cap Index,indices,us,True,CMEMarketDataPlatformDowJones
I:DJUSLE,Dow Jones U.S. Leisure Goods Index,indices,us,True,CMEMarketDataPlatformDowJones
I:DJUSLG,Dow Jones U.S. Hotels Index,indices,us,True,CMEMarketDataPlatformDowJones
I:DJUSLW,Dow Jones U.S. Low-Cap Index,indices,us,True,CMEMarketDataPlatformDowJones
I:DJUSM,Dow Jones U.S. Mid-Cap Index,indices,us,True,CMEMarketDataPlatformDowJones
I:DJUSMC,Dow Jones U.S. Health Care Equipment & Services Index,indices,us,True,CMEMarketDataPlatformDowJones
I:DJUSME,Dow Jones U.S. Media Index,indices,us,True,CMEMarketDataPlatformDowJones
I:DJUSMF,Dow Jones U.S. Mortgage Finance Index,indices,us,True,CMEMarketDataPlatformDowJones
I:DJUSMG,Dow Jones U.S. Mining Index,indices,us,True,CMEMarketDataPlatformDowJones
I:DJUSMR,Dow Jones U.S. Mortgage REITs Index,indices,us,True,CMEMarketDataPlatformDowJones
I:DJUSMS,Dow Jones U.S. Medical Supplies Index,indices,us,True,CMEMarketDataPlatformDowJones
I:DJUSMT,Dow Jones U.S. Marine Transportation Index,indices,us,True,CMEMarketDataPlatformDowJones
I:DJUSMU,Dow Jones U.S. Multiutilities Index,indices,us,True,CMEMarketDataPlatformDowJones
I:DJUSNC,Dow Jones U.S. Consumer Goods Index,indices,us,True,CMEMarketDataPlatformDowJones
I:DJUSNCT,Dow Jones U.S. Consumer Goods Total Return Index,indices,us,True,CMEMarketDataPlatformDowJones
I:DJUSNF,Dow Jones U.S. Nonferrous Metals Index,indices,us,True,CMEMarketDataPlatformDowJones
I:DJUSNG,Dow Jones U.S. Personal & Household Goods Index,indices,us,True,CMEMarketDataPlatformDowJones
I:DJUSNS,Dow Jones U.S. Internet Index,indices,us,True,CMEMarketDataPlatformDowJones
I:DJUSNTR,Dow Jones U.S. Index,indices,us,True,CMEMarketDataPlatformDowJones
I:DJUSOG,Dow Jones U.S. Oil & Gas Producers Index,indices,us,True,CMEMarketDataPlatformDowJones
I:DJUSOI,Dow Jones U.S. Oil Equipment & Services Index,indices,us,True,CMEMarketDataPlatformDowJones
I:DJUSOL,Dow Jones U.S. Integrated Oil & Gas Index,indices,us,True,CMEMarketDataPlatformDowJones
I:DJUSOQ,Dow Jones U.S. Oil Equipment Services & Distribution Index,indices,us,True,CMEMarketDataPlatformDowJones
I:DJUSOQT,Dow Jones U.S. Oil Equipment Services & Distribution Total Return Index,indices,us,True,CMEMarketDataPlatformDowJones
I:DJUSOS,Dow Jones U.S. Exploration & Production Index,indices,us,True,CMEMarketDataPlatformDowJones
I:DJUSPB,Dow Jones U.S. Publishing Index,indices,us,True,CMEMarketDataPlatformDowJones
I:DJUSPC,Dow Jones U.S. Waste & Disposal Services Index,indices,us,True,CMEMarketDataPlatformDowJones
I:DJUSPG,Dow Jones U.S. Personal Goods Index,indices,us,True,CMEMarketDataPlatformDowJones
I:DJUSPL,Dow Jones U.S. Pipelines Index,indices,us,True,CMEMarketDataPlatformDowJones
I:DJUSPM,Dow Jones U.S. Gold Mining Index,indices,us,True,CMEMarketDataPlatformDowJones
I:DJUSPN,Dow Jones U.S. Pharmaceuticals & Biotechnology Index,indices,us,True,CMEMarketDataPlatformDowJones
I:DJUSPR,Dow Jones U.S. Pharmaceuticals Index,indices,us,True,CMEMarketDataPlatformDowJones
I:DJUSPRT,Dow Jones U.S. Pharmaceuticals Total Return Index,indices,us,True,CMEMarketDataPlatformDowJones
I:DJUSR10T,Dow Jones U.S. Real Estate Dail,indices,us,True,CMEMarketDataPlatformDowJones
I:DJUSRA,Dow Jones U.S. Apparel Retailers Index,indices,us,True,CMEMarketDataPlatformDowJones
I:DJUSRB,Dow Jones U.S. Broadline Retailers Index,indices,us,True,CMEMarketDataPlatformDowJones
I:DJUSRD,Dow Jones U.S. Drug Retailers Index,indices,us,True,CMEMarketDataPlatformDowJones
I:DJUSRE,Dow Jones U.S. Real Estate Index,indices,us,True,CMEMarketDataPlatformDowJones
I:DJUSRET,Dow Jones U.S. Real Estate Total Return Index,indices,us,True,CMEMarketDataPlatformDowJones
I:DJUSRH,Dow Jones U.S. Real Estate Investment & Services Index,indices,us,True,CMEMarketDataPlatformDowJones
I:DJUSRI,Dow Jones U.S. Real Estate Investment Trusts Index,indices,us,True,CMEMarketDataPlatformDowJones
I:DJUSRL,Dow Jones U.S. Retail REITs Index,indices,us,True,CMEMarketDataPlatformDowJones
I:DJUSRN,Dow Jones U.S. Residential REITs Index,indices,us,True,CMEMarketDataPlatformDowJones
I:DJUSRP,Dow Jones U.S. Recreational Products Index,indices,us,True,CMEMarketDataPlatformDowJones
I:DJUSRQ,Dow Jones U.S. Recreational Services Index,indices,us,True,CMEMarketDataPlatformDowJones
I:DJUSRR,Dow Jones U.S. Railroads Index,indices,us,True,CMEMarketDataPlatformDowJones
I:DJUSRS,Dow Jones U.S. Specialty Retailers Index,indices,us,True,CMEMarketDataPlatformDowJones
I:DJUSRT,Dow Jones U.S. Retail Index,indices,us,True,CMEMarketDataPlatformDowJones
I:DJUSRU,Dow Jones U.S. Restaurants & Bars Index,indices,us,True,CMEMarketDataPlatformDowJones
I:DJUSS,Dow Jones U.S. Small-Cap Index,indices,us,True,CMEMarketDataPlatformDowJones
I:DJUSSB,Dow Jones U.S. Investment Services Index,indices,us,True,CMEMarketDataPlatformDowJones
I:DJUSSC,Dow Jones U.S. Semiconductors Index,indices,us,True,CMEMarketDataPlatformDowJones
I:DJUSSCT,Dow Jones U.S. Semiconductors Total Return Index,indices,us,True,CMEMarketDataPlatformDowJones
I:DJUSSD,Dow Jones U.S. Soft Drinks Index,indices,us,True,CMEMarketDataPlatformDowJones
I:DJUSSF,Dow Jones U.S. Consumer Finance Index,indices,us,True,CMEMarketDataPlatformDowJones
I:DJUSSP,Dow Jones U.S. Specialty Finance Index,indices,us,True,CMEMarketDataPlatformDowJones
I:DJUSSR,Dow Jones U.S. Specialty REITs Index,indices,us,True,CMEMarketDataPlatformDowJones
I:DJUSST,Dow Jones U.S. Iron & Steel Index,indices,us,True,CMEMarketDataPlatformDowJones
I:DJUSSTRN,Dow Jones U.S. Select Short-Term REIT Index NTR,indices,us,True,CMEMarketDataPlatformDowJones
I:DJUSSV,Dow Jones U.S. Software & Computer Services Index,indices,us,True,CMEMarketDataPlatformDowJones
I:DJUSSW,Dow Jones U.S. Software Index,indices,us,True,CMEMarketDataPlatformDowJones
I:DJUSTB,Dow Jones U.S. Tobacco Index,indices,us,True,CMEMarketDataPlatformDowJones
I:DJUSTC,Dow Jones U.S. Technology Index,indices,us,True,CMEMarketDataPlatformDowJones
I:DJUSTCC,Dow Jones U.S. Technology Capped Index (USD),indices,us,True,CMEMarketDataPlatformDowJones
I:DJUSTCCT,Dow Jones U.S. Technology Index Capped (USD) TR,indices,us,True,CMEMarketDataPlatformDowJones
I:DJUSTCT,Dow Jones U.S. Technology Total Return Index,indices,us,True,CMEMarketDataPlatformDowJones
I:DJUSTK,Dow Jones U.S. Trucking Index,indices,us,True,CMEMarketDataPlatformDowJones
I:DJUSTL,Dow Jones U.S. Telecommunications Index,indices,us,True,CMEMarketDataPlatformDowJones
I:DJUSTLT,Dow Jones U.S. Telecommunications Total Return Index,indices,us,True,CMEMarketDataPlatformDowJones
I:DJUSTP,Dow Jones U.S. Top-Cap Index,indices,us,True,CMEMarketDataPlatformDowJones
I:DJUSTQ,Dow Jones U.S. Technology Hardware & Equipment Index,indices,us,True,CMEMarketDataPlatformDowJones
I:DJUSTT,Dow Jones U.S. Travel & Tourism Index,indices,us,True,CMEMarketDataPlatformDowJones
I:DJUSTY,Dow Jones U.S. Toys Index,indices,us,True,CMEMarketDataPlatformDowJones
I:DJUSUO,Dow Jones U.S. Gas Water & Multiutilities Index,indices,us,True,CMEMarketDataPlatformDowJones
I:DJUSUT,Dow Jones U.S. Utilities Index,indices,us,True,CMEMarketDataPlatformDowJones
I:DJUSUTT,Dow Jones U.S. Utilities Total Return Index,indices,us,True,CMEMarketDataPlatformDowJones
I:DJUSVA,Dow Jones U.S. Value Index,indices,us,True,CMEMarketDataPlatformDowJones
I:DJUSVE,Dow Jones U.S. Conventional Electricity Index,indices,us,True,CMEMarketDataPlatformDowJones
I:DJUSVL,Dow Jones U.S. Large-Cap Value Index,indices,us,True,CMEMarketDataPlatformDowJones
I:DJUSVM,Dow Jones U.S. Mid-Cap Value Index,indices,us,True,CMEMarketDataPlatformDowJones
I:DJUSVN,Dow Jones U.S. Distillers & Vintners Index,indices,us,True,CMEMarketDataPlatformDowJones
I:DJUSVS,Dow Jones U.S. Small-Cap Value Index,indices,us,True,CMEMarketDataPlatformDowJones
I:DJUSWC,Dow Jones U.S. Mobile Telecommunications Index,indices,us,True,CMEMarketDataPlatformDowJones
I:DJUSWCT,Dow Jones U.S. Mobile Telecommunications Total Return Index,indices,us,True,CMEMarketDataPlatformDowJones
I:DJUSWU,Dow Jones U.S. Water Index,indices,us,True,CMEMarketDataPlatformDowJones
I:DJUTR,Dow Jones Utility Average TR,indices,us,True,CMEMarketDataPlatformDowJones
I:DJX,Options on the Dow Jones Industrial Average,indices,us,True,CboeGlobalIndicesMain
I:DKDOW,Dow Jones Denmark Index,indices,us,True,CMEMarketDataPlatformDowJones
I:DKDOWD,Dow Jones Denmark Index (USD),indices,us,True,CMEMarketDataPlatformDowJones
I:DKDSKBKP,,indices,us,True,CMEMarketDataPlatformDowJones
I:DKDSKBKT,,indices,us,True,CMEMarketDataPlatformDowJones
I:DLVIX,Dynamic Long VIX Futures Index,indices,us,True,CboeGlobalIndicesMain
I:DMAXIV,iShares Large Cap Max Buffer Dec ETF Intraday Indicative Value,indices,us,True,CboeGlobalIndicesINAV
I:DOGE100K,Cboe 100k DOGE / USD RealPrice,indices,us,True,CboeGlobalIndicesCCCY
I:DOGE10K,Cboe 10000 DOGE / USD RealPrice,indices,us,True,CboeGlobalIndicesCCCY
I:DOGE200K,Cboe 200K Dogecoin / US Dollar RealPrice Index,indices,us,True,CboeGlobalIndicesCCCY
I:DOGE500K,Cboe 500K Dogecoin / US Dollar RealPrice Index,indices,us,True,CboeGlobalIndicesCCCY
I:DOGE50K,Cboe 50000 DOGE / USD RealPrice,indices,us,True,CboeGlobalIndicesCCCY
I:DOGIV,PROSHARES SHORT DOW30 ETF,indices,us,True,CboeGlobalIndicesINAV
I:DOT10KRP,Cboe 10000 Polkadot / USD RealPrice,indices,us,True,CboeGlobalIndicesCCCY
I:DOT1KRP,Cboe 1000 Polkadot / USD RealPrice,indices,us,True,CboeGlobalIndicesCCCY
I:DOT2500,Cboe 2500 Polkadot / USD RealPrice,indices,us,True,CboeGlobalIndicesCCCY
I:DOT250RP,Cboe 250 Polkadot / USD RealPrice,indices,us,True,CboeGlobalIndicesCCCY
I:DOT5KRP,Cboe 5000 Polkadot / USD RealPrice,indices,us,True,CboeGlobalIndicesCCCY
I:DRB,NASDAQ US Buyback Achievers Index,indices,us,True,NasdaqGIDS
I:DRBG,NASDAQ Global Buyback Achievers Index,indices,us,True,NasdaqGIDS
I:DRBGN,NASDAQ Global Buyback Achievers NTR Index,indices,us,True,NasdaqGIDS
I:DRBGT,NASDAQ Global Buyback Achievers TR Index,indices,us,True,NasdaqGIDS
I:DRBN,NASDAQ US Buyback Achievers Net Total Return Index,indices,us,True,NasdaqGIDS
I:DRBNNR,NASDAQ US Buyback Achievers Notational Net Total,indices,us,True,NasdaqGIDS
I:DRBTR,NASDAQ US Buyback Achievers Index TR,indices,us,True,NasdaqGIDS
I:DRBXUS,NASDAQ International BuyBack Achievers Index,indices,us,True,NasdaqGIDS
I:DRBXUSN,NASDAQ International BuyBack Achievers Net Total R,indices,us,True,NasdaqGIDS
I:DRBXUST,NASDAQ International BuyBack Achievers Total Retur,indices,us,True,NasdaqGIDS
I:DSPX,Cboe S&P 500 Dispersion Index,indices,us,True,CboeGlobalIndicesMain
I:DSVIER,Dynamic Short VIX Futures Index,indices,us,True,CboeGlobalIndicesMain
I:DSVIX,Dynamic Short VIX Futures Index,indices,us,True,CboeGlobalIndicesMain
I:DUGIV,PROSHARES ULTRASHORT OIL & GAS ETF,indices,us,True,CboeGlobalIndicesINAV
I:DVG,NASDAQ US Dividend Achievers Select Index,indices,us,True,NasdaqGIDS
I:DVGCAD,NASDAQ US Dividend Achievers Select CAD Index,indices,us,True,NasdaqGIDS
I:DVGCADH,NASDAQ US Dividend Achievers Selected Currency Hed,indices,us,True,NasdaqGIDS
I:DVGCADN,NASDAQ US Dividend Achievers Select CAD NR,indices,us,True,NasdaqGIDS
I:DVGCADNY4,NASDAQ US Dividend Achievers Select CAD NY4,indices,us,True,NasdaqGIDS
I:DVGCADNY4N,NASDAQ US Dividend Achievers Select CAD NR NY4,indices,us,True,NasdaqGIDS
I:DVGCADTR,NASDAQ US Dividend Achievers Select CAD Total Retu,indices,us,True,NasdaqGIDS
I:DVGCADTRNY4,NASDAQ US Dividend Achievers Select CAD TR NY4,indices,us,True,NasdaqGIDS
I:DVGTCADH,NASDAQ US Dividend Achievers Selected Currency Hed,indices,us,True,NasdaqGIDS
I:DVGTR,NASDAQ US Dividend Achievers Select Index TR,indices,us,True,NasdaqGIDS
I:DVNDIV,Touchstone Dividend Select ETF,indices,us,True,CboeGlobalIndicesINAV
I:DW25,Dow Jones U.S. Broad Stock Market Index,indices,us,True,CMEMarketDataPlatformDowJones
I:DW25NTR,Dow Jones U.S. Broad Stock Mark,indices,us,True,CMEMarketDataPlatformDowJones
I:DW25T,Dow Jones U.S. Broad Stock Market Total Return Index,indices,us,True,CMEMarketDataPlatformDowJones
I:DWADM,Dorsey Wright Developed Markets Tech Leaders,indices,us,True,NasdaqGIDS
I:DWADMNTR,Dorsey Wright Developed Markets Tech Leaders NTR,indices,us,True,NasdaqGIDS
I:DWAEM,Dorsey Wright Emerging Markets Tech Leaders,indices,us,True,NasdaqGIDS
I:DWAEMNTR,Dorsey Wright Emerging Markets Tech Leaders NTR,indices,us,True,NasdaqGIDS
I:DWAMLP,DWA MLP Select Index,indices,us,True,NasdaqGIDS
I:DWAMLPN,DWA MLP Select NTR Index,indices,us,True,NasdaqGIDS
I:DWAMLPT,DWA MLP Select Total Return Index,indices,us,True,NasdaqGIDS
I:DWAMLV,Dorsey Wright Momentum Plus Low Volatility Index,indices,us,True,NasdaqGIDS
I:DWAMLVCH,DWA Switzerland Momentum & Low Volatility,indices,us,True,NasdaqGIDS
I:DWAMLVCHNTR,DWA Switzerland Momentum & Low Volatility NTR,indices,us,True,NasdaqGIDS
I:DWAMLVCHT,DWA Switzerland Momentum & Low Volatility TR,indices,us,True,NasdaqGIDS
I:DWAMLVDM,DWA Developed Market Momentum & Low Volatility,indices,us,True,NasdaqGIDS
I:DWAMLVDMNTR,DWA Developed Market Momentum & Low Volatility NTR,indices,us,True,NasdaqGIDS
I:DWAMLVDMT,DWA Developed Market Momentum & Low Volatility TR,indices,us,True,NasdaqGIDS
I:DWAMLVEM,DWA Emerging Market Momentum & Low Volatility,indices,us,True,NasdaqGIDS
I:DWAMLVEMNTR,DWA Emerging Market Momentum & Low Volatility NTR,indices,us,True,NasdaqGIDS
I:DWAMLVEMT,DWA Emerging Market Momentum & Low Volatility TR,indices,us,True,NasdaqGIDS
I:DWAMLVN,Dorsey Wright Momentum Plus Low Vol NTR Index,indices,us,True,NasdaqGIDS
I:DWAMLVT,Dorsey Wright Momentum Plus Low Vol TR Index,indices,us,True,NasdaqGIDS
I:DWAMRS,Dow Jones Americas Select Real Estate Securities Index,indices,us,True,CMEMarketDataPlatformDowJones
I:DWAMRT,Dow Jones Americas Select REIT Index (USD),indices,us,True,CMEMarketDataPlatformDowJones
I:DWAMV,Dorsey Wright Momentum Plus Value Index,indices,us,True,NasdaqGIDS
I:DWAMVN,Dorsey Wright Momentum Plus Value NTR Index,indices,us,True,NasdaqGIDS
I:DWAMVT,Dorsey Wright Momentum Plus Value TR Index,indices,us,True,NasdaqGIDS
I:DWAMY,Dorsey Wright Momentum Plus Dividend Yield Index,indices,us,True,NasdaqGIDS
I:DWAMYN,Dorsey Wright Momentum Plus Dividend Yld NTR Index,indices,us,True,NasdaqGIDS
I:DWAMYT,Dorsey Wright Momentum Plus Dividend Yld TR Index,indices,us,True,NasdaqGIDS
I:DWANQDFF,Dorsey Wright Dynamic Focus Five Index,indices,us,True,NasdaqGIDS
I:DWANQDFFT,Dorsey Wright Dynamic Focus Five Total Return Inde,indices,us,True,NasdaqGIDS
I:DWANQFF,Dorsey Wright Focus Five Index,indices,us,True,NasdaqGIDS
I:DWANQFFT,Dorsey Wright Focus Five Total Return Index,indices,us,True,NasdaqGIDS
I:DWANQIFF,Dorsey Wright International Focus Five Index,indices,us,True,NasdaqGIDS
I:DWANQIFFT,Dorsey Wright International Focus Five Total Retur,indices,us,True,NasdaqGIDS
I:DWAPRS,Dow Jones Asia/Pacific Select Real Estate Securities Index,indices,us,True,CMEMarketDataPlatformDowJones
I:DWAPRT,Dow Jones Asia/Pacific Select REIT Index (USD),indices,us,True,CMEMarketDataPlatformDowJones
I:DWATLMY,Dorsey Wright Technical Leaders Malaysia Index,indices,us,True,NasdaqGIDS
I:DWATLMYMYR,Dorsey Wright TL Malaysia MYR Index,indices,us,True,NasdaqGIDS
I:DWATLMYMYRNTR,Dorsey Wright TL Malaysia MYR Index NTR Index,indices,us,True,NasdaqGIDS
I:DWATLMYMYRTR,Dorsey Wright TL Malaysia MYR Index TR Index,indices,us,True,NasdaqGIDS
I:DWATLMYNTR,Dorsey Wright Technical Leaders Malaysia Index NTR,indices,us,True,NasdaqGIDS
I:DWATLMYTR,Dorsey Wright Technical Leaders Malaysia Index TR,indices,us,True,NasdaqGIDS
I:DWATLSC,Dorsey Wright SmallCap Tech Leaders,indices,us,True,NasdaqGIDS
I:DWATLSCT,Dorsey Wright SmallCap Tech Leaders TR,indices,us,True,NasdaqGIDS
I:DWATRDM,Dorsey Wright Developed Markets Tech Leaders TR,indices,us,True,NasdaqGIDS
I:DWATREM,Dorsey Wright Emerging Markets Tech Leaders TR,indices,us,True,NasdaqGIDS
I:DWATTMC,Dorsey Wright Tactical Tilt Moderate Core Index,indices,us,True,NasdaqGIDS
I:DWATTMCT,Dorsey Wright Tactical Tilt Moderate Core TR Index,indices,us,True,NasdaqGIDS
I:DWBM,Dorsey Wright Basic Materials Tech Leaders,indices,us,True,NasdaqGIDS
I:DWBMTR,Dorsey Wright Basic Materials Tech Leaders TR,indices,us,True,NasdaqGIDS
I:DWCAEC,Dow Jones U.S. Alternative Electricity Total Stock Market Index,indices,us,True,CMEMarketDataPlatformDowJones
I:DWCAEG,Dow Jones U.S. Alternative Energy Total Stock Market Index,indices,us,True,CMEMarketDataPlatformDowJones
I:DWCAIR,Dow Jones U.S. Airlines Total Stock Market Index,indices,us,True,CMEMarketDataPlatformDowJones
I:DWCALU,Dow Jones U.S. Aluminum Total Stock Market Index,indices,us,True,CMEMarketDataPlatformDowJones
I:DWCAMG,Dow Jones U.S. Asset Managers Total Stock Market Index,indices,us,True,CMEMarketDataPlatformDowJones
I:DWCAPR,Dow Jones U.S. Apparel Retailers Total Stock Market Index,indices,us,True,CMEMarketDataPlatformDowJones
I:DWCAPT,Dow Jones U.S. Auto Parts Total Stock Market Index,indices,us,True,CMEMarketDataPlatformDowJones
I:DWCARD,Dow Jones U.S. Aerospace & Defense Total Stock Market Index,indices,us,True,CMEMarketDataPlatformDowJones
I:DWCARO,Dow Jones U.S. Aerospace Total Stock Market Index,indices,us,True,CMEMarketDataPlatformDowJones
I:DWCATO,Dow Jones U.S. Automobiles Total Stock Market Index,indices,us,True,CMEMarketDataPlatformDowJones
I:DWCAUP,Dow Jones U.S. Automobiles & Parts Total Stock Market Index,indices,us,True,CMEMarketDataPlatformDowJones
I:DWCBLD,Dow Jones U.S. Building Materials & Fixtures Total Stock Market Index,indices,us,True,CMEMarketDataPlatformDowJones
I:DWCBNK,Dow Jones U.S. Banks Total Stock Market Index,indices,us,True,CMEMarketDataPlatformDowJones
I:DWCBRD,Dow Jones U.S. Broadcasting & Entertainment Total Stock Market Index,indices,us,True,CMEMarketDataPlatformDowJones
I:DWCBRW,Dow Jones U.S. Brewers Total Stock Market Index,indices,us,True,CMEMarketDataPlatformDowJones
I:DWCBSC,Dow Jones U.S. Basic Resources Total Stock Market Index,indices,us,True,CMEMarketDataPlatformDowJones
I:DWCBSM,Dow Jones U.S. Basic Materials Total Stock Market Index,indices,us,True,CMEMarketDataPlatformDowJones
I:DWCBSS,Dow Jones U.S. Business Support Services Total Stock Market Index,indices,us,True,CMEMarketDataPlatformDowJones
I:DWCBTC,Dow Jones U.S. Biotechnology Total Stock Market Index,indices,us,True,CMEMarketDataPlatformDowJones
I:DWCBTE,Dow Jones U.S. Business Training & Employment Agencies Total Stock Market Index,indices,us,True,CMEMarketDataPlatformDowJones
I:DWCBVG,Dow Jones U.S. Beverages Total Stock Market Index,indices,us,True,CMEMarketDataPlatformDowJones
I:DWCC,Dorsey Wright Consumer Cyclicals Tech Leaders,indices,us,True,NasdaqGIDS
I:DWCCEC,Dow Jones U.S. Conventional Electricity Total Stock Market Index,indices,us,True,CMEMarketDataPlatformDowJones
I:DWCCGS,Dow Jones U.S. Consumer Goods Total Stock Market Index,indices,us,True,CMEMarketDataPlatformDowJones
I:DWCCHC,Dow Jones U.S. Commodity Chemicals Total Stock Market Index,indices,us,True,CMEMarketDataPlatformDowJones
I:DWCCHM,Dow Jones U.S. Chemicals Total Stock Market Index,indices,us,True,CMEMarketDataPlatformDowJones
I:DWCCHS,Dow Jones U.S. Specialty Chemicals Total Stock Market Index,indices,us,True,CMEMarketDataPlatformDowJones
I:DWCCLO,Dow Jones U.S. Clothing & Accessories Total Stock Market Index,indices,us,True,CMEMarketDataPlatformDowJones
I:DWCCMP,Dow Jones U.S. Computer Services Total Stock Market Index,indices,us,True,CMEMarketDataPlatformDowJones
I:DWCCNS,Dow Jones U.S. Construction & Materials Total Stock Market Index,indices,us,True,CMEMarketDataPlatformDowJones
I:DWCCOA,Dow Jones U.S. Coal Total Stock Market Index,indices,us,True,CMEMarketDataPlatformDowJones
I:DWCCON,Dow Jones U.S. Heavy Construction Total Stock Market Index,indices,us,True,CMEMarketDataPlatformDowJones
I:DWCCPR,Dow Jones U.S. Computer Hardware Total Stock Market Index,indices,us,True,CMEMarketDataPlatformDowJones
I:DWCCSE,Dow Jones U.S. Consumer Electronics Total Stock Market Index,indices,us,True,CMEMarketDataPlatformDowJones
I:DWCCSF,Dow Jones U.S. Consumer Finance Total Stock Market Index,indices,us,True,CMEMarketDataPlatformDowJones
I:DWCCSV,Dow Jones U.S. Consumer Services Total Stock Market Index,indices,us,True,CMEMarketDataPlatformDowJones
I:DWCCTR,Dorsey Wright Consumer Cyclicals Tech Leaders TR,indices,us,True,CMEMarketDataPlatformDowJones
I:DWCDEF,Dow Jones U.S. Defense Total Stock Market Index,indices,us,True,CMEMarketDataPlatformDowJones
I:DWCDLS,Dow Jones U.S. Delivery Services Total Stock Market Index,indices,us,True,CMEMarketDataPlatformDowJones
I:DWCDSV,Dow Jones U.S. Distillers & Vintners Total Stock Market Index,indices,us,True,CMEMarketDataPlatformDowJones
I:DWCDVF,Dow Jones U.S. Diversified REITs Total Stock Market Index,indices,us,True,CMEMarketDataPlatformDowJones
I:DWCEEE,Dow Jones U.S. Electronic & Electrical Equipment Total Stock Market Index,indices,us,True,CMEMarketDataPlatformDowJones
I:DWCELC,Dow Jones U.S. Electricity Total Stock Market Index,indices,us,True,CMEMarketDataPlatformDowJones
I:DWCELQ,Dow Jones U.S. Electrical Components & Equipment Total Stock Market Index,indices,us,True,CMEMarketDataPlatformDowJones
I:DWCEXP,Dow Jones U.S. Exploration & Production Total Stock Market Index,indices,us,True,CMEMarketDataPlatformDowJones
I:DWCF,Dow Jones U.S. Total Stock Market Index,indices,us,True,CMEMarketDataPlatformDowJones
I:DWCFAC,Dow Jones U.S. Industrial Machinery Total Stock Market Index,indices,us,True,CMEMarketDataPlatformDowJones
I:DWCFAD,Dow Jones U.S. Financial Administration Total Stock Market Index,indices,us,True,CMEMarketDataPlatformDowJones
I:DWCFAF,Dow Jones U.S. Farming & Fishing Total Stock Market Index,indices,us,True,CMEMarketDataPlatformDowJones
I:DWCFDR,Dow Jones U.S. Food & Drug Retailers Total Stock Market Index,indices,us,True,CMEMarketDataPlatformDowJones
I:DWCFIN,Dow Jones U.S. Financials Total Stock Market Index,indices,us,True,CMEMarketDataPlatformDowJones
I:DWCFNT,Dow Jones U.S. Total Stock Market Total Return Net Index,indices,us,True,CMEMarketDataPlatformDowJones
I:DWCFOB,Dow Jones U.S. Food & Beverage Total Stock Market Index,indices,us,True,CMEMarketDataPlatformDowJones
I:DWCFOD,Dow Jones U.S. Food Products Total Stock Market Index,indices,us,True,CMEMarketDataPlatformDowJones
I:DWCFOP,Dow Jones U.S. Food Producers Total Stock Market Index,indices,us,True,CMEMarketDataPlatformDowJones
I:DWCFOT,Dow Jones U.S. Footwear Total Stock Market Index,indices,us,True,CMEMarketDataPlatformDowJones
I:DWCFRN,Dow Jones U.S. Furnishings Total Stock Market Index,indices,us,True,CMEMarketDataPlatformDowJones
I:DWCFRP,Dow Jones U.S. Forestry & Paper Total Stock Market Index,indices,us,True,CMEMarketDataPlatformDowJones
I:DWCFRW,Dow Jones U.S. Food Retailers & Wholesalers Total Stock Market Index,indices,us,True,CMEMarketDataPlatformDowJones
I:DWCFSV,Dow Jones U.S. Financial Services Supersector Total Stock Market Index (USD),indices,us,True,CMEMarketDataPlatformDowJones
I:DWCFT,Dow Jones U.S. Total Stock Market Total Return Index,indices,us,True,CMEMarketDataPlatformDowJones
I:DWCFTL,Dow Jones U.S. Fixed Line Telecommunications Total Stock Market Index,indices,us,True,CMEMarketDataPlatformDowJones
I:DWCGAM,Dow Jones U.S. Gambling Total Stock Market Index,indices,us,True,CMEMarketDataPlatformDowJones
I:DWCGAS,Dow Jones U.S. Gas Distribution Total Stock Market Index,indices,us,True,CMEMarketDataPlatformDowJones
I:DWCGFN,Dow Jones U.S. Financial Services Sector Total Stock Market Index (USD),indices,us,True,CMEMarketDataPlatformDowJones
I:DWCGWM,Dow Jones U.S. Gas Water & Multiutilities Total Stock Market Index,indices,us,True,CMEMarketDataPlatformDowJones
I:DWCHCE,Dow Jones U.S. Health Care Equipment & Services Total Stock Market Index,indices,us,True,CMEMarketDataPlatformDowJones
I:DWCHCR,Dow Jones U.S. Health Care Total Stock Market Index,indices,us,True,CMEMarketDataPlatformDowJones
I:DWCHEA,Dow Jones U.S. Health Care Providers Total Stock Market Index,indices,us,True,CMEMarketDataPlatformDowJones
I:DWCHHG,Dow Jones U.S. Household Goods & Home Construction Total Stock Market Index,indices,us,True,CMEMarketDataPlatformDowJones
I:DWCHIR,Dow Jones U.S. Home Improvement Retailers Total Stock Market Index,indices,us,True,CMEMarketDataPlatformDowJones
I:DWCHOM,Dow Jones U.S. Home Construction Total Stock Market Index,indices,us,True,CMEMarketDataPlatformDowJones
I:DWCHPD,Dow Jones U.S. Durable Household Products Total Stock Market Index,indices,us,True,CMEMarketDataPlatformDowJones
I:DWCHPN,Dow Jones U.S. Nondurable Household Products Total Stock Market Index,indices,us,True,CMEMarketDataPlatformDowJones
I:DWCHTL,Dow Jones U.S. Hotels Total Stock Market Index,indices,us,True,CMEMarketDataPlatformDowJones
I:DWCHTR,Dow Jones U.S. Hotel & Lodging REITs Total Stock Market Index,indices,us,True,CMEMarketDataPlatformDowJones
I:DWCIDD,Dow Jones U.S. Diversified Industrials Total Stock Market Index,indices,us,True,CMEMarketDataPlatformDowJones
I:DWCIDE,Dow Jones U.S. Industrial Engineering Total Stock Market Index,indices,us,True,CMEMarketDataPlatformDowJones
I:DWCIDM,Dow Jones U.S. Industrial Metals & Mining Total Stock Market Index,indices,us,True,CMEMarketDataPlatformDowJones
I:DWCIDS,Dow Jones U.S. Industrial Suppliers Total Stock Market Index,indices,us,True,CMEMarketDataPlatformDowJones
I:DWCIDU,Dow Jones U.S. Industrials Total Stock Market Index,indices,us,True,CMEMarketDataPlatformDowJones
I:DWCIGS,Dow Jones U.S. Industrial Goods & Services Total Stock Market Index,indices,us,True,CMEMarketDataPlatformDowJones
I:DWCINB,Dow Jones U.S. Insurance Brokers Total Stock Market Index,indices,us,True,CMEMarketDataPlatformDowJones
I:DWCIND,Dow Jones U.S. General Industrials Total Stock Market Index,indices,us,True,CMEMarketDataPlatformDowJones
I:DWCINF,Dow Jones U.S. Full Line Insurance Total Stock Market Index,indices,us,True,CMEMarketDataPlatformDowJones
I:DWCINL,Dow Jones U.S. Life Insurance Total Stock Market Index,indices,us,True,CMEMarketDataPlatformDowJones
I:DWCINP,Dow Jones U.S. Property & Casualty Insurance Total Stock Market Index,indices,us,True,CMEMarketDataPlatformDowJones
I:DWCINS,Dow Jones U.S. Insurance Total Stock Market Index,indices,us,True,CMEMarketDataPlatformDowJones
I:DWCINT,Dow Jones U.S. Internet Total Stock Market Index,indices,us,True,CMEMarketDataPlatformDowJones
I:DWCINV,Dow Jones U.S. Investment Services Total Stock Market Index,indices,us,True,CMEMarketDataPlatformDowJones
I:DWCIOF,Dow Jones U.S. Industrial & Office REITs Total Stock Market Index,indices,us,True,CMEMarketDataPlatformDowJones
I:DWCIOG,Dow Jones U.S. Integrated Oil & Gas Total Stock Market Index,indices,us,True,CMEMarketDataPlatformDowJones
I:DWCITC,Dow Jones U.S. Electronic Equipment Total Stock Market Index,indices,us,True,CMEMarketDataPlatformDowJones
I:DWCLSG,Dow Jones U.S. Leisure Goods Total Stock Market Index,indices,us,True,CMEMarketDataPlatformDowJones
I:DWCMAC,Dow Jones U.S. Commercial Vehicles & Trucks Total Stock Market Index,indices,us,True,CMEMarketDataPlatformDowJones
I:DWCMAR,Dow Jones U.S. Marine Transportation Total Stock Market Index,indices,us,True,CMEMarketDataPlatformDowJones
I:DWCMDA,Dow Jones U.S. Media Agencies Total Stock Market Index,indices,us,True,CMEMarketDataPlatformDowJones
I:DWCMDI,Dow Jones U.S. Media Total Stock Market Index,indices,us,True,CMEMarketDataPlatformDowJones
I:DWCMDS,Dow Jones U.S. Medical Supplies Total Stock Market Index,indices,us,True,CMEMarketDataPlatformDowJones
I:DWCMED,Dow Jones U.S. Medical Equipment Total Stock Market Index,indices,us,True,CMEMarketDataPlatformDowJones
I:DWCMGF,Dow Jones U.S. Mortgage Finance Total Stock Market Index,indices,us,True,CMEMarketDataPlatformDowJones
I:DWCMIN,Dow Jones U.S. Mining Total Stock Market Index,indices,us,True,CMEMarketDataPlatformDowJones
I:DWCMNG,Dow Jones U.S. General Mining Total Stock Market Index,indices,us,True,CMEMarketDataPlatformDowJones
I:DWCMTG,Dow Jones U.S. Mortgage REITs Total Stock Market Index,indices,us,True,CMEMarketDataPlatformDowJones
I:DWCMTL,Dow Jones U.S. Mobile Telecommunications Total Stock Market Index,indices,us,True,CMEMarketDataPlatformDowJones
I:DWCMUT,Dow Jones U.S. Multiutilities Total Stock Market Index,indices,us,True,CMEMarketDataPlatformDowJones
I:DWCNLI,Dow Jones U.S. Nonlife Insurance Total Stock Market Index,indices,us,True,CMEMarketDataPlatformDowJones
I:DWCOES,Dow Jones U.S. Oil Equipment & Services Total Stock Market Index,indices,us,True,CMEMarketDataPlatformDowJones
I:DWCOFF,Dow Jones U.S. Electronic Office Equipment Total Stock Market Index,indices,us,True,CMEMarketDataPlatformDowJones
I:DWCOGP,Dow Jones U.S. Oil & Gas Producers Total Stock Market Index,indices,us,True,CMEMarketDataPlatformDowJones
I:DWCOGS,Dow Jones U.S. Oil & Gas Total Stock Market Index,indices,us,True,CMEMarketDataPlatformDowJones
I:DWCONF,Dow Jones U.S. Nonferrous Metals Total Stock Market Index,indices,us,True,CMEMarketDataPlatformDowJones
I:DWCOSD,Dow Jones U.S. Oil Equipment Services & Distribution Total Stock Market Index,indices,us,True,CMEMarketDataPlatformDowJones
I:DWCPAP,Dow Jones U.S. Paper Total Stock Market Index,indices,us,True,CMEMarketDataPlatformDowJones
I:DWCPBT,Dow Jones U.S. Pharmaceuticals & Biotechnology Total Stock Market Index,indices,us,True,CMEMarketDataPlatformDowJones
I:DWCPCS,Dow Jones U.S. Gold Mining Total Stock Market Index,indices,us,True,CMEMarketDataPlatformDowJones
I:DWCPF,Dow Jones U.S. Completion Total Stock Market Index,indices,us,True,CMEMarketDataPlatformDowJones
I:DWCPHG,Dow Jones U.S. Personal & Household Goods Total Stock Market Index,indices,us,True,CMEMarketDataPlatformDowJones
I:DWCPHM,Dow Jones U.S. Pharmaceuticals Total Stock Market Index,indices,us,True,CMEMarketDataPlatformDowJones
I:DWCPIP,Dow Jones U.S. Pipelines Total Stock Market Index,indices,us,True,CMEMarketDataPlatformDowJones
I:DWCPOL,Dow Jones U.S. Waste & Disposal Services Total Stock Market Index,indices,us,True,CMEMarketDataPlatformDowJones
I:DWCPPD,Dow Jones U.S. Personal Products Total Stock Market Index,indices,us,True,CMEMarketDataPlatformDowJones
I:DWCPSG,Dow Jones U.S. Personal Goods Total Stock Market Index,indices,us,True,CMEMarketDataPlatformDowJones
I:DWCPUB,Dow Jones U.S. Publishing Total Stock Market Index,indices,us,True,CMEMarketDataPlatformDowJones
I:DWCRAI,Dow Jones U.S. Railroads Total Stock Market Index,indices,us,True,CMEMarketDataPlatformDowJones
I:DWCRCS,Dow Jones U.S. Recreational Services Total Stock Market Index,indices,us,True,CMEMarketDataPlatformDowJones
I:DWCREA,Dow Jones U.S. Real Estate Total Stock Market Index,indices,us,True,CMEMarketDataPlatformDowJones
I:DWCREE,Dow Jones U.S. Renewable Energy Equipment Total Stock Market Index,indices,us,True,CMEMarketDataPlatformDowJones
I:DWCREH,Dow Jones U.S. Real Estate Holding & Development Total Stock Market Index,indices,us,True,CMEMarketDataPlatformDowJones
I:DWCREI,Dow Jones U.S. Real Estate Investment Trusts Total Stock Market Index,indices,us,True,CMEMarketDataPlatformDowJones
I:DWCREQ,Dow Jones U.S. Recreational Products Total Stock Market Index,indices,us,True,CMEMarketDataPlatformDowJones
I:DWCRES,Dow Jones U.S. Restaurants & Bars Total Stock Market Index,indices,us,True,CMEMarketDataPlatformDowJones
I:DWCRHD,Dow Jones U.S. Real Estate Investment & Services Total Stock Market Index,indices,us,True,CMEMarketDataPlatformDowJones
I:DWCRNS,Dow Jones U.S. Reinsurance Total Stock Market Index,indices,us,True,CMEMarketDataPlatformDowJones
I:DWCRSD,Dow Jones U.S. Residential REITs Total Stock Market Index,indices,us,True,CMEMarketDataPlatformDowJones
I:DWCRSV,Dow Jones U.S. Real Estate Services Total Stock Market Index,indices,us,True,CMEMarketDataPlatformDowJones
I:DWCRTB,Dow Jones U.S. Broadline Retailers Total Stock Market Index,indices,us,True,CMEMarketDataPlatformDowJones
I:DWCRTD,Dow Jones U.S. Drug Retailers Total Stock Market Index,indices,us,True,CMEMarketDataPlatformDowJones
I:DWCRTL,Dow Jones U.S. Retail Total Stock Market Index,indices,us,True,CMEMarketDataPlatformDowJones
I:DWCRTR,Dow Jones U.S. Retail REITs Total Stock Market Index,indices,us,True,CMEMarketDataPlatformDowJones
I:DWCRTS,Dow Jones U.S. General Retailers Total Stock Market Index,indices,us,True,CMEMarketDataPlatformDowJones
I:DWCS,Dorsey Wright Consumer Staples Tech Leaders,indices,us,True,NasdaqGIDS
I:DWCSCV,Dow Jones U.S. Specialized Consumer Services Total Stock Market Index,indices,us,True,CMEMarketDataPlatformDowJones
I:DWCSEM,Dow Jones U.S. Semiconductors Total Stock Market Index,indices,us,True,CMEMarketDataPlatformDowJones
I:DWCSFC,Dow Jones U.S. Software & Computer Services Total Stock Market Index,indices,us,True,CMEMarketDataPlatformDowJones
I:DWCSFT,Dow Jones U.S. Soft Drinks Total Stock Market Index,indices,us,True,CMEMarketDataPlatformDowJones
I:DWCSOF,Dow Jones U.S. Software Total Stock Market Index,indices,us,True,CMEMarketDataPlatformDowJones
I:DWCSPC,Dow Jones U.S. Specialty REITs Total Stock Market Index,indices,us,True,CMEMarketDataPlatformDowJones
I:DWCSPF,Dow Jones U.S. Specialty Finance Total Stock Market Index,indices,us,True,CMEMarketDataPlatformDowJones
I:DWCSPS,Dow Jones U.S. Support Services Total Stock Market Index,indices,us,True,CMEMarketDataPlatformDowJones
I:DWCSRT,Dow Jones U.S. Specialty Retailers Total Stock Market Index,indices,us,True,CMEMarketDataPlatformDowJones
I:DWCSTL,Dow Jones U.S. Iron & Steel Total Stock Market Index,indices,us,True,CMEMarketDataPlatformDowJones
I:DWCSTR,Dorsey Wright Consumer Staples Tech Leaders TR,indices,us,True,NasdaqGIDS
I:DWCTCQ,Dow Jones U.S. Technology Hardware & Equipment Total Stock Market Index,indices,us,True,CMEMarketDataPlatformDowJones
I:DWCTEC,Dow Jones U.S. Technology Total Stock Market Index,indices,us,True,CMEMarketDataPlatformDowJones
I:DWCTIR,Dow Jones U.S. Tires Total Stock Market Index,indices,us,True,CMEMarketDataPlatformDowJones
I:DWCTLQ,Dow Jones U.S. Telecommunications Equipment Total Stock Market Index,indices,us,True,CMEMarketDataPlatformDowJones
I:DWCTLS,Dow Jones U.S. Telecommunications Total Stock Market Index,indices,us,True,CMEMarketDataPlatformDowJones
I:DWCTOB,Dow Jones U.S. Tobacco Total Stock Market Index,indices,us,True,CMEMarketDataPlatformDowJones
I:DWCTOY,Dow Jones U.S. Toys Total Stock Market Index,indices,us,True,CMEMarketDataPlatformDowJones
I:DWCTRA,Dow Jones U.S. Industrial Transportation Total Stock Market Index,indices,us,True,CMEMarketDataPlatformDowJones
I:DWCTRK,Dow Jones U.S. Trucking Total Stock Market Index,indices,us,True,CMEMarketDataPlatformDowJones
I:DWCTRS,Dow Jones U.S. Transportation Services Total Stock Market Index,indices,us,True,CMEMarketDataPlatformDowJones
I:DWCTTR,Dow Jones U.S. Travel & Tourism Total Stock Market Index,indices,us,True,CMEMarketDataPlatformDowJones
I:DWCTVL,Dow Jones U.S. Travel & Leisure Total Stock Market Index,indices,us,True,CMEMarketDataPlatformDowJones
I:DWCUTI,Dow Jones U.S. Utilities Total Stock Market Index,indices,us,True,CMEMarketDataPlatformDowJones
I:DWCWAT,Dow Jones U.S. Water Total Stock Market Index,indices,us,True,CMEMarketDataPlatformDowJones
I:DWEDRS,Dow Jones Europe Developed Markets Select Real Estate Securities Index (USD),indices,us,True,CMEMarketDataPlatformDowJones
I:DWEDRSE,Dow Jones Europe Developed Markets Select Real Estate Securities Index (EUR),indices,us,True,CMEMarketDataPlatformDowJones
I:DWEDRT,Dow Jones Europe Developed Markets Select REIT Index (USD),indices,us,True,CMEMarketDataPlatformDowJones
I:DWEDRTE,Dow Jones Europe Developed Markets Select REIT Index (EUR),indices,us,True,CMEMarketDataPlatformDowJones
I:DWEN,Dorsey Wright Energy Tech Leaders,indices,us,True,NasdaqGIDS
I:DWENTR,Dorsey Wright Energy Tech Leaders TR,indices,us,True,NasdaqGIDS
I:DWEURS,Dow Jones Europe Select Real Estate Securities Index,indices,us,True,CMEMarketDataPlatformDowJones
I:DWEURT,Dow Jones Total Europe Select REIT Index (USD),indices,us,True,CMEMarketDataPlatformDowJones
I:DWFN,Dorsey Wright Financials Tech Leaders,indices,us,True,NasdaqGIDS
I:DWFNTR,Dorsey Wright Financials Tech Leaders TR,indices,us,True,NasdaqGIDS
I:DWGRO,Dow Jones U.S. Growth Total Stock Market Index,indices,us,True,CMEMarketDataPlatformDowJones
I:DWGRS,Dow Jones Global Select Real Estate Securities Index,indices,us,True,CMEMarketDataPlatformDowJones
I:DWGRSA,Dow Jones Global Select Real Estate Securities Index Australian Dollar,indices,us,True,CMEMarketDataPlatformDowJones
I:DWGRSAT,Dow Jones Global Select Real Estate Securities Total Return Gross Index Australian Dollar,indices,us,True,CMEMarketDataPlatformDowJones
I:DWGRST,Dow Jones Global Select Real Estate Securities Total Return Gross Index,indices,us,True,CMEMarketDataPlatformDowJones
I:DWGRT,Dow Jones Global Select REIT Index (USD),indices,us,True,CMEMarketDataPlatformDowJones
I:DWHC,Dorsey Wright Healthcare Tech Leaders,indices,us,True,NasdaqGIDS
I:DWHCTR,Dorsey Wright Healthcare Tech Leaders TR,indices,us,True,NasdaqGIDS
I:DWIDX,Dorsey Wright Industrials Tech Leaders,indices,us,True,NasdaqGIDS
I:DWIDXTR,Dorsey Wright Industrials Tech Leaders TR,indices,us,True,NasdaqGIDS
I:DWL,Dow Jones U.S. Large-Cap Total Stock Market Index,indices,us,True,CMEMarketDataPlatformDowJones
I:DWLG,Dow Jones U.S. Large-Cap Growth Total Stock Market Index,indices,us,True,CMEMarketDataPlatformDowJones
I:DWLGT,Dow Jones U.S. Large-Cap Growth Total Stock Market Total Return Index,indices,us,True,CMEMarketDataPlatformDowJones
I:DWLT,Dow Jones U.S. Large-Cap Total Stock Market Total Return Index,indices,us,True,CMEMarketDataPlatformDowJones
I:DWLV,Dow Jones U.S. Large-Cap Value Total Stock Market Index,indices,us,True,CMEMarketDataPlatformDowJones
I:DWLVT,Dow Jones U.S. Large-Cap Value Total Stock Market Total Return Index,indices,us,True,CMEMarketDataPlatformDowJones
I:DWM,Dow Jones U.S. Mid-Cap Total Stock Market Index,indices,us,True,CMEMarketDataPlatformDowJones
I:DWMFRS,Dow Jones Middle East & Africa Select Real Estate Securities Index,indices,us,True,CMEMarketDataPlatformDowJones
I:DWMFRT,Dow Jones Africa & Middle East Select REIT Index (USD),indices,us,True,CMEMarketDataPlatformDowJones
I:DWMG,Dow Jones U.S. Mid-Cap Growth Total Stock Market Index,indices,us,True,CMEMarketDataPlatformDowJones
I:DWMI,Dow Jones U.S. Micro-Cap Total Stock Market Index,indices,us,True,CMEMarketDataPlatformDowJones
I:DWMT,Dow Jones U.S. Mid-Cap Total Stock Market Total Return Index,indices,us,True,CMEMarketDataPlatformDowJones
I:DWMV,Dow Jones U.S. Mid-Cap Value Total Stock Market Index,indices,us,True,CMEMarketDataPlatformDowJones
I:DWRSF,Dow Jones U.S. Select Real Estate Securities Index,indices,us,True,CMEMarketDataPlatformDowJones
I:DWRTF,Dow Jones U.S. Select REIT Index (USD),indices,us,True,CMEMarketDataPlatformDowJones
I:DWRTFN,Dow Jones U.S. Select REIT Net Total Return Index (USD),indices,us,True,CMEMarketDataPlatformDowJones
I:DWRTFT,Dow Jones U.S. Select REIT Total Return Index (USD),indices,us,True,CMEMarketDataPlatformDowJones
I:DWS,Dow Jones U.S. Small-Cap Total Stock Market Index,indices,us,True,CMEMarketDataPlatformDowJones
I:DWSG,Dow Jones U.S. Small-Cap Growth Total Stock Market Index,indices,us,True,CMEMarketDataPlatformDowJones
I:DWST,Dow Jones U.S. Small-Cap Total Stock Market Total Return Index,indices,us,True,CMEMarketDataPlatformDowJones
I:DWSV,Dow Jones U.S. Small-Cap Value Total Stock Market Index,indices,us,True,CMEMarketDataPlatformDowJones
I:DWTL,Dorsey Wright Tech Leaders,indices,us,True,NasdaqGIDS
I:DWTLTR,Dorsey Wright Tech Leaders TR,indices,us,True,NasdaqGIDS
I:DWTY,Dorsey Wright Technology Tech Leaders,indices,us,True,NasdaqGIDS
I:DWTYTR,Dorsey Wright Technology Tech Leaders TR,indices,us,True,NasdaqGIDS
I:DWUT,Dorsey Wright Utilities Tech Leaders,indices,us,True,NasdaqGIDS
I:DWUTTR,Dorsey Wright Utilities Tech Leaders TR,indices,us,True,NasdaqGIDS
I:DWVAL,Dow Jones U.S. Value Total Stock Market Index,indices,us,True,CMEMarketDataPlatformDowJones
I:DWXRS,Dow Jones Global ex-U.S. Select Real Estate Securities Index,indices,us,True,CMEMarketDataPlatformDowJones
I:DWXRSN,Dow Jones Global ex-U.S. Select Real Estate Securities Total Return Net Index,indices,us,True,CMEMarketDataPlatformDowJones
I:DWXRSNUH,Dow Jones Global ex-U.S. Select Real Estate Securities Total Return Net Index (USD) Hedged,indices,us,True,CMEMarketDataPlatformDowJones
I:DWXRST,Dow Jones Global ex-U.S. Select Real Estate Securities Total Return Gross Index,indices,us,True,CMEMarketDataPlatformDowJones
I:DWXRSTUH,Dow Jones Global ex-U.S. Select Real Estate Securities Total Return Gross Index (USD) Hedged,indices,us,True,CMEMarketDataPlatformDowJones
I:DWXRSUH,Dow Jones Global ex-U.S. Select Real Estate Securities Index (USD) Hedged,indices,us,True,CMEMarketDataPlatformDowJones
I:DWXRT,Dow Jones Global ex-US Select REIT Index (USD),indices,us,True,CMEMarketDataPlatformDowJones
I:DXDIV,PROSHARES ULTRASHORT DOW30 ETF,indices,us,True,CboeGlobalIndicesINAV
I:DXL,Cboe Jumbo DJX Index,indices,us,True,CboeGlobalIndicesMain
I:E1BSC,Dow Jones Europe Basic Materials Index,indices,us,True,CMEMarketDataPlatformDowJones
I:E1CYC,Dow Jones Europe Consumer Services Index,indices,us,True,CMEMarketDataPlatformDowJones
I:E1DOW,Dow Jones Europe Index,indices,us,True,CMEMarketDataPlatformDowJones
I:E1ENE,Dow Jones Europe Oil & Gas Index,indices,us,True,CMEMarketDataPlatformDowJones
I:E1FIN,Dow Jones Europe Financials Index,indices,us,True,CMEMarketDataPlatformDowJones
I:E1HCR,Dow Jones Europe Health Care Index,indices,us,True,CMEMarketDataPlatformDowJones
I:E1IDU,Dow Jones Europe Industrials Index,indices,us,True,CMEMarketDataPlatformDowJones
I:E1NCY,Dow Jones Europe Consumer Goods Index,indices,us,True,CMEMarketDataPlatformDowJones
I:E1TEC,Dow Jones Europe Technology Index,indices,us,True,CMEMarketDataPlatformDowJones
I:E1TLS,Dow Jones Europe Telecommunications Index,indices,us,True,CMEMarketDataPlatformDowJones
I:E1UTI,Dow Jones Europe Utilities Index,indices,us,True,CMEMarketDataPlatformDowJones
I:E2BSC,Dow Jones Europe ex-U.K. Basic Materials Index,indices,us,True,CMEMarketDataPlatformDowJones
I:E2CYC,Dow Jones Europe ex-U.K. Consumer Services Index,indices,us,True,CMEMarketDataPlatformDowJones
I:E2DOW,Dow Jones Europe ex-U.K. Index,indices,us,True,CMEMarketDataPlatformDowJones
I:E2ENE,Dow Jones Europe ex-U.K. Oil & Gas Index,indices,us,True,CMEMarketDataPlatformDowJones
I:E2FIN,Dow Jones Europe ex-U.K. Financials Index,indices,us,True,CMEMarketDataPlatformDowJones
I:E2HCR,Dow Jones Europe ex-U.K. Health Care Index,indices,us,True,CMEMarketDataPlatformDowJones
I:E2IDU,Dow Jones Europe ex-U.K. Industrials Index,indices,us,True,CMEMarketDataPlatformDowJones
I:E2NCY,Dow Jones Europe ex-U.K. Consumer Goods Index,indices,us,True,CMEMarketDataPlatformDowJones
I:E2TEC,Dow Jones Europe ex-U.K. Technology Index,indices,us,True,CMEMarketDataPlatformDowJones
I:E2TLS,Dow Jones Europe ex-U.K. Telecommunications Index,indices,us,True,CMEMarketDataPlatformDowJones
I:E2UTI,Dow Jones Europe ex-U.K. Utilities Index,indices,us,True,CMEMarketDataPlatformDowJones
I:E3DOW,Dow Jones Europe - Nordic Index,indices,us,True,CMEMarketDataPlatformDowJones
I:EDOW,The Europe Dow (USD),indices,us,True,CMEMarketDataPlatformDowJones
I:EDOWD,The Europe Dow Total Return (USD),indices,us,True,CMEMarketDataPlatformDowJones
I:EDOWE,The Europe Dow (EUR),indices,us,True,CMEMarketDataPlatformDowJones
I:EDOWR,The Europe Dow Total Return (EUR),indices,us,True,CMEMarketDataPlatformDowJones
I:EETHIV,ETHER STRATEGY ETF,indices,us,True,CboeGlobalIndicesINAV
I:EETIV,PROSHARES ULTRA MSCI EMERGING MARKETS ETF,indices,us,True,CboeGlobalIndicesINAV
I:EEVIV,PROSHARES ULTRASHORT MSCI EMERGING MARKETS ETF,indices,us,True,CboeGlobalIndicesINAV
I:EFADIV,PROSHARES MSCI EAFE DIVIDEND GROWERS ETF,indices,us,True,CboeGlobalIndicesINAV
I:EFOIV,PROSHARES ULTRA MSCI EAFE ETF,indices,us,True,CboeGlobalIndicesINAV
I:EFS,MXEF Option Settlement Value,indices,us,True,CboeGlobalIndicesMSCI
I:EFUIV,PROSHARES ULTRASHORT MSCI EAFE ETF,indices,us,True,CboeGlobalIndicesINAV
I:EFZIV,PROSHARES SHORT MSCI EAFE ETF,indices,us,True,CboeGlobalIndicesINAV
I:EGAME,Nasdaq CTA Global Video Games L,indices,us,True,NasdaqGIDS
I:EGAMEN,Nasdaq CTA Global Video Games L,indices,us,True,NasdaqGIDS
I:EGAMET,Nasdaq CTA Global Video Games L,indices,us,True,NasdaqGIDS
I:EMCLOUD,BVP Nasdaq Emerging Cloud Index,indices,us,True,NasdaqGIDS
I:EMCLOUDN,BVP Nasdaq Emerging Cloud NTR Index,indices,us,True,NasdaqGIDS
I:EMCLOUDT,BVP Nasdaq Emerging Cloud TR Index,indices,us,True,NasdaqGIDS
I:EMDVIV,PROSHARES MSCI EM DIVIDEND GROWERS ETF,indices,us,True,CboeGlobalIndicesINAV
I:EMTYIV,PROSHARES DECLINE OF THE RETAIL STORE ETF,indices,us,True,CboeGlobalIndicesINAV
I:ENDOW,Endowment Index,indices,us,True,NasdaqGIDS
I:EOS100RP,Cboe 100 Eos / US Dollar RealPrice Index,indices,us,True,CboeGlobalIndicesCCCY
I:EOS10RP,Cboe 10 Eos / US Dollar RealPrice Index,indices,us,True,CboeGlobalIndicesCCCY
I:EOS400RP,Cboe 400 Eos / US Dollar RealPrice Index,indices,us,True,CboeGlobalIndicesCCCY
I:EOS40RP,Cboe 40 Eos / US Dollar RealPrice Index,indices,us,True,CboeGlobalIndicesCCCY
I:EOS800RP,Cboe 800 Eos / US Dollar RealPrice Index,indices,us,True,CboeGlobalIndicesCCCY
I:EPVIV,PROSHARES ULTRASHORT FTSE EUROPE ETF,indices,us,True,CboeGlobalIndicesINAV
I:EQRRIV,PROSHARES EQUITIES FOR RISING RATES ETF,indices,us,True,CboeGlobalIndicesINAV
I:ESDOW,Dow Jones Spain Index,indices,us,True,CMEMarketDataPlatformDowJones
I:ESDOWD,Dow Jones Spain Index (USD),indices,us,True,CMEMarketDataPlatformDowJones
I:ESGST,Cboe ESG Options Settlement Symbol,indices,us,True,CboeGlobalIndicesMain
I:ESOX,PHLX Semiconductor Equal Weighted Index,indices,us,True,NasdaqGIDS
I:ESOXNR,PHLX Semiconductor Equal Weighted Net Total Return Index,indices,us,True,NasdaqGIDS
I:ESOXTR,PHLX Semiconductor Equal Weighted Total Return Index,indices,us,True,NasdaqGIDS
I:ETC100RP,Cboe 100 Ethereum Classic / US Dollar RealPrice Index,indices,us,True,CboeGlobalIndicesCCCY
I:ETC1KRP,Cboe 1000 Ethereum Classic / US Dollar RealPrice Index,indices,us,True,CboeGlobalIndicesCCCY
I:ETC250RP,Cboe 250 Ethereum Classic / US Dollar RealPrice Index,indices,us,True,CboeGlobalIndicesCCCY
I:ETC2KRP,Cboe 2000 Ethereum Classic / US Dollar RealPrice Index,indices,us,True,CboeGlobalIndicesCCCY
I:ETC500RP,Cboe 500 Ethereum Classic / US Dollar RealPrice Index,indices,us,True,CboeGlobalIndicesCCCY
I:ETH100RP,Cboe 100 Ethereum / USD RealPrice,indices,us,True,CboeGlobalIndicesCCCY
I:ETH200RP,Cboe 200 Ethereum / USD RealPrice,indices,us,True,CboeGlobalIndicesCCCY
I:ETH20RP,Cboe 20 Ethereum / USD RealPrice,indices,us,True,CboeGlobalIndicesCCCY
I:ETH400RP,Cboe 400 Ethereum / USD RealPrice,indices,us,True,CboeGlobalIndicesCCCY
I:ETH50RP,Cboe 50 Ethereum / USD RealPrice,indices,us,True,CboeGlobalIndicesCCCY
I:ETH5RP,Cboe 5 Ethereum / USD RealPrice,indices,us,True,CboeGlobalIndicesCCCY
I:EUDVIV,PROSHARES MSCI EUROPE DIVIDEND GROWERS ETF,indices,us,True,CboeGlobalIndicesINAV
I:EUMIV,PROSHARES SHORT MSCI EMERGING MARKETS ETF,indices,us,True,CboeGlobalIndicesINAV
I:EUOIV,PROSHARES ULTRASHORT EURO ETF,indices,us,True,CboeGlobalIndicesINAV
I:EWVIV,PROSHARES ULTRASHORT MSCI JAPAN ETF,indices,us,True,CboeGlobalIndicesINAV
I:EZJIV,PROSHARES ULTRA MSCI JAPAN ETF,indices,us,True,CboeGlobalIndicesINAV
I:FEBTIV,AllianzIM U.S. Large Cap Buffer10 Feb ETF Intraday Indicative Value,indices,us,True,CboeGlobalIndicesINAV
I:FEBWIV,AllianzIM U.S. Large Cap Buffer20 Feb ETF Intraday Indicative Value,indices,us,True,CboeGlobalIndicesINAV
I:FEBZIV,TrueShares Structured Outcome (February) ETF Intraday Indicative Value,indices,us,True,CboeGlobalIndicesINAV
I:FGLDIV,FRANKLIN RESPONSIBLY SOURCED GOLD ETF,indices,us,True,CboeGlobalIndicesINAV
I:FIDOW,Dow Jones Finland Index,indices,us,True,CMEMarketDataPlatformDowJones
I:FIDOWD,Dow Jones Finland Index (USD),indices,us,True,CMEMarketDataPlatformDowJones
I:FIL100RP,Cboe 100 Filecoin / US Dollar RealPrice Index,indices,us,True,CboeGlobalIndicesCCCY
I:FIL1KRP,Cboe 1000 Filecoin / US Dollar RealPrice Index,indices,us,True,CboeGlobalIndicesCCCY
I:FIL2500,Cboe 2500 Filecoin / US Dollar RealPrice Index,indices,us,True,CboeGlobalIndicesCCCY
I:FIL500RP,Cboe 500 Filecoin / US Dollar RealPrice Index,indices,us,True,CboeGlobalIndicesCCCY
I:FIL5KRP,Cboe 5000 Filecoin / US Dollar RealPrice Index,indices,us,True,CboeGlobalIndicesCCCY
I:FIRSTNORTHDKK,First North All-Share DKK,indices,us,True,NasdaqGIDS
I:FIRSTNORTHEUR,First North All-Share EUR,indices,us,True,NasdaqGIDS
I:FIRSTNORTHISK,First North All-Share ISK,indices,us,True,NasdaqGIDS
I:FIRSTNORTHNOK,First North All-Share NOK,indices,us,True,NasdaqGIDS
I:FIRSTNORTHSEK,First North All-Share SEK,indices,us,True,NasdaqGIDS
I:FN10GI,First North Technology GI,indices,us,True,NasdaqGIDS
I:FN10PI,First North Technology PI,indices,us,True,NasdaqGIDS
I:FN15GI,First North Telecommunications GI,indices,us,True,NasdaqGIDS
I:FN15PI,First North Telecommunications PI,indices,us,True,NasdaqGIDS
I:FN20GI,First North Health Care GI,indices,us,True,NasdaqGIDS
I:FN20PI,First North Health Care PI,indices,us,True,NasdaqGIDS
I:FN25,First North 25,indices,us,True,NasdaqGIDS
I:FN25GI,First North 25 GI,indices,us,True,NasdaqGIDS
I:FN30GI,First North Financials GI,indices,us,True,NasdaqGIDS
I:FN30PI,First North Financials PI,indices,us,True,NasdaqGIDS
I:FN35GI,First North Real Estate GI,indices,us,True,NasdaqGIDS
I:FN35PI,First North Real Estate PI,indices,us,True,NasdaqGIDS
I:FN40GI,First North Consumer Discretionary GI,indices,us,True,NasdaqGIDS
I:FN40PI,First North Consumer Discretionary PI,indices,us,True,NasdaqGIDS
I:FN45GI,First North Consumer Staples GI,indices,us,True,NasdaqGIDS
I:FN45PI,First North Consumer Staples PI,indices,us,True,NasdaqGIDS
I:FN50GI,First North Industrials GI,indices,us,True,NasdaqGIDS
I:FN50PI,First North Industrials PI,indices,us,True,NasdaqGIDS
I:FN55GI,First North Basic Materials GI,indices,us,True,NasdaqGIDS
I:FN55PI,First North Basic Materials PI,indices,us,True,NasdaqGIDS
I:FN60GI,First North Energy GI,indices,us,True,NasdaqGIDS
I:FN60PI,First North Energy PI,indices,us,True,NasdaqGIDS
I:FN65GI,First North Utilities GI,indices,us,True,NasdaqGIDS
I:FN65PI,First North Utilities PI,indices,us,True,NasdaqGIDS
I:FNDKDKKGI,First North Denmark DKK GI,indices,us,True,NasdaqGIDS
I:FNDKDKKPI,First North Denmark DKK PI,indices,us,True,NasdaqGIDS
I:FNDKEURGI,First North Denmark EUR GI,indices,us,True,NasdaqGIDS
I:FNDKEURPI,First North Denmark EUR PI,indices,us,True,NasdaqGIDS
I:FNFIEURGI,First North Finland EUR GI,indices,us,True,NasdaqGIDS
I:FNFIEURPI,First North Finland EUR PI,indices,us,True,NasdaqGIDS
I:FNISEURGI,First North Iceland EUR GI,indices,us,True,NasdaqGIDS
I:FNISEURPI,First North Iceland EUR PI,indices,us,True,NasdaqGIDS
I:FNISISKGI,First North Iceland ISK GI,indices,us,True,NasdaqGIDS
I:FNISISKPI,First North Iceland ISK PI,indices,us,True,NasdaqGIDS
I:FNSEEURGI,First North Sweden EUR GI,indices,us,True,NasdaqGIDS
I:FNSEEURPI,First North Sweden EUR PI,indices,us,True,NasdaqGIDS
I:FNSESEKGI,First North Sweden SEK GI,indices,us,True,NasdaqGIDS
I:FNSESEKPI,First North Sweden SEK PI,indices,us,True,NasdaqGIDS
I:FRDOW,Dow Jones France Index,indices,us,True,CMEMarketDataPlatformDowJones
I:FRDOWD,Dow Jones France Index (USD),indices,us,True,CMEMarketDataPlatformDowJones
I:FTGRSTNF,First Trust Growth Strength Net,indices,us,True,NasdaqGIDS
I:FUM,ISE-Revere Natural Gas Index,indices,us,True,NasdaqGIDS
I:FUMNTR,ISE-Revere Natural Gas Net Total Return Index,indices,us,True,NasdaqGIDS
I:FUMTR,ISE-Revere Natural Gas Total Return Index,indices,us,True,NasdaqGIDS
I:FVX,Cboe 5 Year Treasury Yield Index,indices,us,True,CboeGlobalIndicesCGI
I:FXPIV,PROSHARES ULTRASHORT FTSE CHINA 50 ETF,indices,us,True,CboeGlobalIndicesINAV
I:GAMMA,Realized Volatility Index,indices,us,True,CboeGlobalIndicesCGI
I:GBDOW,Dow Jones U.K. Index,indices,us,True,CMEMarketDataPlatformDowJones
I:GBDOWD,Dow Jones U.K. Index (USD),indices,us,True,CMEMarketDataPlatformDowJones
I:GBKX,KBW Nasdaq Global Bank Index,indices,us,True,NasdaqGIDS
I:GBKXN,KBW Nasdaq Global Bank Net Total Return Index,indices,us,True,NasdaqGIDS
I:GBKXT,KBW Nasdaq Global Bank Total Return Index,indices,us,True,NasdaqGIDS
I:GDOW,The Global Dow (USD),indices,us,True,CMEMarketDataPlatformDowJones
I:GDOWE,The Global Dow (EUR),indices,us,True,CMEMarketDataPlatformDowJones
I:GGINC,Nasdaq Clean Edge Global Green Income Index,indices,us,True,NasdaqGIDS
I:GGINCN,Nasdaq Clean Edge Global Green Income Index NTR,indices,us,True,NasdaqGIDS
I:GGINCT,Nasdaq Clean Edge Global Green Income Index TR,indices,us,True,NasdaqGIDS
I:GHHO,Nasdaq Clean Edge Global Water,indices,us,True,NasdaqGIDS
I:GHHON,Nasdaq Clean Edge Global Water,indices,us,True,NasdaqGIDS
I:GHHOT,Nasdaq Clean Edge Global Water,indices,us,True,NasdaqGIDS
I:GLDBUF,Cboe Gold 10% (-5% to -15%) Buffer Protect Index,indices,us,True,CboeGlobalIndicesCGI
I:GLDPRO,Cboe Gold 10% Buffer Protect Index Balanced Series,indices,us,True,CboeGlobalIndicesCGI
I:GLDPRO01,Cboe Gold 10% Buffer Protect Index January Series,indices,us,True,CboeGlobalIndicesCGI
I:GLDPRO02,Cboe Gold 10% Buffer Protect Index February Series,indices,us,True,CboeGlobalIndicesCGI
I:GLDPRO03,Cboe Gold 10% Buffer Protect Index March Series,indices,us,True,CboeGlobalIndicesCGI
I:GLDPRO04,Cboe Gold 10% Buffer Protect Index April Series,indices,us,True,CboeGlobalIndicesCGI
I:GLDPRO05,Cboe Gold 10% Buffer Protect Index May Series,indices,us,True,CboeGlobalIndicesCGI
I:GLDPRO06,Cboe Gold 10% Buffer Protect Index June Series,indices,us,True,CboeGlobalIndicesCGI
I:GLDPRO07,Cboe Gold 10% Buffer Protect Index July Series,indices,us,True,CboeGlobalIndicesCGI
I:GLDPRO08,Cboe Gold 10% Buffer Protect Index August Series,indices,us,True,CboeGlobalIndicesCGI
I:GLDPRO09,Cboe Gold 10% Buffer Protect Index September Series,indices,us,True,CboeGlobalIndicesCGI
I:GLDPRO10,Cboe Gold 10% Buffer Protect Index October Series,indices,us,True,CboeGlobalIndicesCGI
I:GLDPRO11,Cboe Gold 10% Buffer Protect Index November Series,indices,us,True,CboeGlobalIndicesCGI
I:GLDPRO12,Cboe Gold 10%  Buffer Protect Index December Series,indices,us,True,CboeGlobalIndicesCGI
I:GLDTI,Cboe Gold Target Income Index Monthly Series,indices,us,True,CboeGlobalIndicesCGI
I:GLLIV,PROSHARES ULTRASHORT GOLD ETF,indices,us,True,CboeGlobalIndicesINAV
I:GNDX,IPOX Growth Infusion Index,indices,us,True,CboeGlobalIndicesMSTAR
I:GNDXI,GNDX International,indices,us,True,CboeGlobalIndicesMSTAR
I:GNDXITR,GNDX International TR USD,indices,us,True,CboeGlobalIndicesMSTAR
I:GPIQIV,,indices,us,True,CboeGlobalIndicesINAV
I:GPIXIV,,indices,us,True,CboeGlobalIndicesINAV
I:GRDOW,Dow Jones Greece Index (EUR),indices,us,True,CMEMarketDataPlatformDowJones
I:GRDOWD,Dow Jones Greece Index (USD),indices,us,True,CMEMarketDataPlatformDowJones
I:GRNWATERL,NASDAQ OMX Global Water,indices,us,True,NasdaqGIDS
I:GRNWATERLEUR,NASDAQ OMX Global Water EUR Index,indices,us,True,NasdaqGIDS
I:GRNWATERLEURNNR,NASDAQ OMX Global Water EUR Notional NetTotal Retu,indices,us,True,NasdaqGIDS
I:GRNWATERLEURX,NASDAQ OMX Global Water EUR Total Return Index,indices,us,True,NasdaqGIDS
I:GRNWATERLNNR,NASDAQ OMX Global Water Notional NetTotal Return I,indices,us,True,NasdaqGIDS
I:GRNWATERLX,NASDAQ OMX Global Water Total Return,indices,us,True,NasdaqGIDS
I:GRNWATUSL,NASDAQ OMX US Water,indices,us,True,NasdaqGIDS
I:GRNWATUSLN,Nasdaq OMX US Water Net Total Return Index,indices,us,True,NasdaqGIDS
I:GRNWATUSLX,NASDAQ OMX US Water Total Return,indices,us,True,NasdaqGIDS
I:GSOX,Nasdaq Global Semiconductor Index,indices,us,True,NasdaqGIDS
I:GSOXNR,Nasdaq Global Semiconductor Net Total Return Index,indices,us,True,NasdaqGIDS
I:GSOXTR,Nasdaq Global Semiconductor Total Return Index,indices,us,True,NasdaqGIDS
I:GVZ,Cboe Gold ETF Volatility Index,indices,us,True,CboeGlobalIndicesCGI
I:GWE,ISE Clean Edge Global Wind Energy Index,indices,us,True,NasdaqGIDS
I:GWENTR,ISE Clean Edge Global Wind Energy Net Total Return,indices,us,True,NasdaqGIDS
I:GWETR,ISE Clean Edge Global Wind Energy Total Return Ind,indices,us,True,NasdaqGIDS
I:GXCHPXUN,,indices,us,True,CboeGlobalIndicesMSTAR
I:GXFLOWT,Global X U.S. Cash Flow Kings 100 Index,indices,us,True,CboeGlobalIndicesMSTAR
I:GXHEALUN,Global X HealthTech Index,indices,us,True,CboeGlobalIndicesMSTAR
I:GXIPAVUN,Global X Infrastructure Development ex U.S. Index PR USD,indices,us,True,CboeGlobalIndicesMSTAR
I:GXLNGXUN,,indices,us,True,CboeGlobalIndicesMSTAR
I:GXSHLDCN,,indices,us,True,CboeGlobalIndicesMSTAR
I:GXSHLDN,Global X Defense Tech Index,indices,us,True,CboeGlobalIndicesMSTAR
I:GXZAPUN,Global X US Electrification Index,indices,us,True,CboeGlobalIndicesMSTAR
I:HDGIV,PROSHARES HEDGE REPLICATION ETF,indices,us,True,CboeGlobalIndicesINAV
I:HEGDIV,Swan Hedged Equity US Large Cap ETF Intraday Indicative Value,indices,us,True,CboeGlobalIndicesINAV
I:HGX,PHLX Housing Sector,indices,us,True,NasdaqGIDS
I:HHO,ISE Clean Edge Water Index,indices,us,True,NasdaqGIDS
I:HHONTR,ISE Clean Edge Water Net Total Return Index,indices,us,True,NasdaqGIDS
I:HHOTR,ISE Clean Edge Water Total Return Index,indices,us,True,NasdaqGIDS
I:HKDOW,Dow Jones Hong Kong Index,indices,us,True,CMEMarketDataPlatformDowJones
I:HKDOWD,Dow Jones Hong Kong Index (USD),indices,us,True,CMEMarketDataPlatformDowJones
I:HUR,ISE Cyber Security UCITS Index,indices,us,True,NasdaqGIDS
I:HURCHF,,indices,us,True,NasdaqGIDS
I:HURCHFMH,,indices,us,True,NasdaqGIDS
I:HURCHFN,,indices,us,True,NasdaqGIDS
I:HURCHFNMH,,indices,us,True,NasdaqGIDS
I:HURCHFT,,indices,us,True,NasdaqGIDS
I:HURCHFTMH,,indices,us,True,NasdaqGIDS
I:HUREUR,,indices,us,True,NasdaqGIDS
I:HUREURMH,,indices,us,True,NasdaqGIDS
I:HUREURN,,indices,us,True,NasdaqGIDS
I:HUREURNMH,,indices,us,True,NasdaqGIDS
I:HUREURT,,indices,us,True,NasdaqGIDS
I:HUREURTMH,,indices,us,True,NasdaqGIDS
I:HURNTR,ISE Cyber Security UCITS Net Total Return Index,indices,us,True,NasdaqGIDS
I:HURSEK,,indices,us,True,NasdaqGIDS
I:HURSEKMH,,indices,us,True,NasdaqGIDS
I:HURSEKN,,indices,us,True,NasdaqGIDS
I:HURSEKNMH,,indices,us,True,NasdaqGIDS
I:HURSEKT,,indices,us,True,NasdaqGIDS
I:HURSEKTMH,,indices,us,True,NasdaqGIDS
I:HURSGD,,indices,us,True,NasdaqGIDS
I:HURSGDMH,,indices,us,True,NasdaqGIDS
I:HURSGDN,,indices,us,True,NasdaqGIDS
I:HURSGDNMH,,indices,us,True,NasdaqGIDS
I:HURSGDT,,indices,us,True,NasdaqGIDS
I:HURSGDTMH,,indices,us,True,NasdaqGIDS
I:HURTR,ISE Cyber Security UCITS Total Return Index,indices,us,True,NasdaqGIDS
I:HX101010GI,OMX Helsinki Software and Computer Services GI,indices,us,True,NasdaqGIDS
I:HX101010PI,OMX Helsinki Software and Computer Services PI,indices,us,True,NasdaqGIDS
I:HX101020GI,OMX Helsinki Technology Hardware and Equipment GI,indices,us,True,NasdaqGIDS
I:HX101020PI,OMX Helsinki Technology Hardware and Equipment PI,indices,us,True,NasdaqGIDS
I:HX10GI,OMX Helsinki Technology GI,indices,us,True,NasdaqGIDS
I:HX10PI,OMX Helsinki Technology PI,indices,us,True,NasdaqGIDS
I:HX151010GI,OMX Helsinki Telecommunications Equipment GI,indices,us,True,NasdaqGIDS
I:HX151010PI,OMX Helsinki Telecommunications Equipment PI,indices,us,True,NasdaqGIDS
I:HX151020GI,OMX Helsinki Telecommunications Service Providers GI,indices,us,True,NasdaqGIDS
I:HX151020PI,OMX Helsinki Telecommunications Service Providers PI,indices,us,True,NasdaqGIDS
I:HX15GI,OMX Helsinki Telecommunications GI,indices,us,True,NasdaqGIDS
I:HX15PI,OMX Helsinki Telecommunications PI,indices,us,True,NasdaqGIDS
I:HX201010GI,OMX Helsinki Health Care Providers GI,indices,us,True,NasdaqGIDS
I:HX201010PI,OMX Helsinki Health Care Providers PI,indices,us,True,NasdaqGIDS
I:HX201020GI,OMX Helsinki Medical Equipment and Services GI,indices,us,True,NasdaqGIDS
I:HX201020PI,OMX Helsinki Medical Equipment and Services PI,indices,us,True,NasdaqGIDS
I:HX201030GI,OMX Helsinki Pharmaceuticals and Biotechnology GI,indices,us,True,NasdaqGIDS
I:HX201030PI,OMX Helsinki Pharmaceuticals and Biotechnology PI,indices,us,True,NasdaqGIDS
I:HX20GI,OMX Helsinki Health Care GI,indices,us,True,NasdaqGIDS
I:HX20PI,OMX Helsinki Health Care PI,indices,us,True,NasdaqGIDS
I:HX3010GI,OMX Helsinki Banks GI,indices,us,True,NasdaqGIDS
I:HX3010PI,OMX Helsinki Banks PI,indices,us,True,NasdaqGIDS
I:HX302010GI,OMX Helsinki Finance and Credit Services GI,indices,us,True,NasdaqGIDS
I:HX302010PI,OMX Helsinki Finance and Credit Services PI,indices,us,True,NasdaqGIDS
I:HX302020GI,OMX Helsinki Investment Banking and Brokerage Services  GI,indices,us,True,NasdaqGIDS
I:HX302020PI,OMX Helsinki Investment Banking and Brokerage Services  PI,indices,us,True,NasdaqGIDS
I:HX3020GI,OMX Helsinki Financial Services GI,indices,us,True,NasdaqGIDS
I:HX3020PI,OMX Helsinki Financial Services PI,indices,us,True,NasdaqGIDS
I:HX303020GI,OMX Helsinki Non-life Insurance GI,indices,us,True,NasdaqGIDS
I:HX303020PI,OMX Helsinki Non-life Insurance PI,indices,us,True,NasdaqGIDS
I:HX3030GI,OMX Helsinki Insurance GI,indices,us,True,NasdaqGIDS
I:HX3030PI,OMX Helsinki Insurance PI,indices,us,True,NasdaqGIDS
I:HX30GI,OMX Helsinki Financials GI,indices,us,True,NasdaqGIDS
I:HX30PI,OMX Helsinki Financials PI,indices,us,True,NasdaqGIDS
I:HX351010GI,OMX Helsinki Real Estate Investment and Services GI,indices,us,True,NasdaqGIDS
I:HX351010PI,OMX Helsinki Real Estate Investment and Services PI,indices,us,True,NasdaqGIDS
I:HX35GI,OMX Helsinki Real Estate GI,indices,us,True,NasdaqGIDS
I:HX35PI,OMX Helsinki Real Estate PI,indices,us,True,NasdaqGIDS
I:HX4010GI,OMX Helsinki Automobiles and Parts GI,indices,us,True,NasdaqGIDS
I:HX4010PI,OMX Helsinki Automobiles and Parts PI,indices,us,True,NasdaqGIDS
I:HX402020GI,OMX Helsinki Household Goods and Home Construction GI,indices,us,True,NasdaqGIDS
I:HX402020PI,OMX Helsinki Household Goods and Home Construction PI,indices,us,True,NasdaqGIDS
I:HX402030GI,OMX Helsinki Leisure Goods GI,indices,us,True,NasdaqGIDS
I:HX402030PI,OMX Helsinki Leisure Goods PI,indices,us,True,NasdaqGIDS
I:HX402040GI,OMX Helsinki Personal Goods GI,indices,us,True,NasdaqGIDS
I:HX402040PI,OMX Helsinki Personal Goods PI,indices,us,True,NasdaqGIDS
I:HX4020GI,OMX Helsinki Consumer Products and Services GI,indices,us,True,NasdaqGIDS
I:HX4020PI,OMX Helsinki Consumer Products and Services PI,indices,us,True,NasdaqGIDS
I:HX4030GI,OMX Helsinki Media GI,indices,us,True,NasdaqGIDS
I:HX4030PI,OMX Helsinki Media PI,indices,us,True,NasdaqGIDS
I:HX404010GI,OMX Helsinki Retailers GI,indices,us,True,NasdaqGIDS
I:HX404010PI,OMX Helsinki Retailers PI,indices,us,True,NasdaqGIDS
I:HX4040GI,OMX Helsinki Retail GI,indices,us,True,NasdaqGIDS
I:HX4040PI,OMX Helsinki Retail PI,indices,us,True,NasdaqGIDS
I:HX4050GI,OMX Helsinki Travel and Leisure GI,indices,us,True,NasdaqGIDS
I:HX4050PI,OMX Helsinki Travel and Leisure PI,indices,us,True,NasdaqGIDS
I:HX40GI,OMX Helsinki Consumer Discretionary GI,indices,us,True,NasdaqGIDS
I:HX40PI,OMX Helsinki Consumer Discretionary PI,indices,us,True,NasdaqGIDS
I:HX451010GI,OMX Helsinki Beverages GI,indices,us,True,NasdaqGIDS
I:HX451010PI,OMX Helsinki Beverages PI,indices,us,True,NasdaqGIDS
I:HX451020GI,OMX Helsinki Food Producers GI,indices,us,True,NasdaqGIDS
I:HX451020PI,OMX Helsinki Food Producers PI,indices,us,True,NasdaqGIDS
I:HX4510GI,"OMX Helsinki Food, Beverage and Tobacco  GI",indices,us,True,NasdaqGIDS
I:HX4510PI,"OMX Helsinki Food, Beverage and Tobacco  PI",indices,us,True,NasdaqGIDS
I:HX4520GI,"OMX Helsinki Personal Care, Drug and Grocery Stores GI",indices,us,True,NasdaqGIDS
I:HX4520PI,"OMX Helsinki Personal Care, Drug and Grocery Stores PI",indices,us,True,NasdaqGIDS
I:HX45GI,OMX Helsinki Consumer Staples GI,indices,us,True,NasdaqGIDS
I:HX45PI,OMX Helsinki Consumer Staples PI,indices,us,True,NasdaqGIDS
I:HX5010GI,OMX Helsinki Construction and Materials GI,indices,us,True,NasdaqGIDS
I:HX5010PI,OMX Helsinki Construction and Materials PI,indices,us,True,NasdaqGIDS
I:HX502020GI,OMX Helsinki Electronic and Electrical Equipment GI,indices,us,True,NasdaqGIDS
I:HX502020PI,OMX Helsinki Electronic and Electrical Equipment PI,indices,us,True,NasdaqGIDS
I:HX502030GI,OMX Helsinki General Industrials GI,indices,us,True,NasdaqGIDS
I:HX502030PI,OMX Helsinki General Industrials PI,indices,us,True,NasdaqGIDS
I:HX502040GI,OMX Helsinki Industrial Engineering GI,indices,us,True,NasdaqGIDS
I:HX502040PI,OMX Helsinki Industrial Engineering PI,indices,us,True,NasdaqGIDS
I:HX502050GI,OMX Helsinki Industrial Support Services GI,indices,us,True,NasdaqGIDS
I:HX502050PI,OMX Helsinki Industrial Support Services PI,indices,us,True,NasdaqGIDS
I:HX502060GI,OMX Helsinki Industrial Transportation GI,indices,us,True,NasdaqGIDS
I:HX502060PI,OMX Helsinki Industrial Transportation PI,indices,us,True,NasdaqGIDS
I:HX5020GI,OMX Helsinki Industrial Goods and Services GI,indices,us,True,NasdaqGIDS
I:HX5020PI,OMX Helsinki Industrial Goods and Services PI,indices,us,True,NasdaqGIDS
I:HX50GI,OMX Helsinki Industrials GI,indices,us,True,NasdaqGIDS
I:HX50PI,OMX Helsinki Industrials PI,indices,us,True,NasdaqGIDS
I:HX551010GI,OMX Helsinki Industrial Materials GI,indices,us,True,NasdaqGIDS
I:HX551010PI,OMX Helsinki Industrial Materials PI,indices,us,True,NasdaqGIDS
I:HX551020GI,OMX Helsinki Industrial Metals and Mining GI,indices,us,True,NasdaqGIDS
I:HX551020PI,OMX Helsinki Industrial Metals and Mining PI,indices,us,True,NasdaqGIDS
I:HX551030GI,OMX Helsinki Precious Metals and Mining GI,indices,us,True,NasdaqGIDS
I:HX551030PI,OMX Helsinki Precious Metals and Mining PI,indices,us,True,NasdaqGIDS
I:HX5510GI,OMX Helsinki Basic Resources GI,indices,us,True,NasdaqGIDS
I:HX5510PI,OMX Helsinki Basic Resources PI,indices,us,True,NasdaqGIDS
I:HX5520GI,OMX Helsinki Chemicals GI,indices,us,True,NasdaqGIDS
I:HX5520PI,OMX Helsinki Chemicals PI,indices,us,True,NasdaqGIDS
I:HX55GI,OMX Helsinki Basic Materials GI,indices,us,True,NasdaqGIDS
I:HX55PI,OMX Helsinki Basic Materials PI,indices,us,True,NasdaqGIDS
I:HX601010GI,"OMX Helsinki Oil, Gas and Coal GI",indices,us,True,NasdaqGIDS
I:HX601010PI,"OMX Helsinki Oil, Gas and Coal PI",indices,us,True,NasdaqGIDS
I:HX60GI,OMX Helsinki Energy GI,indices,us,True,NasdaqGIDS
I:HX60PI,OMX Helsinki Energy PI,indices,us,True,NasdaqGIDS
I:HX651010GI,OMX Helsinki Electricity GI,indices,us,True,NasdaqGIDS
I:HX651010PI,OMX Helsinki Electricity PI,indices,us,True,NasdaqGIDS
I:HX651030GI,OMX Helsinki Waste and Disposal Services GI,indices,us,True,NasdaqGIDS
I:HX651030PI,OMX Helsinki Waste and Disposal Services PI,indices,us,True,NasdaqGIDS
I:HX65GI,OMX Helsinki Utilities GI,indices,us,True,NasdaqGIDS
I:HX65PI,OMX Helsinki Utilities PI,indices,us,True,NasdaqGIDS
I:HXC,NASDAQ Golden Dragon China Index,indices,us,True,NasdaqGIDS
I:HXCNTR,NASDAQ Golden Dragon China Net Total Return Index,indices,us,True,NasdaqGIDS
I:HXCX,NASDAQ Golden Dragon China Total Return Index,indices,us,True,NasdaqGIDS
I:HXR,ISE Cyber Security Index,indices,us,True,NasdaqGIDS
I:HXRNTR,ISE Cyber Security Net Total Return Index,indices,us,True,NasdaqGIDS
I:HXRTR,ISE Cyber Security Total Return Index,indices,us,True,NasdaqGIDS
I:HXRXL,Nasdaq ISE Cyber Security Selec,indices,us,True,NasdaqGIDS
I:HXRXLNTR,Nasdaq ISE Cyber Security Selec,indices,us,True,NasdaqGIDS
I:HXRXLTR,Nasdaq ISE Cyber Security Selec,indices,us,True,NasdaqGIDS
I:HYGWIV,iShares HY Corp Bond BuyWrite Strategy ETF Intraday Indicative Value,indices,us,True,CboeGlobalIndicesINAV
I:HYHGIV,PROSHARES HIGH YIELD-INTEREST RATE HEDGED ETF,indices,us,True,CboeGlobalIndicesINAV
I:IBHY,iBoxx iShares USD High Yield Corporate Bond Index,indices,us,True,CboeGlobalIndicesMain
I:IBIG,iBoxx iShares USD Investment Grade Corporate Bond Index,indices,us,True,CboeGlobalIndicesMain
I:ICDX,IPOX Canada Index,indices,us,True,CboeGlobalIndicesMSTAR
I:ICDXTR,IPOX CANADA Opportunities TR CAD,indices,us,True,CboeGlobalIndicesMSTAR
I:IDB50N,IDB IndexAmericas 50 Net Total Return Index,indices,us,True,CboeGlobalIndicesCGI
I:IDBTVER,IDB IndexAmericas 50 Stability Excess Return Index,indices,us,True,CboeGlobalIndicesCGI
I:IDDOW,Dow Jones Indonesia Index,indices,us,True,CMEMarketDataPlatformDowJones
I:IDDOWD,Dow Jones Indonesia Index (USD),indices,us,True,CMEMarketDataPlatformDowJones
I:IEDOW,Dow Jones Ireland Index,indices,us,True,CMEMarketDataPlatformDowJones
I:IEDOWD,Dow Jones Ireland Index (USD),indices,us,True,CMEMarketDataPlatformDowJones
I:IEMD,,indices,us,True,CboeGlobalIndicesMain
I:IEMDX,iBoxx USD Liquid Emerging Markets Sovereign and Sub Sovereigns Total Return Index,indices,us,True,CboeGlobalIndicesMain
I:IGHGIV,PROSHARES INV GRADE-INTEREST RATE HEDGED,indices,us,True,CboeGlobalIndicesINAV
I:IICBP,,indices,us,True,CboeGlobalIndicesMSTAR
I:IMUS,Dow Jones Islamic Market U.S. Index,indices,us,True,CMEMarketDataPlatformDowJones
I:IMUSL,Dow Jones Islamic Market U.S. Large-Cap Index,indices,us,True,CMEMarketDataPlatformDowJones
I:IMUSM,Dow Jones Islamic Market U.S. Mid-Cap Index,indices,us,True,CMEMarketDataPlatformDowJones
I:IMUSS,Dow Jones Islamic Market U.S. Small-Cap Index,indices,us,True,CMEMarketDataPlatformDowJones
I:IMXL,Dow Jones Islamic Market Titans 100 Index,indices,us,True,CMEMarketDataPlatformDowJones
I:INDS,Nasdaq Industrial,indices,us,True,NasdaqGIDS
I:INDSSCNR,Kelly Industrial Real Estate Net Total Return Inde,indices,us,True,NasdaqGIDS
I:INDSSCPR,Kelly Industrial Real Estate Index,indices,us,True,NasdaqGIDS
I:INDSSCTR,Kelly Industrial Real Estate Total Return Index,indices,us,True,NasdaqGIDS
I:INSR,Nasdaq Insurance,indices,us,True,NasdaqGIDS
I:INW,Horizon Kinetics ISE International Wealth Index,indices,us,True,NasdaqGIDS
I:INWNTR,Horizon Kinetics ISE International Wealth NTR,indices,us,True,NasdaqGIDS
I:INWTR,Horizon Kinetics ISE International Wealth TR Index,indices,us,True,NasdaqGIDS
I:IONIV,PROSHARES TR S&P GLOBAL CORE BATTERY,indices,us,True,CboeGlobalIndicesINAV
I:IPHI,IPOX Health Innovation,indices,us,True,CboeGlobalIndicesMSTAR
I:IRX,Cboe Short-Term Interest Rate Index,indices,us,True,CboeGlobalIndicesCGI
I:ISWNXT,S-Network International BlackSwan Index,indices,us,True,CboeGlobalIndicesMain
I:ITDOW,Dow Jones Italy Index,indices,us,True,CMEMarketDataPlatformDowJones
I:ITDOWD,Dow Jones Italy Index (USD),indices,us,True,CMEMarketDataPlatformDowJones
I:IVVBIV,iShares Large Cap Deep Buffer ETF Intraday Indicative Value,indices,us,True,CboeGlobalIndicesINAV
I:IVVMIV,iShares Large Cap Moderate Buffer ETF Intraday Indicative Value,indices,us,True,CboeGlobalIndicesINAV
I:IVVWIV,iShares S&P 500 BuyWrite ETF Intraday Indicative Value,indices,us,True,CboeGlobalIndicesINAV
I:IWMWIV,iShares Russell 2000 BuyWrite ETF Intraday Indicative Value,indices,us,True,CboeGlobalIndicesINAV
I:IX15GI,OMX Iceland Telecommunications GI,indices,us,True,NasdaqGIDS
I:IX15PI,OMX Iceland Telecommunications PI,indices,us,True,NasdaqGIDS
I:IX20GI,OMX Iceland Health Care GI,indices,us,True,NasdaqGIDS
I:IX20PI,OMX Iceland Health Care PI,indices,us,True,NasdaqGIDS
I:IX30GI,OMX Iceland Financials GI,indices,us,True,NasdaqGIDS
I:IX30PI,OMX Iceland Financials PI,indices,us,True,NasdaqGIDS
I:IX35GI,OMX Iceland Real Estate GI,indices,us,True,NasdaqGIDS
I:IX35PI,OMX Iceland Real Estate PI,indices,us,True,NasdaqGIDS
I:IX40GI,OMX Iceland Consumer Discretionary GI,indices,us,True,NasdaqGIDS
I:IX40PI,OMX Iceland Consumer Discretionary PI,indices,us,True,NasdaqGIDS
I:IX45GI,OMX Iceland Consumer Staples GI,indices,us,True,NasdaqGIDS
I:IX45PI,OMX Iceland Consumer Staples PI,indices,us,True,NasdaqGIDS
I:IX50GI,OMX Iceland Industrials GI,indices,us,True,NasdaqGIDS
I:IX50PI,OMX Iceland Industrials PI,indices,us,True,NasdaqGIDS
I:IX55GI,OMX Iceland Basic Materials GI,indices,us,True,NasdaqGIDS
I:IX55PI,OMX Iceland Basic Materials PI,indices,us,True,NasdaqGIDS
I:IXBI,ixBitcoin Index,indices,us,True,NasdaqGIDS
I:IXCI,ixCrypto Index,indices,us,True,NasdaqGIDS
I:IXCO,Nasdaq Computer,indices,us,True,NasdaqGIDS
I:IXEI,ixEthereum Index,indices,us,True,NasdaqGIDS
I:IXF,NASDAQ Financial 100,indices,us,True,NasdaqGIDS
I:IXFTR,NASDAQ Financial 100 Total Return Index,indices,us,True,NasdaqGIDS
I:IXHC,Nasdaq Health Care,indices,us,True,NasdaqGIDS
I:IXSM,IPOX SMID,indices,us,True,CboeGlobalIndicesMSTAR
I:IXTC,Nasdaq Telecommunications,indices,us,True,NasdaqGIDS
I:JANTIV,AllianzIM U.S. Large Cap Buffer10 Jan ETF Intraday Indicative Value,indices,us,True,CboeGlobalIndicesINAV
I:JANWIV,AllianzIM U.S. Large Cap Buffer20 Jan ETF Intraday Indicative Value,indices,us,True,CboeGlobalIndicesINAV
I:JANZIV,TrueShares Structured Outcome (January) ETF Intraday Indicative Value,indices,us,True,CboeGlobalIndicesINAV
I:JPDOW,Dow Jones Japan Index,indices,us,True,CMEMarketDataPlatformDowJones
I:JPDOWD,Dow Jones Japan Index (USD),indices,us,True,CMEMarketDataPlatformDowJones
I:JSI,Jantzi Social Index PR CAD,indices,us,True,CboeGlobalIndicesMSTAR
I:JSITR,Jantzi Social Index TR CAD,indices,us,True,CboeGlobalIndicesMSTAR
I:JULTIV,AllianzIM U.S. Large Cap Buffer10 Jul ETF Intraday Indicative Value,indices,us,True,CboeGlobalIndicesINAV
I:JULWIV,AllianzIM U.S. Large Cap Buffer20 Jul ETF Intraday Indicative Value,indices,us,True,CboeGlobalIndicesINAV
I:JULZIV,TrueShares Structured Outcome (July) ETF Intraday Indicative Value,indices,us,True,CboeGlobalIndicesINAV
I:JUNTIV,AllianzIM U.S. Large Cap Buffer10 Jun ETF Intraday Indicative Value,indices,us,True,CboeGlobalIndicesINAV
I:JUNWIV,AllianzIM U.S. Large Cap Buffer20 Jun ETF Intraday Indicative Value,indices,us,True,CboeGlobalIndicesINAV
I:JUNZIV,TrueShares Structured Outcome (June) ETF Intraday Indicative Value,indices,us,True,CboeGlobalIndicesINAV
I:KDX,KBW Nasdaq Financial Sector Dividend Yield Index,indices,us,True,NasdaqGIDS
I:KDXTR,KBW Nasdaq Financial Sector Dividend Yield TR Inde,indices,us,True,NasdaqGIDS
I:KFTX,KBW Nasdaq Financial Technology Index,indices,us,True,NasdaqGIDS
I:KFTXNNR70,KBW Nasdaq Financial Technology NNR 70 Index,indices,us,True,NasdaqGIDS
I:KFTXNNR85,KBW Nasdaq Financial Technology NNR 85 Index,indices,us,True,NasdaqGIDS
I:KFTXT,KBW Nasdaq Financial Technology TR Index,indices,us,True,NasdaqGIDS
I:KIX,KBW Nasdaq Insurance Index,indices,us,True,NasdaqGIDS
I:KIXTR,KBW Nasdaq Insurance Total Return Index,indices,us,True,NasdaqGIDS
I:KNC100RP,Cboe 100 Kyber Network / US Dollar RealPrice Index,indices,us,True,CboeGlobalIndicesCCCY
I:KNC1KRP,Cboe 1000 Kyber Network / US Dollar RealPrice Index,indices,us,True,CboeGlobalIndicesCCCY
I:KNC250RP,Cboe 250 Kyber Network / US Dollar RealPrice Index,indices,us,True,CboeGlobalIndicesCCCY
I:KNC2KRP,Cboe 2000 Kyber Network / US Dollar RealPrice Index,indices,us,True,CboeGlobalIndicesCCCY
I:KNC500RP,Cboe 500 Kyber Network / US Dollar RealPrice Index,indices,us,True,CboeGlobalIndicesCCCY
I:KOLDIV,PROSHARES ULTRASHORT BBG NATURAL GAS ETF,indices,us,True,CboeGlobalIndicesINAV
I:KPX,KBW Nasdaq Property & Casualty Index,indices,us,True,NasdaqGIDS
I:KPXTR,KBW Nasdaq Property & Casualty Total Return Index,indices,us,True,NasdaqGIDS
I:KRDOW,Dow Jones South Korea Index,indices,us,True,CMEMarketDataPlatformDowJones
I:KRDOWD,Dow Jones South Korea Index (USD),indices,us,True,CMEMarketDataPlatformDowJones
I:KRX,KBW Nasdaq Regional Banking Index,indices,us,True,NasdaqGIDS
I:KRXTR,KBW Nasdaq Regional Banking Total Return Index,indices,us,True,NasdaqGIDS
I:KSX,KBW Nasdaq Capital Markets Index,indices,us,True,NasdaqGIDS
I:KSXTR,KBW Nasdaq Capital Markets Total Return Index,indices,us,True,NasdaqGIDS
I:KYX,KBW Nasdaq Premium Yield Equity REIT Index,indices,us,True,NasdaqGIDS
I:KYXTR,KBW Nasdaq Premium Yield Equity REIT TR Index,indices,us,True,NasdaqGIDS
I:LAGX,Cboe U.S. Lag 50 Index,indices,us,True,CboeGlobalIndicesCGI
I:LCFIV,Touchstone US Large Cap Focused ETF,indices,us,True,CboeGlobalIndicesINAV
I:LEADX,Cboe U.S. Lead 50 Index,indices,us,True,CboeGlobalIndicesCGI
I:LINK100,Cboe 100 Chainlink / USD RealPrice,indices,us,True,CboeGlobalIndicesCCCY
I:LINK1KRP,Cboe 1000 Chainlink / USD RealPrice,indices,us,True,CboeGlobalIndicesCCCY
I:LINK2500,Cboe 2500 Chainlink / US Dollar RealPrice Index,indices,us,True,CboeGlobalIndicesCCCY
I:LINK500,Cboe 500 Chainlink / USD RealPrice,indices,us,True,CboeGlobalIndicesCCCY
I:LINK5KRP,Cboe 5000 Chainlink / US Dollar RealPrice Index,indices,us,True,CboeGlobalIndicesCCCY
I:LKRE,Lukka Digital Asset Reference Rate - Ether - U.S. Dollar,indices,us,True,CboeGlobalIndicesCCCY
I:LKRX,Lukka Digital Asset Reference Rate - Bitcoin - U.S. Dollar,indices,us,True,CboeGlobalIndicesCCCY
I:LONGVOL,Long VIX Futures Index,indices,us,True,CboeGlobalIndicesMain
I:LOVOL,Cboe Low Volatility Index,indices,us,True,CboeGlobalIndicesMain
I:LQDWIV,iShares IG Corp Bond BuyWrite Strategy ETF Intraday Indicative Value,indices,us,True,CboeGlobalIndicesINAV
I:LTC100RP,Cboe 100 Litecoin / USD RealPrice,indices,us,True,CboeGlobalIndicesCCCY
I:LTC10RP,Cboe 10 Litecoin / USD RealPrice,indices,us,True,CboeGlobalIndicesCCCY
I:LTC200RP,Cboe 200 Litecoin / USD RealPrice,indices,us,True,CboeGlobalIndicesCCCY
I:LTC25RP,Cboe 25 Litecoin / USD RealPrice,indices,us,True,CboeGlobalIndicesCCCY
I:LTC50RP,Cboe 50 Litecoin / USD RealPrice,indices,us,True,CboeGlobalIndicesCCCY
I:LTC5RP,Cboe 5 Litecoin / USD RealPrice,indices,us,True,CboeGlobalIndicesCCCY
I:LTLIV,PROSHARES ULTRA TELECOMMUNICATIONS ETF,indices,us,True,CboeGlobalIndicesINAV
I:LTV,Cboe S&P 500 Left Tail Volatility Index,indices,us,True,CboeGlobalIndicesMain
I:LUNTFCNR,Lunt Capital Large Cap Factor Rotation NTR Index,indices,us,True,NasdaqGIDS
I:LUNTFCPR,Lunt Capital Large Cap Factor Rotation Index,indices,us,True,NasdaqGIDS
I:LUNTFCTR,Lunt Capital Large Cap Factor Rotation TR Index,indices,us,True,NasdaqGIDS
I:LVDA,Nasdaq US Low Volatility Dividend Achievers Index,indices,us,True,NasdaqGIDS
I:LVDAKRW,Nasdaq US Low Volatility Dividend Achievers KRW Index,indices,us,True,NasdaqGIDS
I:LVDAKRWN,Nasdaq US Low Volatility Dividend Achievers KRW Net Total Return Index,indices,us,True,NasdaqGIDS
I:LVDAKRWT,Nasdaq US Low Volatility Dividend Achievers KRW Total Return Index,indices,us,True,NasdaqGIDS
I:LVDAN,Nasdaq US Low Volatility Dividend Achievers Net Total Return Index,indices,us,True,NasdaqGIDS
I:LVDAT,Nasdaq US Low Volatility Dividend Achievers Total Return Index,indices,us,True,NasdaqGIDS
I:M40RL,Morningstar Eurozone ESG Risk Management Leaders Select 40 PR EUR,indices,us,True,CboeGlobalIndicesMSTAR
I:M40RL5,Morningstar Eurozone ESG Risk Management Leaders Select 40 Decrement 5 NR EUR,indices,us,True,CboeGlobalIndicesMSTAR
I:M40RL50,Morningstar Eurozone ESG Risk Management Leaders Select 40 Decrement 50 Point GR EUR,indices,us,True,CboeGlobalIndicesMSTAR
I:M40RLG,Morningstar Eurozone ESG Risk Management Leaders Select 40 GR EUR,indices,us,True,CboeGlobalIndicesMSTAR
I:M40RLN,Morningstar Eurozone ESG Risk Management Leaders Select 40 NR EUR,indices,us,True,CboeGlobalIndicesMSTAR
I:MAAII2UN,Mirae Asset AI Infrastructure V2 Index,indices,us,True,CboeGlobalIndicesMSTAR
I:MAAIICN,Mirae Asset AI Infrastructure CAD Index,indices,us,True,CboeGlobalIndicesMSTAR
I:MAAIIUN,Mirae Asset AI Infrastructure Index PR USD,indices,us,True,CboeGlobalIndicesMSTAR
I:MAAIIUP,,indices,us,True,CboeGlobalIndicesMSTAR
I:MACAIHCP,,indices,us,True,CboeGlobalIndicesMSTAR
I:MACH50D,Morningstar Transatlantic Aerospace Defense & Eurozone Software Select Decrement 50 Point GR EUR,indices,us,True,CboeGlobalIndicesMSTAR
I:MACH5D,Morningstar Transatlantic Aerospace Defense & Eurozone Software Select Decrement 5% NR EUR,indices,us,True,CboeGlobalIndicesMSTAR
I:MACHAIHP,,indices,us,True,CboeGlobalIndicesMSTAR
I:MACHGE,Morningstar Transatlantic Aerospace Defense Extended Select GR EURÂ,indices,us,True,CboeGlobalIndicesMSTAR
I:MACHPE,Morningstar Transatlantic Aerospace Defense Extended Select PR EURÂ,indices,us,True,CboeGlobalIndicesMSTAR
I:MACOGCT,Mirae Asset Equal Weight Canadian Oil  Gas Index,indices,us,True,CboeGlobalIndicesMSTAR
I:MACT10HP,Mirae Asset China Tech Top 10 Index,indices,us,True,CboeGlobalIndicesMSTAR
I:MAEROD,Morningstar Developed Europe Aerospace  Defense Static Select EW Dec50 Point GR EUR,indices,us,True,CboeGlobalIndicesMSTAR
I:MAEROD5,Morningstar Developed Europe Aerospace  Defense Static Select EW Dec5 NR EUR,indices,us,True,CboeGlobalIndicesMSTAR
I:MAERODG,Morningstar Developed Europe Aerospace  Defense Static Select Equal Weight GR EUR,indices,us,True,CboeGlobalIndicesMSTAR
I:MAERODN,Morningstar Developed Europe Aerospace  Defense Static Select Equal Weight NR EUR,indices,us,True,CboeGlobalIndicesMSTAR
I:MAERODP,Morningstar Developed Europe Aerospace  Defense Static Select Equal Weight PR EUR,indices,us,True,CboeGlobalIndicesMSTAR
I:MAGODAIN,Mirae Asset Global On Device AI Index,indices,us,True,CboeGlobalIndicesMSTAR
I:MAGODAIP,,indices,us,True,CboeGlobalIndicesMSTAR
I:MAIBH10N,Mirae Asset India Bharat Top10 Index,indices,us,True,CboeGlobalIndicesMSTAR
I:MAIBT10N,Mirae Asset Global Innovative Bluechip Top 10 Index,indices,us,True,CboeGlobalIndicesMSTAR
I:MAIBT10P,,indices,us,True,CboeGlobalIndicesMSTAR
I:MAIBTTCN,Mirae Asset Global Innovation Bluechip Top 10 CAD Index,indices,us,True,CboeGlobalIndicesMSTAR
I:MAINBCIN,Mirae Asset India Billion Consumer Index,indices,us,True,CboeGlobalIndicesMSTAR
I:MAINBCIP,,indices,us,True,CboeGlobalIndicesMSTAR
I:MAINT10N,Mirae Asset India Select Top 10 Index,indices,us,True,CboeGlobalIndicesMSTAR
I:MAJHDJT,Mirae Asset Japan High Dividend 30 Index,indices,us,True,CboeGlobalIndicesMSTAR
I:MAJSTTJT,Mirae Asset Japan Semiconductor Top 10 Index,indices,us,True,CboeGlobalIndicesMSTAR
I:MAKXIV,PROSHARES S&P KENSHO SMART FACTORIES ETF,indices,us,True,CboeGlobalIndicesINAV
I:MAMARTCT,Mirae Asset Equal Weight Canadian Groceries  Staples Index,indices,us,True,CboeGlobalIndicesMSTAR
I:MANA10K,Cboe 10K Decentraland / US Dollar RealPrice Index,indices,us,True,CboeGlobalIndicesCCCY
I:MANA1250,Cboe 1250 Decentraland / US Dollar RealPrice Index,indices,us,True,CboeGlobalIndicesCCCY
I:MANA3KRP,Cboe 3000 Decentraland / US Dollar RealPrice Index,indices,us,True,CboeGlobalIndicesCCCY
I:MANA500,Cboe 500 Decentraland / US Dollar RealPrice Index,indices,us,True,CboeGlobalIndicesCCCY
I:MANAGCN,Mirae Asset North American Listed Gold Producers Index,indices,us,True,CboeGlobalIndicesMSTAR
I:MAPPLNCT,Mirae Asset Equal Weight Canadian Pipelines Index,indices,us,True,CboeGlobalIndicesMSTAR
I:MAREITCT,,indices,us,True,CboeGlobalIndicesMSTAR
I:MARINGCT,Mirae Asset Equal Weight Canadian Telecommunications Index,indices,us,True,CboeGlobalIndicesMSTAR
I:MARTIV,AllianzIM U.S. Large Cap Buffer10 ETF Intraday Indicative Value,indices,us,True,CboeGlobalIndicesINAV
I:MARWIV,AllianzIM U.S. Large Cap Buffer20 ETF Intraday Indicative Value,indices,us,True,CboeGlobalIndicesINAV
I:MARZIV,TrueShares Structured Outcome (March) ETF Intraday Indicative Value,indices,us,True,CboeGlobalIndicesINAV
I:MASAFECT,Mirae Asset Equal Weight Canadian Insurance Index,indices,us,True,CboeGlobalIndicesMSTAR
I:MATOKNCN,,indices,us,True,CboeGlobalIndicesMSTAR
I:MAUAIFUN,Mirae Asset U.S. AI Fabless Index PR USD,indices,us,True,CboeGlobalIndicesMSTAR
I:MAUAIFUP,,indices,us,True,CboeGlobalIndicesMSTAR
I:MAUBNKCN,,indices,us,True,CboeGlobalIndicesMSTAR
I:MAUD10UP,Mirae Asset US Defense Top 10 Index,indices,us,True,CboeGlobalIndicesMSTAR
I:MAUMRTCN,,indices,us,True,CboeGlobalIndicesMSTAR
I:MAUTILCT,Mirae Asset Equal Weight Canadian Utilities Index,indices,us,True,CboeGlobalIndicesMSTAR
I:MAXI20,Morningstar Eurozone ex Energy Select 20 Decrement 50 Point GR EUR,indices,us,True,CboeGlobalIndicesMSTAR
I:MAXI20D,Morningstar Eurozone ex Energy Select 20 Decrement 5% NR EUR,indices,us,True,CboeGlobalIndicesMSTAR
I:MAXI20GE,Morningstar Eurozone ex-Energy Select 20,indices,us,True,CboeGlobalIndicesMSTAR
I:MAXI20PE,Morningstar Eurozone ex-Energy Select 20 PR EUR,indices,us,True,CboeGlobalIndicesMSTAR
I:MAXI40,Morningstar Eurozone 40 Decrement 50 Point GR EUR,indices,us,True,CboeGlobalIndicesMSTAR
I:MAXI40D,Morningstar Eurozone 40 Decrement 5% NR EUR,indices,us,True,CboeGlobalIndicesMSTAR
I:MAXI40GE,Morningstar Eurozone 40 GR EUR,indices,us,True,CboeGlobalIndicesMSTAR
I:MAXI40PE,Morningstar Eurozone 40 PR EUR,indices,us,True,CboeGlobalIndicesMSTAR
I:MAXJIV,iShares Large Cap Max Buffer Jun ETF Intraday Indicative Value,indices,us,True,CboeGlobalIndicesINAV
I:MAYTIV,AllianzIM U.S. Large Cap Buffer10 May ETF,indices,us,True,CboeGlobalIndicesINAV
I:MAYWIV,AllianzIM U.S. Large Cap Buffer20 May ETF,indices,us,True,CboeGlobalIndicesINAV
I:MAYZIV,TrueShares Structured Outcome (May) ETF Intraday Indicative Value,indices,us,True,CboeGlobalIndicesINAV
I:MBANK10,Morningstar Transatlantic Banks Select 10 Decrement 50 Point GR EUR,indices,us,True,CboeGlobalIndicesMSTAR
I:MBANK10D,Morningstar Transatlantic Banks Select 10 Decrement 5% NR EUR,indices,us,True,CboeGlobalIndicesMSTAR
I:MBANK10GE,Morningstar Transatlantic Banks Select 10 GR EUR,indices,us,True,CboeGlobalIndicesMSTAR
I:MBANK10PE,Morningstar Transatlantic Banks Select 10 PR EUR,indices,us,True,CboeGlobalIndicesMSTAR
I:MBANKD,Morningstar France Germany Italy Banks Static Select 10 Equal Weight Decrement 50 Point GR EUR,indices,us,True,CboeGlobalIndicesMSTAR
I:MBANKD5,Morningstar France Germany Italy Banks Static Select 10 Equal Weight Decrement 5 NR EUR,indices,us,True,CboeGlobalIndicesMSTAR
I:MBANKE,Morningstar Eurozone Banks Static Select 10 Equal Weight Decrement 50 Point GR EUR,indices,us,True,CboeGlobalIndicesMSTAR
I:MBANKED,Morningstar Eurozone Banks Static Select 10 Equal Weight Decrement 5 NR EUR,indices,us,True,CboeGlobalIndicesMSTAR
I:MBANKEP,Morningstar Eurozone Banks Static Select 10 Equal Weight Index PR EUR,indices,us,True,CboeGlobalIndicesMSTAR
I:MBANKET,Morningstar Eurozone Banks Static Select 10 Equal Weight Index GR EUR,indices,us,True,CboeGlobalIndicesMSTAR
I:MBANKG,Morningstar France Germany Italy Banks Static Select 10 Equal Weight GR EUR,indices,us,True,CboeGlobalIndicesMSTAR
I:MBANKGE,Morningstar Transatlantic Banks GR EUR,indices,us,True,CboeGlobalIndicesMSTAR
I:MBANKP,Morningstar France Germany Italy Banks Static Select 10 Equal Weight PR EUR,indices,us,True,CboeGlobalIndicesMSTAR
I:MBANKPE,Morningstar Transatlantic Banks PR EUR,indices,us,True,CboeGlobalIndicesMSTAR
I:MBANKT,Morningstar Transatlantic Banks Decrement 50 Point GR EUR,indices,us,True,CboeGlobalIndicesMSTAR
I:MBANQ10,Morningstar France Italy Spain Banks Select 10 Equal Weighted PR EUR,indices,us,True,CboeGlobalIndicesMSTAR
I:MBANQ10D,Morningstar France Italy Spain Banks Select 10 Equal Weighted Decrement 5 NR EUR,indices,us,True,CboeGlobalIndicesMSTAR
I:MBANQ10G,Morningstar France Italy Spain Banks Select 10 Equal Weighted GR EUR,indices,us,True,CboeGlobalIndicesMSTAR
I:MBANQ10N,Morningstar France Italy Spain Banks Select 10 Equal Weighted NR EUR,indices,us,True,CboeGlobalIndicesMSTAR
I:MBANQ10P,Morningstar France Italy Spain Banks Select 10 Equal Weighted Decrement 50 Point GR EUR,indices,us,True,CboeGlobalIndicesMSTAR
I:MBANT5D,Morningstar Transatlantic Banks Decrement 5% NR EUR,indices,us,True,CboeGlobalIndicesMSTAR
I:MBMS,Morningstar US Basic Materials Sector PR USD,indices,us,True,CboeGlobalIndicesMSTAR
I:MBSS205D,Morningstar Eurozone Banks Screened Select 20 Decrement 5 NR EUR,indices,us,True,CboeGlobalIndicesMSTAR
I:MBSS20D,Morningstar Eurozone Banks Screened Select 20 Decrement 50 Point GR EUR,indices,us,True,CboeGlobalIndicesMSTAR
I:MBSS20D2,,indices,us,True,CboeGlobalIndicesMSTAR
I:MBSS20NR,Morningstar Eurozone Banks Screened Select 20 NR EUR,indices,us,True,CboeGlobalIndicesMSTAR
I:MBSS20PR,Morningstar Eurozone Banks Screened Select 20 PR EUR,indices,us,True,CboeGlobalIndicesMSTAR
I:MBSS20TR,Morningstar Eurozone Banks Screened Select 20 GR EUR,indices,us,True,CboeGlobalIndicesMSTAR
I:MBTX,Cboe Mini Bitcoin U.S. ETF Index,indices,us,True,CboeGlobalIndicesCGI
I:MBTXS,Cboe Mini Bitcoin U.S. ETF Index AM Settlement Value,indices,us,True,CboeGlobalIndicesCGI
I:MCARE10G,Morningstar Eurozone and UK Healthcare Static Select 10 Equal Weight GR EUR,indices,us,True,CboeGlobalIndicesMSTAR
I:MCARE10P,Morningstar Eurozone and UK Healthcare Static Select 10 Equal Weight PR EUR,indices,us,True,CboeGlobalIndicesMSTAR
I:MCARE50G,Morningstar Eurozone and UK Healthcare Static Select 10 Equal Weight,indices,us,True,CboeGlobalIndicesMSTAR
I:MCARE5D,Morningstar Eurozone and UK Healthcare Static Select 10 Equal Weight Decrement 5 NR EUR,indices,us,True,CboeGlobalIndicesMSTAR
I:MCCS,Morningstar US Consumer Cyclical Sector PR USD,indices,us,True,CboeGlobalIndicesMSTAR
I:MCDS,Morningstar US Consumer Defensive Sector PR USD,indices,us,True,CboeGlobalIndicesMSTAR
I:MCMOP,Morningstar Canada Target Momentum PR CAD,indices,us,True,CboeGlobalIndicesMSTAR
I:MCMOT,Morningstar Canada Target Momentum TR CAD,indices,us,True,CboeGlobalIndicesMSTAR
I:MCMOUP,Morningstar Canada Target Momentum PR USD,indices,us,True,CboeGlobalIndicesMSTAR
I:MCMOUT,Morningstar Canada Target Momentum TR USD,indices,us,True,CboeGlobalIndicesMSTAR
I:MCOR,Morningstar US Core PR USD,indices,us,True,CboeGlobalIndicesMSTAR
I:MCORE20,Morningstar Eurozone Multi-Sector Select 20 Decrement 50 Point GR EUR,indices,us,True,CboeGlobalIndicesMSTAR
I:MCORE20D,Morningstar Eurozone Multi-Sector Select 20 Decrement 5 NR EUR,indices,us,True,CboeGlobalIndicesMSTAR
I:MCORE20G,Morningstar Eurozone Multi-Sector Select 20 GR EUR,indices,us,True,CboeGlobalIndicesMSTAR
I:MCORE20N,Morningstar Eurozone Multi-Sector Select 20 NR EUR,indices,us,True,CboeGlobalIndicesMSTAR
I:MCORE20P,Morningstar Eurozone Multi-Sector Select 20 PR EUR,indices,us,True,CboeGlobalIndicesMSTAR
I:MCORE30,,indices,us,True,CboeGlobalIndicesMSTAR
I:MCORE30D,,indices,us,True,CboeGlobalIndicesMSTAR
I:MCORE30G,,indices,us,True,CboeGlobalIndicesMSTAR
I:MCORE30N,,indices,us,True,CboeGlobalIndicesMSTAR
I:MCORE30P,,indices,us,True,CboeGlobalIndicesMSTAR
I:MCORT,Morningstar US Core TR USD,indices,us,True,CboeGlobalIndicesMSTAR
I:MCSS,Morningstar US Communication Services Sector Capped PR USD,indices,us,True,CboeGlobalIndicesMSTAR
I:MCVAP,Morningstar Canada Target Value PR CAD,indices,us,True,CboeGlobalIndicesMSTAR
I:MCVAT,Morningstar Canada Target Value TR CAD,indices,us,True,CboeGlobalIndicesMSTAR
I:MCVAUP,Morningstar Canada Target Value PR USD,indices,us,True,CboeGlobalIndicesMSTAR
I:MCVAUT,Morningstar Canada Target Value TR USD,indices,us,True,CboeGlobalIndicesMSTAR
I:MDAPKSNU,,indices,us,True,CboeGlobalIndicesMSTAR
I:MDL,Morningstar Dividend Leaders PR USD,indices,us,True,CboeGlobalIndicesMSTAR
I:MDLTR,Morningstar Dividend Leaders TR USD,indices,us,True,CboeGlobalIndicesMSTAR
I:MDMVTMPU,,indices,us,True,CboeGlobalIndicesMSTAR
I:MDXUS,Morningstar Developed Markets ex-US PR USD,indices,us,True,CboeGlobalIndicesMSTAR
I:MDXUSFT,Morningstar Developed Markets ex-US Factor Tilt PR USD,indices,us,True,CboeGlobalIndicesMSTAR
I:MDYF,Morningstar Dividend Yield Focus PR USD,indices,us,True,CboeGlobalIndicesMSTAR
I:MDYFCP,Morningstar Dividend Yield Focus CAD PR,indices,us,True,CboeGlobalIndicesMSTAR
I:MDYFCT,Morningstar Dividend Yield Focus CAD TR,indices,us,True,CboeGlobalIndicesMSTAR
I:MDYFT,Morningstar Dividend Yield Focus TR USD,indices,us,True,CboeGlobalIndicesMSTAR
I:MEBANK,Morningstar Eurozone Large Banks Decrement 50 Point GR EUR,indices,us,True,CboeGlobalIndicesMSTAR
I:MEBANK5D,Morningstar Eurozone Large Banks Decrement 5% NR EUR,indices,us,True,CboeGlobalIndicesMSTAR
I:MEBANKGE,Morningstar Eurozone Large Banks PR EUR,indices,us,True,CboeGlobalIndicesMSTAR
I:MEBANKPE,Morningstar Eurozone Large Banks GR EUR,indices,us,True,CboeGlobalIndicesMSTAR
I:MECFIS50,"Morningstar Eurozone Consumer Disc, Financials and Industrials Select 30 Decrement 50 Point",indices,us,True,CboeGlobalIndicesMSTAR
I:MECFIS5N,Morningstar Eurozone Consumer Discretionary Financials and Industrials Select 30 Decrement 5,indices,us,True,CboeGlobalIndicesMSTAR
I:MECFISGE,"Morningstar Eurozone Consumer Discretionary, Financials and Industrials Select 30",indices,us,True,CboeGlobalIndicesMSTAR
I:MECFISNE,"Morningstar Eurozone Consumer Discretionary, Financials and Industrials Select 30",indices,us,True,CboeGlobalIndicesMSTAR
I:MECFISPE,"Morningstar Eurozone Consumer Discretionary, Financials and Industrials Select 30",indices,us,True,CboeGlobalIndicesMSTAR
I:MEFS205D,Morningstar Eurozone Financial Services Screened Select 20 Equal Weight Decrement 5 NR EUR,indices,us,True,CboeGlobalIndicesMSTAR
I:MEFS20D,Morningstar Eurozone Financial Services Screened Select 20 Equal Weight Decrement 50 Point GR EUR,indices,us,True,CboeGlobalIndicesMSTAR
I:MEFS20GE,Morningstar Eurozone Financial Services Screened Select 20 Equal Weight TR EUR,indices,us,True,CboeGlobalIndicesMSTAR
I:MEFS20NE,Morningstar Eurozone Financial Services Screened Select 20 Equal Weight NR EUR,indices,us,True,CboeGlobalIndicesMSTAR
I:MEFS20PE,Morningstar Eurozone Financial Services Screened Select 20 Equal Weight PR EUR,indices,us,True,CboeGlobalIndicesMSTAR
I:MEGA50,Morningstar Transatlantic Select 50 Decrement 50 Point GR EUR,indices,us,True,CboeGlobalIndicesMSTAR
I:MEGA50D,Morningstar Transatlantic Select 50 Decrement 5% NR EUR,indices,us,True,CboeGlobalIndicesMSTAR
I:MEGA50GE,Morningstar Transatlantic Select 50 GR EUR,indices,us,True,CboeGlobalIndicesMSTAR
I:MEGA50PE,Morningstar Transatlantic Select 50 PR EUR,indices,us,True,CboeGlobalIndicesMSTAR
I:MEMM,Morningstar Emerging Markets PR USD,indices,us,True,CboeGlobalIndicesMSTAR
I:MEMMFT,Morningstar Emerging Markets Factor Tilt PR USD,indices,us,True,CboeGlobalIndicesMSTAR
I:MES,Morningstar US Energy Sector Capped PR USD,indices,us,True,CboeGlobalIndicesMSTAR
I:MESG50D,,indices,us,True,CboeGlobalIndicesMSTAR
I:MESG50D5,,indices,us,True,CboeGlobalIndicesMSTAR
I:MESG50G,,indices,us,True,CboeGlobalIndicesMSTAR
I:MESG50N,,indices,us,True,CboeGlobalIndicesMSTAR
I:MESG50P,,indices,us,True,CboeGlobalIndicesMSTAR
I:METAL,Nasdaq Sprott Energy Transition Materials Select Index,indices,us,True,NasdaqGIDS
I:METALA,Nasdaq Sprott Energy Transition Materials Select AUD Index,indices,us,True,NasdaqGIDS
I:METALANR,Nasdaq Sprott Energy Transition Materials Select Net Total Return AUD Index,indices,us,True,NasdaqGIDS
I:METALATR,Nasdaq Sprott Energy Transition Materials Select Total Return AUD Index,indices,us,True,NasdaqGIDS
I:METALNR,Nasdaq Sprott Energy Transition Materials Select Net Total Return Index,indices,us,True,NasdaqGIDS
I:METALTR,Nasdaq Sprott Energy Transition Materials Select Total Return Index,indices,us,True,NasdaqGIDS
I:MFSS,Morningstar US Financial Services Sector PR USD,indices,us,True,CboeGlobalIndicesMSTAR
I:MGEUMFUP,Morningstar Global Markets ex-US Moat Focus PR USD,indices,us,True,CboeGlobalIndicesMSTAR
I:MGRO,Morningstar US Growth PR USD,indices,us,True,CboeGlobalIndicesMSTAR
I:MGROT,Morningstar US Growth TR USD,indices,us,True,CboeGlobalIndicesMSTAR
I:MGSET,,indices,us,True,CboeGlobalIndicesCGI
I:MGTN,,indices,us,True,CboeGlobalIndicesCGI
I:MGXUS,Morningstar Global Markets ex-US PR USD,indices,us,True,CboeGlobalIndicesMSTAR
I:MHS,Morningstar US Healthcare Sector PR USD,indices,us,True,CboeGlobalIndicesMSTAR
I:MHST,Morningstar Healthcare Sector TR USD,indices,us,True,CboeGlobalIndicesMSTAR
I:MIS,Morningstar US Industrials Sector PR USD,indices,us,True,CboeGlobalIndicesMSTAR
I:MLCP,Morningstar US Large Cap PR USD,indices,us,True,CboeGlobalIndicesMSTAR
I:MLCPT,Morningstar US Large Cap TR USD,indices,us,True,CboeGlobalIndicesMSTAR
I:MLCR,Morningstar US Large Core PR USD,indices,us,True,CboeGlobalIndicesMSTAR
I:MLCRT,Morningstar US Large Core TR USD,indices,us,True,CboeGlobalIndicesMSTAR
I:MLEAD30,,indices,us,True,CboeGlobalIndicesMSTAR
I:MLEAD30D,,indices,us,True,CboeGlobalIndicesMSTAR
I:MLEAD30G,,indices,us,True,CboeGlobalIndicesMSTAR
I:MLEAD30N,,indices,us,True,CboeGlobalIndicesMSTAR
I:MLEAD30P,,indices,us,True,CboeGlobalIndicesMSTAR
I:MLGR,Morningstar US Large Growth PR USD,indices,us,True,CboeGlobalIndicesMSTAR
I:MLGRT,Morningstar US Large Growth TR USD,indices,us,True,CboeGlobalIndicesMSTAR
I:MLVL,Morningstar US Large Value PR USD,indices,us,True,CboeGlobalIndicesMSTAR
I:MLVLT,Morningstar US Large Value TR USD,indices,us,True,CboeGlobalIndicesMSTAR
I:MMAXIV,,indices,us,True,CboeGlobalIndicesINAV
I:MMCP,Morningstar US Mid Cap PR USD,indices,us,True,CboeGlobalIndicesMSTAR
I:MMCPT,Morningstar US Mid Cap TR USD,indices,us,True,CboeGlobalIndicesMSTAR
I:MMCR,Morningstar US Mid Core PR USD,indices,us,True,CboeGlobalIndicesMSTAR
I:MMCRT,Morningstar US Mid Core TR USD,indices,us,True,CboeGlobalIndicesMSTAR
I:MMGR,Morningstar US Mid Growth PR USD,indices,us,True,CboeGlobalIndicesMSTAR
I:MMGRT,Morningstar US Mid Growth TR USD,indices,us,True,CboeGlobalIndicesMSTAR
I:MMO50CP,Morningstar US Momentum Target 50 CAD PR,indices,us,True,CboeGlobalIndicesMSTAR
I:MMO50CT,Morningstar US Momentum Target 50 CAD TR,indices,us,True,CboeGlobalIndicesMSTAR
I:MMO50P,Morningstar US Target Momentum PR USD,indices,us,True,CboeGlobalIndicesMSTAR
I:MMO50T,Morningstar US Momentum Target 50 USD TR,indices,us,True,CboeGlobalIndicesMSTAR
I:MMVL,Morningstar US Mid Value PR USD,indices,us,True,CboeGlobalIndicesMSTAR
I:MMVLT,Morningstar US Mid Value TR USD,indices,us,True,CboeGlobalIndicesMSTAR
I:MNBQC,Morningstar National Bank Quebec PR CAD,indices,us,True,CboeGlobalIndicesMSTAR
I:MNBQCG,Morningstar NBC Quebec TR CAD,indices,us,True,CboeGlobalIndicesMSTAR
I:MNBQCT,Morningstar National Bank Quebec NR CAD,indices,us,True,CboeGlobalIndicesMSTAR
I:MNV,Invesco S&P 500 BuyWrite ETF-INAV,indices,us,True,CboeGlobalIndicesINAV
I:MNX1,Nasdaq-100 Mini Index,indices,us,True,NasdaqGIDS
I:MODD5D,Morningstar Transatlantic Sustainable Development Goals Select 40 Decrement 5% NR EUR,indices,us,True,CboeGlobalIndicesMSTAR
I:MODDGE,Morningstar Transatlantic Sustainable Development Goals Select 40 GR EUR,indices,us,True,CboeGlobalIndicesMSTAR
I:MODDPE,Morningstar Transatlantic Sustainable Development Goals Select 40 PR EUR,indices,us,True,CboeGlobalIndicesMSTAR
I:MOIL50,Morningstar Transatlantic Oil & Gas Select Decrement 50 Point GR EUR,indices,us,True,CboeGlobalIndicesMSTAR
I:MOIL5D,Morningstar Transatlantic Oil & Gas Select Decrement 5% NR EUR,indices,us,True,CboeGlobalIndicesMSTAR
I:MOILGE,Morningstar Transatlantic Oil & Gas Select GR EUR,indices,us,True,CboeGlobalIndicesMSTAR
I:MOILPE,Morningstar Transatlantic Oil & Gas Select PR EUR,indices,us,True,CboeGlobalIndicesMSTAR
I:MONDE50,Morningstar Developed Markets Select 30 Decrement 50 Point GR EUR,indices,us,True,CboeGlobalIndicesMSTAR
I:MONDE5D,Morningstar Developed Markets Select 30 Decrement 5 NR EUR,indices,us,True,CboeGlobalIndicesMSTAR
I:MONDEGE,Morningstar Developed Markets Select 30,indices,us,True,CboeGlobalIndicesMSTAR
I:MONDEPE,Morningstar Developed Markets Select 30 Index PR EUR,indices,us,True,CboeGlobalIndicesMSTAR
I:MPDMPESPU,Morningstar PitchBook Developed Markets Listed Private Equity PR USD,indices,us,True,CboeGlobalIndicesMSTAR
I:MPDPESPC,Morningstar PitchBook Developed Markets Listed Private Equity Select PR CAD,indices,us,True,CboeGlobalIndicesMSTAR
I:MPOWER5,Morningstar Developed Europe Power Systems Static Select 20 Decrement 5 NR EUR,indices,us,True,CboeGlobalIndicesMSTAR
I:MPOWERD,Morningstar Developed Europe Power Systems Static Select 20 Decrement 50 Point GR EUR,indices,us,True,CboeGlobalIndicesMSTAR
I:MPOWERG,Morningstar Developed Europe Power Systems Static Select 20 GR EUR,indices,us,True,CboeGlobalIndicesMSTAR
I:MPOWERN,Morningstar Developed Europe Power Systems Static Select 20 NR EUR,indices,us,True,CboeGlobalIndicesMSTAR
I:MPOWERP,Morningstar Developed Europe Power Systems Static Select 20 PR EUR,indices,us,True,CboeGlobalIndicesMSTAR
I:MREAL10,Morningstar Developed Markets Europe Real Estate Static Select 10 Equal Weight PR EUR,indices,us,True,CboeGlobalIndicesMSTAR
I:MREAL10D,Morningstar Developed Markets Europe Real Estate Static Select 10 Equal Weight Decrement 5 NR EUR,indices,us,True,CboeGlobalIndicesMSTAR
I:MREAL10G,Morningstar Developed Markets Europe Real Estate Static Select 10 Equal Weight GR EUR,indices,us,True,CboeGlobalIndicesMSTAR
I:MREAL10N,Morningstar Developed Markets Europe Real Estate Static Select 10 Equal Weight NR EUR,indices,us,True,CboeGlobalIndicesMSTAR
I:MREAL10P,Morningstar DM EU Real Estate Static Select 10 EW Dec 50 Point GR EUR,indices,us,True,CboeGlobalIndicesMSTAR
I:MREINC50,Morningstar Developed Markets Europe AutDefSem Sel 30 Cap Decrement 50 Point GR EUR,indices,us,True,CboeGlobalIndicesMSTAR
I:MREINCD5,Morningstar Developed Markets Europe AutDefSem Sel 30 Cap Decrement 5 NR EUR,indices,us,True,CboeGlobalIndicesMSTAR
I:MREINCGE,Mstar DME Auto Defense and Semi-Conductors Select 30 Capped GE Index,indices,us,True,CboeGlobalIndicesMSTAR
I:MREINCNE,Mstar DME Auto Defense and Semi-Conductors Select 30 Capped NE Index,indices,us,True,CboeGlobalIndicesMSTAR
I:MREINCPE,Mstar DME Auto Defense and Semi-Conductors Select 30 Capped PE Index,indices,us,True,CboeGlobalIndicesMSTAR
I:MREIND50,Morningstar Developed Europe Auto Defense and Semi Conductors Select 30 Decrement 50 Point GR EUR,indices,us,True,CboeGlobalIndicesMSTAR
I:MREINDD5,Morningstar Developed Markets Europe Auto Defense and Semi Conductors Select 30 Decrement 5% NR EUR,indices,us,True,CboeGlobalIndicesMSTAR
I:MREINDGE,Morningstar DM Europe Auto Defense and Semi-Conductors Select 30 GR EUR,indices,us,True,CboeGlobalIndicesMSTAR
I:MREINDNE,Morningstar DM Europe Auto Defense and Semi-Conductors Select 30 NR EUR,indices,us,True,CboeGlobalIndicesMSTAR
I:MREINDPE,Morningstar DM Europe Auto Defense and Semi-Conductors Select 30 PR EUR,indices,us,True,CboeGlobalIndicesMSTAR
I:MREITP,Morningstar US REIT Index PR USD,indices,us,True,CboeGlobalIndicesMSTAR
I:MRETS,Morningstar US Real Estate Sector PR USD,indices,us,True,CboeGlobalIndicesMSTAR
I:MRGRIV,PROSHARES MERGER ETF,indices,us,True,CboeGlobalIndicesINAV
I:MRLS,Mini-Russell 2000 Index (AM Settlement),indices,us,True,CboeGlobalIndicesFTSE
I:MRUT,Mini-Russell 2000 Index,indices,us,True,CboeGlobalIndicesFTSE
I:MS3050CE,Morningstar Eurozone Basic Resouces Banks and Energy Select 30 Capped Decrement 50 Point GR EUR,indices,us,True,CboeGlobalIndicesMSTAR
I:MS3050GE,Morningstar Eurozone 30 Basic Resources Banks and Energy Decrement 50 Point GR EUR,indices,us,True,CboeGlobalIndicesMSTAR
I:MS305BNE,Morningstar Eurozone 30 Basic Resources Banks and Energy Decrement 5% NR EUR,indices,us,True,CboeGlobalIndicesMSTAR
I:MS305CE,Morningstar Eurozone Basic Resouces Banks and Energy Select 30 Capped Decrement 5 NR EUR,indices,us,True,CboeGlobalIndicesMSTAR
I:MS30BECG,Morningstar Eurozone Basic Resouces Banks and Energy Select 30 Capped GR EUR,indices,us,True,CboeGlobalIndicesMSTAR
I:MS30BECN,Morningstar Eurozone Basic Resouces Banks and Energy Select 30 Capped NR EUR,indices,us,True,CboeGlobalIndicesMSTAR
I:MS30BECP,Morningstar Eurozone Basic Resouces Banks and Energy Select 30 Capped PR EUR,indices,us,True,CboeGlobalIndicesMSTAR
I:MS30BEGE,Morningstar Eurozone 30 Basic Resources Banks and Energy GR EUR,indices,us,True,CboeGlobalIndicesMSTAR
I:MS30BENE,Morningstar Eurozone 30 Basic Resources Banks and Energy NR EUR,indices,us,True,CboeGlobalIndicesMSTAR
I:MS30BEPE,Morningstar Eurozone 30 Basic Resources Banks and Energy PR EUR,indices,us,True,CboeGlobalIndicesMSTAR
I:MS30GT5,Morningstar Global Emerging Green Technologies Select 30 Decrement 5% NR EUR,indices,us,True,CboeGlobalIndicesMSTAR
I:MS30GT50,Morningstar Global Emerging Green Technologies Select 30 Decrement 50 Point GR EUR,indices,us,True,CboeGlobalIndicesMSTAR
I:MS30GTG,Morningstar Global Emerging Green Technologies Select 30 GR EUR,indices,us,True,CboeGlobalIndicesMSTAR
I:MS35RL,Morningstar Eurozone ESG Risk Management Leaders Select 35 PR EUR,indices,us,True,CboeGlobalIndicesMSTAR
I:MS35RL5,Morningstar Eurozone ESG Risk Management Leaders Select 35 Decrement 5% NR EUR,indices,us,True,CboeGlobalIndicesMSTAR
I:MS35RL50,Morningstar Eurozone ESG Risk Management Leaders Select 35 Decrement 50 Point GR EUR,indices,us,True,CboeGlobalIndicesMSTAR
I:MS35RLG,Morningstar Eurozone ESG Risk Management Leaders Select 35 GR EUR,indices,us,True,CboeGlobalIndicesMSTAR
I:MS35RLN,Morningstar Eurozone ESG Risk Management Leaders Select 35 NR EUR,indices,us,True,CboeGlobalIndicesMSTAR
I:MSAAUSDP,Morningstar Asia PR USD,indices,us,True,CboeGlobalIndicesMSTAR
I:MSABTC5,Morningstar Trans ABLTT ESG Screened Select 60 Capped Decrement 5 NR EUR,indices,us,True,CboeGlobalIndicesMSTAR
I:MSABTC50,Morningstar Trans ABLTT ESG Screened Select 60 Capped Decrement 50 Point GR EUR,indices,us,True,CboeGlobalIndicesMSTAR
I:MSABTCGE,Morningstar Transatlantic Auto Banks Luxury Tech  Telecom ESG Screened Select 60 Capped GR EUR,indices,us,True,CboeGlobalIndicesMSTAR
I:MSABTCNE,Morningstar Transatlantic Auto Banks Luxury Tech  Telecom ESG Screened Select 60 Capped NR EUR,indices,us,True,CboeGlobalIndicesMSTAR
I:MSABTCPE,Morningstar Transatlantic Auto Banks Luxury Tech  Telecom ESG Screened Select 60 Capped PR EUR,indices,us,True,CboeGlobalIndicesMSTAR
I:MSABTT5,Morningstar Transatlantic Auto Banks Luxury Tech  Telecom ESG Screened Select 60 Dec 5 NR EUR,indices,us,True,CboeGlobalIndicesMSTAR
I:MSABTT50,Morningstar Transatlantic Auto Banks Luxury Tech  Telecom ESG Screened Select 60 Dec 50 Pt GR EUR,indices,us,True,CboeGlobalIndicesMSTAR
I:MSABTTGE,Morningstar Transatlantic Auto Banks Luxury Tech  Telecom ESG Screened Select 60 GR EUR,indices,us,True,CboeGlobalIndicesMSTAR
I:MSABTTNE,Morningstar Transatlantic Auto Banks Luxury Tech  Telecom ESG Screened Select 60 NR EUR,indices,us,True,CboeGlobalIndicesMSTAR
I:MSABTTPE,Morningstar Transatlantic Auto Banks Luxury Tech  Telecom ESG Screened Select 60 PR EUR,indices,us,True,CboeGlobalIndicesMSTAR
I:MSACUSDP,Morningstar Asia Pacific PR USD,indices,us,True,CboeGlobalIndicesMSTAR
I:MSACW,MXACW Option Settlement Value,indices,us,True,CboeGlobalIndicesMSCI
I:MSAJTUNU,Morningstar Asia ex-Japan Target Market Exposure UCITS Select NR USD,indices,us,True,CboeGlobalIndicesMSTAR
I:MSAJUSDP,Morningstar Asia ex-Japan PR USD,indices,us,True,CboeGlobalIndicesMSTAR
I:MSAPBS50,"Morningstar Eurozone Banks, Auto Mfr andParts and Basic Mat Select 60 Decrement 50Points GR EUR",indices,us,True,CboeGlobalIndicesMSTAR
I:MSAPBS5N,"Morningstar Eurozone Banks, Auto Mfr andParts and Basic Mat Select 60 Decrement 5%NR EUR",indices,us,True,CboeGlobalIndicesMSTAR
I:MSAPBSGE,"Morningstar Eurozone Banks, Auto Manufacturers and Parts, and Basic Materials Select 60 GR EUR",indices,us,True,CboeGlobalIndicesMSTAR
I:MSAPBSNE,"Morningstar Eurozone Banks, AutoManufacturers and Parts, and Basic MaterialsSelect 60 GR EUR",indices,us,True,CboeGlobalIndicesMSTAR
I:MSAPBSPE,"Morningstar Eurozone Banks, Auto Manufacturers and Parts, and Basic Materials Select 60 PR EUR",indices,us,True,CboeGlobalIndicesMSTAR
I:MSAPS10G,Morningstar Developed Europe Auto Manufacturers and Parts Select 10 Equal Weight,indices,us,True,CboeGlobalIndicesMSTAR
I:MSAPS10P,Morningstar Developed Europe Auto Manufacturers and Parts Select 10 Equal Weight PR EUR,indices,us,True,CboeGlobalIndicesMSTAR
I:MSAPS50G,Morningstar Developed Europe Auto Manufacturers and Parts Select 10 Equal Weight Dec 50 Point GR EUR,indices,us,True,CboeGlobalIndicesMSTAR
I:MSAPS5DN,Morningstar Developed Europe Auto Manufacturers and Parts Select 10 Equal Weight Dec 5 NR EUR,indices,us,True,CboeGlobalIndicesMSTAR
I:MSAPUSDP,Morningstar Asia Pacific ex-Japan PR USD,indices,us,True,CboeGlobalIndicesMSTAR
I:MSATEURP,Morningstar Austria PR EUR,indices,us,True,CboeGlobalIndicesMSTAR
I:MSATMEPU,Morningstar Developed Markets Asia Pacific ex-Japan Target Market Exposure PR USD,indices,us,True,CboeGlobalIndicesMSTAR
I:MSATUSDP,Morningstar Austria PR USD,indices,us,True,CboeGlobalIndicesMSTAR
I:MSAUAUDP,Morningstar Australia PR AUD,indices,us,True,CboeGlobalIndicesMSTAR
I:MSAUUSDP,Morningstar Australia PR USD,indices,us,True,CboeGlobalIndicesMSTAR
I:MSBAMD,,indices,us,True,CboeGlobalIndicesMSTAR
I:MSBAMD5,,indices,us,True,CboeGlobalIndicesMSTAR
I:MSBAMGE,,indices,us,True,CboeGlobalIndicesMSTAR
I:MSBAMPE,,indices,us,True,CboeGlobalIndicesMSTAR
I:MSBCSEGB,Morningstar Brazil Cyclical Sectors Equal Weighted Select GR BRL,indices,us,True,CboeGlobalIndicesMSTAR
I:MSBCSENB,Morningstar Brazil Cyclical Sectors Equal Weighted Select NR BRL,indices,us,True,CboeGlobalIndicesMSTAR
I:MSBCSEPB,Morningstar Brazil Cyclical Sectors Equal Weighted Select PR BRL,indices,us,True,CboeGlobalIndicesMSTAR
I:MSBDSEGB,Morningstar Brazil Defensive Sectors Equal Weighted GR BRL,indices,us,True,CboeGlobalIndicesMSTAR
I:MSBDSENB,Morningstar Brazil Defensive Sectors Equal Weighted NR BRL,indices,us,True,CboeGlobalIndicesMSTAR
I:MSBDSEPB,Morningstar Brazil Defensive Sectors Equal Weighted PR BRL,indices,us,True,CboeGlobalIndicesMSTAR
I:MSBEEURP,Morningstar Belgium PR EUR,indices,us,True,CboeGlobalIndicesMSTAR
I:MSBEUSDP,Morningstar Belgium PR USD,indices,us,True,CboeGlobalIndicesMSTAR
I:MSBRBRLP,Morningstar Brazil PR BRL,indices,us,True,CboeGlobalIndicesMSTAR
I:MSBRUSDP,Morningstar Brazil PR USD,indices,us,True,CboeGlobalIndicesMSTAR
I:MSBZEWGB,Morningstar Brazil Equal Weighted GR BRL,indices,us,True,CboeGlobalIndicesMSTAR
I:MSBZEWNB,Morningstar Brazil Equal Weighted NR BRL,indices,us,True,CboeGlobalIndicesMSTAR
I:MSBZEWPB,Morningstar Brazil Equal Weighted PR BRL,indices,us,True,CboeGlobalIndicesMSTAR
I:MSCACADP,Morningstar Canada PR CAD,indices,us,True,CboeGlobalIndicesMSTAR
I:MSCAUSDP,Morningstar Canada PR USD,indices,us,True,CboeGlobalIndicesMSTAR
I:MSCEREPE,Morningstar Developed Markets China and Emerging Markets Revenue Exposure PR EUR,indices,us,True,CboeGlobalIndicesMSTAR
I:MSCEREPG,Morningstar Developed Markets China and Emerging Markets Revenue Exposure PR GBP,indices,us,True,CboeGlobalIndicesMSTAR
I:MSCEREPU,Morningstar Developed Markets China and Emerging Markets Revenue Exposure PR USD,indices,us,True,CboeGlobalIndicesMSTAR
I:MSCGWTPC,,indices,us,True,CboeGlobalIndicesMSTAR
I:MSCHCHFP,Morningstar Switzerland PR CHF,indices,us,True,CboeGlobalIndicesMSTAR
I:MSCHUSDP,Morningstar Switzerland PR USD,indices,us,True,CboeGlobalIndicesMSTAR
I:MSCLCLPP,Morningstar Chile PR CLP,indices,us,True,CboeGlobalIndicesMSTAR
I:MSCLUSDP,Morningstar Chile PR USD,indices,us,True,CboeGlobalIndicesMSTAR
I:MSCNCNYP,Morningstar China PR CNY,indices,us,True,CboeGlobalIndicesMSTAR
I:MSCNUSDP,Morningstar China PR USD,indices,us,True,CboeGlobalIndicesMSTAR
I:MSCOCOPP,Morningstar Colombia PR COP,indices,us,True,CboeGlobalIndicesMSTAR
I:MSCOMD,,indices,us,True,CboeGlobalIndicesMSTAR
I:MSCOMD5,,indices,us,True,CboeGlobalIndicesMSTAR
I:MSCOMGE,,indices,us,True,CboeGlobalIndicesMSTAR
I:MSCOMPE,,indices,us,True,CboeGlobalIndicesMSTAR
I:MSCOND5,Morningstar Transatlantic Semiconductors Select 15 Decrement 5 NR EUR,indices,us,True,CboeGlobalIndicesMSTAR
I:MSCOND50,Morningstar Transatlantic Semiconductors Select 15 Decrement 50 Point GR EUR,indices,us,True,CboeGlobalIndicesMSTAR
I:MSCONGE,Morningstar Transatlantic Semiconductors Select 15 GR EUR,indices,us,True,CboeGlobalIndicesMSTAR
I:MSCONPE,Morningstar Transatlantic Semiconductors Select 15 PR EUR,indices,us,True,CboeGlobalIndicesMSTAR
I:MSCOUSDP,Morningstar Colombia PR USD,indices,us,True,CboeGlobalIndicesMSTAR
I:MSCP,Morningstar US Small Cap PR USD,indices,us,True,CboeGlobalIndicesMSTAR
I:MSCPT,Morningstar US Small Cap TR USD,indices,us,True,CboeGlobalIndicesMSTAR
I:MSCR,Morningstar US Small Core PR USD,indices,us,True,CboeGlobalIndicesMSTAR
I:MSCRT,Morningstar US Small Core TR USD,indices,us,True,CboeGlobalIndicesMSTAR
I:MSCSTEPC,,indices,us,True,CboeGlobalIndicesMSTAR
I:MSCTMEPU,Morningstar Canada Target Market Exposure PR USD,indices,us,True,CboeGlobalIndicesMSTAR
I:MSCVLTPC,,indices,us,True,CboeGlobalIndicesMSTAR
I:MSCXFFPC,Morningstar Canada ex-Fossil Fuels PR CAD,indices,us,True,CboeGlobalIndicesMSTAR
I:MSCZCZKP,Morningstar Czech Republic PR CZK,indices,us,True,CboeGlobalIndicesMSTAR
I:MSCZUSDP,Morningstar Czech Republic PR USD,indices,us,True,CboeGlobalIndicesMSTAR
I:MSDAUSDP,Morningstar Developed Markets Americas PR USD,indices,us,True,CboeGlobalIndicesMSTAR
I:MSDE50CA,Morningstar Developed Europe Energy Select 10 Capped Decrement 50 Point GR EUR,indices,us,True,CboeGlobalIndicesMSTAR
I:MSDE50GE,Morningstar Developed Europe Energy Select 10 Decrement 50 Point GR EUR,indices,us,True,CboeGlobalIndicesMSTAR
I:MSDE5DCA,Morningstar Developed Europe Energy Select 10 Capped Decrement 5 NR EUR,indices,us,True,CboeGlobalIndicesMSTAR
I:MSDE5DNE,Morningstar Developed Europe Energy Select 10 Decrement 5 NR EUR,indices,us,True,CboeGlobalIndicesMSTAR
I:MSDEEGCA,Morningstar Developed Europe Energy Select 10 Capped TR EUR,indices,us,True,CboeGlobalIndicesMSTAR
I:MSDEENCA,Morningstar Developed Europe Energy Select 10 Capped NR EUR,indices,us,True,CboeGlobalIndicesMSTAR
I:MSDEEPCA,Morningstar Developed Europe Energy Select 10 Capped PR EUR,indices,us,True,CboeGlobalIndicesMSTAR
I:MSDEESGE,Morningstar Developed Europe Energy Select 10 GR EUR,indices,us,True,CboeGlobalIndicesMSTAR
I:MSDEESPE,Morningstar Developed Europe Energy Select 10 PR EUR,indices,us,True,CboeGlobalIndicesMSTAR
I:MSDEEURP,Morningstar Germany PR EUR,indices,us,True,CboeGlobalIndicesMSTAR
I:MSDEFSPE,,indices,us,True,CboeGlobalIndicesMSTAR
I:MSDEGTPE,,indices,us,True,CboeGlobalIndicesMSTAR
I:MSDEHS4E,Morningstar Developed Markets Europe Healthcare Sector 4% Decrement NR EUR,indices,us,True,CboeGlobalIndicesMSTAR
I:MSDEHS50,Morningstar Developed Markets Europe Healthcare Sector 50 Decrement GR EUR,indices,us,True,CboeGlobalIndicesMSTAR
I:MSDEHS5E,Morningstar Developed Markets Europe Healthcare Sector 5% Decrement NR EUR,indices,us,True,CboeGlobalIndicesMSTAR
I:MSDEHSGE,Morningstar Developed Markets Europe Healthcare Sector GR EUR,indices,us,True,CboeGlobalIndicesMSTAR
I:MSDEHSPE,Morningstar Developed Markets Europe Healthcare Sector PR EUR,indices,us,True,CboeGlobalIndicesMSTAR
I:MSDEM50E,Morningstar Developed Markets Europe Auto Manufacturers  Auto Parts Industries 50 Decrement GR EUR,indices,us,True,CboeGlobalIndicesMSTAR
I:MSDEMP4E,Morningstar Developed Markets Europe Auto Manufacturers & Auto Parts Industries 4% Decrement NR EUR,indices,us,True,CboeGlobalIndicesMSTAR
I:MSDEMP5E,Morningstar Developed Markets Europe Auto Manufacturers & Auto Parts Industries 5% Decrement NR EUR,indices,us,True,CboeGlobalIndicesMSTAR
I:MSDEMPGE,Morningstar Developed Markets Europe Auto Manufacturers & Auto Parts Industries GR EUR,indices,us,True,CboeGlobalIndicesMSTAR
I:MSDEMPPE,Morningstar Developed Markets Europe Auto Manufacturers & Auto Parts Industries PR EUR,indices,us,True,CboeGlobalIndicesMSTAR
I:MSDEO50E,MS DM Europe Large-Mid Oil and Gas Decrement 50 Po,indices,us,True,CboeGlobalIndicesMSTAR
I:MSDEO5NE,MS DM Europe Large-Mid Oil and Gas Decrement 5% NR,indices,us,True,CboeGlobalIndicesMSTAR
I:MSDEOGGE,Morningstar DM Europe Large-Mid Oil and Gas GR EUR,indices,us,True,CboeGlobalIndicesMSTAR
I:MSDEOGNE,Morningstar DM Europe Large-Mid Oil and Gas NR EUR,indices,us,True,CboeGlobalIndicesMSTAR
I:MSDEOGPE,Morningstar DM Europe Large-Mid Oil and Gas PR EUR,indices,us,True,CboeGlobalIndicesMSTAR
I:MSDER30N,Morningstar Developed Europe Renewable Energy Select 30 NR EUR,indices,us,True,CboeGlobalIndicesMSTAR
I:MSDER50E,Morningstar Developed Europe Renewable Energy Select 30 Decrement 50 Point EUR,indices,us,True,CboeGlobalIndicesMSTAR
I:MSDER5DE,Morningstar Developed Europe Renewable Energy Select 30 Decrement 5% Index EUR,indices,us,True,CboeGlobalIndicesMSTAR
I:MSDERBMPE,,indices,us,True,CboeGlobalIndicesMSTAR
I:MSDERCCPE,,indices,us,True,CboeGlobalIndicesMSTAR
I:MSDERCDPE,,indices,us,True,CboeGlobalIndicesMSTAR
I:MSDERCSPE,,indices,us,True,CboeGlobalIndicesMSTAR
I:MSDERENPE,,indices,us,True,CboeGlobalIndicesMSTAR
I:MSDERHCPE,,indices,us,True,CboeGlobalIndicesMSTAR
I:MSDERINPE,,indices,us,True,CboeGlobalIndicesMSTAR
I:MSDERREPE,,indices,us,True,CboeGlobalIndicesMSTAR
I:MSDERTNPE,,indices,us,True,CboeGlobalIndicesMSTAR
I:MSDERUTPE,,indices,us,True,CboeGlobalIndicesMSTAR
I:MSDESENE,,indices,us,True,CboeGlobalIndicesMSTAR
I:MSDETC4E,Morningstar Developed Markets Europe Tech & Comm Services Sectors 4% Decrement NR EUR,indices,us,True,CboeGlobalIndicesMSTAR
I:MSDETC50,Morningstar Developed Markets Europe Tech & Comm Services Sectors 50 Decrement GR EUR,indices,us,True,CboeGlobalIndicesMSTAR
I:MSDETC5E,Morningstar Developed Markets Europe Tech & Comm Services Sectors 5% Decrement NR EUR,indices,us,True,CboeGlobalIndicesMSTAR
I:MSDETCGE,Morningstar Developed Markets Europe Technology & Communication Services Sectors GR EUR,indices,us,True,CboeGlobalIndicesMSTAR
I:MSDETCPE,Morningstar Developed Markets Europe Technology & Communication Services Sectors PR EUR,indices,us,True,CboeGlobalIndicesMSTAR
I:MSDETPNE,Morningstar Developed Europe Target Market Exposure Paris Aligned Benchmark Select NR EUR,indices,us,True,CboeGlobalIndicesMSTAR
I:MSDETPNU,Morningstar Developed Europe Target Market Exposure Paris Aligned Benchmark Select NR USD,indices,us,True,CboeGlobalIndicesMSTAR
I:MSDETUNE,Morningstar Developed Europe Target Market Exposure UCITS Select NR EUR,indices,us,True,CboeGlobalIndicesMSTAR
I:MSDEUSDP,Morningstar Germany PR USD,indices,us,True,CboeGlobalIndicesMSTAR
I:MSDGF50D,Morningstar Transatlantic Sustainable Development Goals Focus 40 Decrement 50 Point GR EUR,indices,us,True,CboeGlobalIndicesMSTAR
I:MSDGF5D,Morningstar Transatlantic Sustainable Development Goals Focus 40 Decrement 5 NR EUR,indices,us,True,CboeGlobalIndicesMSTAR
I:MSDGFGE,Morningstar Transatlantic Sustainable Development Goals Focus 40 GR EUR,indices,us,True,CboeGlobalIndicesMSTAR
I:MSDGFPE,Morningstar Transatlantic Sustainable Development Goals Focus 40 PR EUR,indices,us,True,CboeGlobalIndicesMSTAR
I:MSDGWTPU,,indices,us,True,CboeGlobalIndicesMSTAR
I:MSDHCSPU,,indices,us,True,CboeGlobalIndicesMSTAR
I:MSDIBUPU,Morningstar US Dividend and Buyback PR USD,indices,us,True,CboeGlobalIndicesMSTAR
I:MSDIDGPU,Morningstar Global ex-US Dividend Growth PR USD,indices,us,True,CboeGlobalIndicesMSTAR
I:MSDIDMPU,Morningstar Developed Markets Wide Moat Focus PR USD,indices,us,True,CboeGlobalIndicesMSTAR
I:MSDIDYPU,Morningstar Developed Markets Dividend Yield Focus PR USD,indices,us,True,CboeGlobalIndicesMSTAR
I:MSDIEMIP,Morningstar Exponential Technologies Moat Focus PR USD,indices,us,True,CboeGlobalIndicesMSTAR
I:MSDIRYPS,Morningstar Singapore REIT Yield Focus PR SGD,indices,us,True,CboeGlobalIndicesMSTAR
I:MSDIUSDP,Morningstar Developed Markets Asia Pacific PR USD,indices,us,True,CboeGlobalIndicesMSTAR
I:MSDIVGP,Morningstar US Dividend Growth PR USD,indices,us,True,CboeGlobalIndicesMSTAR
I:MSDIVGT,Morningstar US Dividend Growth TR USD,indices,us,True,CboeGlobalIndicesMSTAR
I:MSDKDKKP,Morningstar Denmark PR DKK,indices,us,True,CboeGlobalIndicesMSTAR
I:MSDKUSDP,Morningstar Denmark PR USD,indices,us,True,CboeGlobalIndicesMSTAR
I:MSDMBMPU,,indices,us,True,CboeGlobalIndicesMSTAR
I:MSDMCCPU,,indices,us,True,CboeGlobalIndicesMSTAR
I:MSDMCDPU,,indices,us,True,CboeGlobalIndicesMSTAR
I:MSDMCP,Morningstar Developed Markets ex-North America Target Momentum PR CAD,indices,us,True,CboeGlobalIndicesMSTAR
I:MSDMCSPU,,indices,us,True,CboeGlobalIndicesMSTAR
I:MSDMDLGE,Morningstar Developed Markets Large Cap Dividend Leaders GR EUR,indices,us,True,CboeGlobalIndicesMSTAR
I:MSDMDLGU,Morningstar Developed Markets Large Cap Dividend Leaders Index GR USD,indices,us,True,CboeGlobalIndicesMSTAR
I:MSDMDLPU,Morningstar Developed Markets Large Cap Dividend Leaders Index PR USD,indices,us,True,CboeGlobalIndicesMSTAR
I:MSDMFSPU,,indices,us,True,CboeGlobalIndicesMSTAR
I:MSDMR50E,Morningstar Developed Markets Renewable Energy Select 30 Decrement 50 Point EUR,indices,us,True,CboeGlobalIndicesMSTAR
I:MSDMR5DE,Morningstar Developed Markets Renewable Energy Select 30 Decrement 5% EUR,indices,us,True,CboeGlobalIndicesMSTAR
I:MSDMRENE,Morningstar Developed Markets Renewable Energy Select 30 NR EUR,indices,us,True,CboeGlobalIndicesMSTAR
I:MSDMREPU,,indices,us,True,CboeGlobalIndicesMSTAR
I:MSDMTMPU,,indices,us,True,CboeGlobalIndicesMSTAR
I:MSDMTPNU,Morningstar Developed Markets Target Market Exposure Paris Aligned Benchmark Select NR USD,indices,us,True,CboeGlobalIndicesMSTAR
I:MSDMTUNU,Morningstar Developed Markets Target Market Exposure UCITS Select NR USD,indices,us,True,CboeGlobalIndicesMSTAR
I:MSDMUP,Morningstar Developed Markets ex-North America Target Momentum PR USD,indices,us,True,CboeGlobalIndicesMSTAR
I:MSDMUSDP,Morningstar Developed Markets PR USD,indices,us,True,CboeGlobalIndicesMSTAR
I:MSDP50GE,Morningstar Developed Markets Paris Aligned Benchmark Select 100 Decrement 50 Point GR EUR,indices,us,True,CboeGlobalIndicesMSTAR
I:MSDPS1GE,Morningstar Developed Markets Paris Aligned Benchmark Select 100 GR EUR,indices,us,True,CboeGlobalIndicesMSTAR
I:MSDPS1PE,Morningstar Developed Markets Paris Aligned Benchmark Select 100 PR EUR,indices,us,True,CboeGlobalIndicesMSTAR
I:MSDPS4NE,Morningstar Developed Markets Paris Aligned Benchmark Select 100 Decrement 4 NR EUR,indices,us,True,CboeGlobalIndicesMSTAR
I:MSDPS5NE,Morningstar Developed Markets Paris Aligned Benchmark Select 100 Decrement 5 NR EUR,indices,us,True,CboeGlobalIndicesMSTAR
I:MSDSCTPU,,indices,us,True,CboeGlobalIndicesMSTAR
I:MSDSDYGE,Morningstar Developed Markets Sustainability Dividend Yield Focus GR EUR,indices,us,True,CboeGlobalIndicesMSTAR
I:MSDSGTPE,,indices,us,True,CboeGlobalIndicesMSTAR
I:MSDTECPU,,indices,us,True,CboeGlobalIndicesMSTAR
I:MSDTHS4E,Morningstar Developed Markets Transatlantic Healthcare Sector 4% Decrement NR EUR,indices,us,True,CboeGlobalIndicesMSTAR
I:MSDTHS50,Morningstar Developed Markets Transatlantic Healthcare Sector 50 Decrement GR EUR,indices,us,True,CboeGlobalIndicesMSTAR
I:MSDTHS5E,Morningstar Developed Markets Transatlantic Healthcare Sector 5% Decrement NR EUR,indices,us,True,CboeGlobalIndicesMSTAR
I:MSDTHSGE,Morningstar Developed Markets Transatlantic Healthcare Sector GR EUR,indices,us,True,CboeGlobalIndicesMSTAR
I:MSDTHSPE,Morningstar Developed Markets Transatlantic Healthcare Sector PR EUR,indices,us,True,CboeGlobalIndicesMSTAR
I:MSDTTC4E,Morningstar Developed Markets Transatlantic Tech & Comm Services Sectors 4% Decrement NR EUR,indices,us,True,CboeGlobalIndicesMSTAR
I:MSDTTC50,Morningstar Developed Markets Transatlantic Tech & Comm Services Sectors 50 Decrement GR EUR,indices,us,True,CboeGlobalIndicesMSTAR
I:MSDTTC5E,Morningstar Developed Markets Transatlantic Tech & Comm Services Sectors 5% Decrement NR EUR,indices,us,True,CboeGlobalIndicesMSTAR
I:MSDTTCD2,Morningstar Developed Markets Transatlantic Tech  Comm Serv Sect Decrement 50 Point Series 2 GR EUR,indices,us,True,CboeGlobalIndicesMSTAR
I:MSDTTCGE,Morningstar Developed Markets Transatlantic Technology & Communication Services Sectors GR EUR,indices,us,True,CboeGlobalIndicesMSTAR
I:MSDTTCPE,Morningstar Developed Markets Transatlantic Technology & Communication Services Sectors PR EUR,indices,us,True,CboeGlobalIndicesMSTAR
I:MSDVCP,Morningstar Developed Markets ex-North America Target Value PR CAD,indices,us,True,CboeGlobalIndicesMSTAR
I:MSDVEURP,Morningstar Developed Markets Europe PR EUR,indices,us,True,CboeGlobalIndicesMSTAR
I:MSDVUP,Morningstar Developed Markets ex-North America Target Value PR USD,indices,us,True,CboeGlobalIndicesMSTAR
I:MSDVUSDP,Morningstar Developed Markets Europe PR USD,indices,us,True,CboeGlobalIndicesMSTAR
I:MSDWMSGU,,indices,us,True,CboeGlobalIndicesMSTAR
I:MSDWMSNU,,indices,us,True,CboeGlobalIndicesMSTAR
I:MSDXEURP,Morningstar Developed Markets Europe ex-UK PR EUR,indices,us,True,CboeGlobalIndicesMSTAR
I:MSDXJEGG,Morningstar Developed Markets Asia Pacific ex-Japan ESG Enhanced GR GBP,indices,us,True,CboeGlobalIndicesMSTAR
I:MSDXJENG,Morningstar Developed Markets Asia Pacific ex-Japan ESG Enhanced NR GBP,indices,us,True,CboeGlobalIndicesMSTAR
I:MSDXJEPG,Morningstar Developed Markets Asia Pacific ex-Japan ESG Enhanced PR GBP,indices,us,True,CboeGlobalIndicesMSTAR
I:MSDXUEGG,Morningstar Developed Europe ex-UK ESG Enhanced GR GBP,indices,us,True,CboeGlobalIndicesMSTAR
I:MSDXUENG,Morningstar Developed Europe ex-UK ESG Enhanced NR GBP,indices,us,True,CboeGlobalIndicesMSTAR
I:MSDXUEPG,Morningstar Developed Europe ex-UK ESG Enhanced PR GBP,indices,us,True,CboeGlobalIndicesMSTAR
I:MSDXULPU,Morningstar Developed Markets ex-US Large Cap PR USD,indices,us,True,CboeGlobalIndicesMSTAR
I:MSDXUSDP,Morningstar Developed Markets Europe ex-UK PR USD,indices,us,True,CboeGlobalIndicesMSTAR
I:MSDXUTPU,Morningstar Developed Markets ex-US Target Market Exposure PR USD,indices,us,True,CboeGlobalIndicesMSTAR
I:MSE50GE,Morningstar Eurozone ESG Screened Select 15 Decrement 50 Point GR EUR,indices,us,True,CboeGlobalIndicesMSTAR
I:MSE5DNE,Morningstar Eurozone ESG Screened Select 15 Decrement 5 NR EUR,indices,us,True,CboeGlobalIndicesMSTAR
I:MSEAUSDP,Morningstar Emerging Markets Americas PR USD,indices,us,True,CboeGlobalIndicesMSTAR
I:MSEBD502,Morningstar Eurozone Large-Mid Banks Decrement 50 Point GR EUR Series 2,indices,us,True,CboeGlobalIndicesMSTAR
I:MSEBD50E,Morningstar Eurozone Large-Mid Banks Decrement 50,indices,us,True,CboeGlobalIndicesMSTAR
I:MSEBD5NE,Morningstar Eurozone Large-Mid Banks Decrement 5%,indices,us,True,CboeGlobalIndicesMSTAR
I:MSEBKSGE,Morningstar Eurozone Large-Mid Banks GR EUR,indices,us,True,CboeGlobalIndicesMSTAR
I:MSEBKSNE,Morningstar Eurozone Large-Mid Banks NR EUR,indices,us,True,CboeGlobalIndicesMSTAR
I:MSEBKSPE,Morningstar Eurozone Large-Mid Banks PR EUR,indices,us,True,CboeGlobalIndicesMSTAR
I:MSEBS50G,Morningstar Eurozone Banks Select Decrement 50 Point GR EUR,indices,us,True,CboeGlobalIndicesMSTAR
I:MSEBSL5N,Morningstar Eurozone Banks Select Decrement 5 NR EUR,indices,us,True,CboeGlobalIndicesMSTAR
I:MSEBSLGE,Morningstar Eurozone Banks Select GR EUR,indices,us,True,CboeGlobalIndicesMSTAR
I:MSEBSLPE,Morningstar Eurozone Banks Select PR EUR,indices,us,True,CboeGlobalIndicesMSTAR
I:MSEC3050,Morningstar Developed Markets Europe 30 Energy  Commodity Decrement 50 Point GR EUR,indices,us,True,CboeGlobalIndicesMSTAR
I:MSEC305P,Morningstar Developed Markets Europe 30 Energy  Commodity Decrement 5 NR EUR,indices,us,True,CboeGlobalIndicesMSTAR
I:MSEC30GE,Morningstar Developed Markets Europe 30 Energy & Commodity GR EUR,indices,us,True,CboeGlobalIndicesMSTAR
I:MSEC30NE,Morningstar Developed Markets Europe 30 Energy & Commodity NR EUR,indices,us,True,CboeGlobalIndicesMSTAR
I:MSEC30PE,Morningstar Developed Markets Europe 30 Energy & Commodity PR EUR,indices,us,True,CboeGlobalIndicesMSTAR
I:MSEE50GE,Morningstar Eurozone ESG Select 50 Decrement 50 Point GR EUR,indices,us,True,CboeGlobalIndicesMSTAR
I:MSEE5DNE,Morningstar Eurozone ESG Select 50 5 Decrement NR EUR,indices,us,True,CboeGlobalIndicesMSTAR
I:MSEEEURP,Morningstar Emerging Markets Europe PR EUR,indices,us,True,CboeGlobalIndicesMSTAR
I:MSEES5GE,Morningstar Eurozone ESG Select 50 GR EUR,indices,us,True,CboeGlobalIndicesMSTAR
I:MSEES5NE,Morningstar Eurozone ESG Select 50 NR EUR,indices,us,True,CboeGlobalIndicesMSTAR
I:MSEES5PE,Morningstar Eurozone ESG Select 50 PR EUR,indices,us,True,CboeGlobalIndicesMSTAR
I:MSEEUSDP,Morningstar Emerging Markets Europe PR USD,indices,us,True,CboeGlobalIndicesMSTAR
I:MSEG50UP,Morningstar Eurozone 50 PR USD,indices,us,True,CboeGlobalIndicesMSTAR
I:MSEGBTPB,Morningstar Brazil Target Momentum PR BRL,indices,us,True,CboeGlobalIndicesMSTAR
I:MSEGBTPU,Morningstar Brazil Target Momentum PR USD,indices,us,True,CboeGlobalIndicesMSTAR
I:MSEGDIPU,,indices,us,True,CboeGlobalIndicesMSTAR
I:MSEGDS4E,Morningstar Eurozone Gender Diversity Select 50 Decrement 4% NR EUR,indices,us,True,CboeGlobalIndicesMSTAR
I:MSEGDS5E,Morningstar Eurozone Gender Diversity Select 50 Decrement 5% NR EUR,indices,us,True,CboeGlobalIndicesMSTAR
I:MSEGDSGE,Morningstar Eurozone Gender Diversity Select 50 GR EUR,indices,us,True,CboeGlobalIndicesMSTAR
I:MSEGDSNE,Morningstar Eurozone Gender Diversity Select 50 NR EUR,indices,us,True,CboeGlobalIndicesMSTAR
I:MSEGDSPE,Morningstar Eurozone Gender Diversity Select 50 PR EUR,indices,us,True,CboeGlobalIndicesMSTAR
I:MSEGDUPU,,indices,us,True,CboeGlobalIndicesMSTAR
I:MSEGEGPP,Morningstar Egypt Index PR EGP,indices,us,True,CboeGlobalIndicesMSTAR
I:MSEGESDP,Morningstar Emerging Markets Sustainability Dividend Yield Focus PR USD,indices,us,True,CboeGlobalIndicesMSTAR
I:MSEGLMCB,Morningstar US Large-Mid Cap PR USD,indices,us,True,CboeGlobalIndicesMSTAR
I:MSEGMEPU,Morningstar Minority Empowerment PR USD,indices,us,True,CboeGlobalIndicesMSTAR
I:MSEGNWGE,Morningstar North America 100 Equal Weight GR EUR,indices,us,True,CboeGlobalIndicesMSTAR
I:MSEGNWGU,Morningstar North America 100 Equal Weight Index GR USD,indices,us,True,CboeGlobalIndicesMSTAR
I:MSEGNWPE,Morningstar North America 100 Equal Weight PR EUR,indices,us,True,CboeGlobalIndicesMSTAR
I:MSEGNWPU,Morningstar North America 100 Equal Weight Index PR USD,indices,us,True,CboeGlobalIndicesMSTAR
I:MSEGSDPU,Morningstar Societal Development PR USD,indices,us,True,CboeGlobalIndicesMSTAR
I:MSEGTSNU,Morningstar Global Emerging Green Technologies Select NR USD,indices,us,True,CboeGlobalIndicesMSTAR
I:MSEGTSPU,Morningstar Global Emerging Green Technologies Select PR USD,indices,us,True,CboeGlobalIndicesMSTAR
I:MSEGUSDP,Morningstar Egypt PR USD,indices,us,True,CboeGlobalIndicesMSTAR
I:MSEGUSPU,Morningstar US Sustainability PR USD,indices,us,True,CboeGlobalIndicesMSTAR
I:MSEGUSSP,Morningstar US Sustainability Dividend Yield Focus PR USD,indices,us,True,CboeGlobalIndicesMSTAR
I:MSEGWEPU,Morningstar Women's Empowerment PR USD,indices,us,True,CboeGlobalIndicesMSTAR
I:MSEGXUDP,Morningstar Developed Markets ex-US Sustainability Dividend Yield Focus PR USD,indices,us,True,CboeGlobalIndicesMSTAR
I:MSEIUSDP,Morningstar Emerging Markets Asia PR USD,indices,us,True,CboeGlobalIndicesMSTAR
I:MSEM10CG,,indices,us,True,CboeGlobalIndicesMSTAR
I:MSEM10CP,,indices,us,True,CboeGlobalIndicesMSTAR
I:MSEM10GE,,indices,us,True,CboeGlobalIndicesMSTAR
I:MSEM10PE,,indices,us,True,CboeGlobalIndicesMSTAR
I:MSEMEEGG,Morningstar Emerging Markets ESG Enhanced GR GBP,indices,us,True,CboeGlobalIndicesMSTAR
I:MSEMEENG,Morningstar Emerging Markets ESG Enhanced NR GBP,indices,us,True,CboeGlobalIndicesMSTAR
I:MSEMEEPG,Morningstar Emerging Markets ESG Enhanced PR GBP,indices,us,True,CboeGlobalIndicesMSTAR
I:MSEMLCPU,Morningstar Emerging Markets Large Cap PR USD,indices,us,True,CboeGlobalIndicesMSTAR
I:MSEMTMPU,,indices,us,True,CboeGlobalIndicesMSTAR
I:MSEMTPNU,Morningstar Emerging Markets Target Market Exposure Paris Aligned Benchmark Select NR USD,indices,us,True,CboeGlobalIndicesMSTAR
I:MSEMTUNU,Morningstar Emerging Markets Target Market Exposure UCITS Select NR USD,indices,us,True,CboeGlobalIndicesMSTAR
I:MSENAUSP,Morningstar Developed Markets ex-North America Target Market Exposure PR USD,indices,us,True,CboeGlobalIndicesMSTAR
I:MSEP50GE,Morningstar Eurozone Large-Mid Paris Aligned Benchmark Select 50 Decrement 50 Point GR EUR,indices,us,True,CboeGlobalIndicesMSTAR
I:MSEP50GU,Benchmark Select 50 Decrement 50 Point GR USD,indices,us,True,CboeGlobalIndicesMSTAR
I:MSEPB5NE,Morningstar Eurozone Large Mid Paris Aligned Benchmark Select 50 Decrement 5% NR EUR,indices,us,True,CboeGlobalIndicesMSTAR
I:MSEPB5NU,Morningstar Eurozone Large-Mid Paris Aligned Benchmark Select 50 Decrement 5 NR USD,indices,us,True,CboeGlobalIndicesMSTAR
I:MSEPBSGE,Morningstar Eurozone Large-Mid Paris Aligned Benchmark Select 50 GR EUR,indices,us,True,CboeGlobalIndicesMSTAR
I:MSEPBSNE,Morningstar Eurozone Large-Mid Paris Aligned Benchmark Select 50 NR EUR,indices,us,True,CboeGlobalIndicesMSTAR
I:MSEPBSPE,Morningstar Eurozone Large-Mid Paris Aligned Benchmark Select 50 PR EUR,indices,us,True,CboeGlobalIndicesMSTAR
I:MSES25D,Morningstar Eurozone ESG Screened Select 25 Decrement 50 Point GR EUR,indices,us,True,CboeGlobalIndicesMSTAR
I:MSES25D5,Morningstar Eurozone ESG Screened Select 25 Decrement 5 NR EUR,indices,us,True,CboeGlobalIndicesMSTAR
I:MSES25GE,Morningstar Eurozone ESG Screened Select 25 GR EUR,indices,us,True,CboeGlobalIndicesMSTAR
I:MSES25NE,Morningstar Eurozone ESG Screened Select 25,indices,us,True,CboeGlobalIndicesMSTAR
I:MSES25PE,Morningstar Eurozone ESG Screened Select 25 PR EUR,indices,us,True,CboeGlobalIndicesMSTAR
I:MSESEURP,Morningstar Spain PR EUR,indices,us,True,CboeGlobalIndicesMSTAR
I:MSESGE,Morningstar Eurozone ESG Screened Select 15 GR EUR,indices,us,True,CboeGlobalIndicesMSTAR
I:MSESNE,Morningstar Eurozone ESG Screened Select 15 NR EUR,indices,us,True,CboeGlobalIndicesMSTAR
I:MSESPE,Morningstar Eurozone ESG Screened Select 15 PR EUR,indices,us,True,CboeGlobalIndicesMSTAR
I:MSESUSDP,Morningstar Spain PR USD,indices,us,True,CboeGlobalIndicesMSTAR
I:MSETMEPU,Morningstar Developed Europe Target Market Exposure PR USD,indices,us,True,CboeGlobalIndicesMSTAR
I:MSETTMNU,,indices,us,True,CboeGlobalIndicesMSTAR
I:MSETTMPU,,indices,us,True,CboeGlobalIndicesMSTAR
I:MSETTMTU,,indices,us,True,CboeGlobalIndicesMSTAR
I:MSEUEURP,Morningstar Europe PR EUR,indices,us,True,CboeGlobalIndicesMSTAR
I:MSEUG50E,Morningstar Transatlantic Gender Diversity Select 100 Decrement 50 Point GR EUR,indices,us,True,CboeGlobalIndicesMSTAR
I:MSEUGS4E,Morningstar Transatlantic Gender Diversity Select 100 Decrement 4% NR EUR,indices,us,True,CboeGlobalIndicesMSTAR
I:MSEUGS5E,Morningstar Transatlantic Gender Diversity Select 100 Decrement 5% NR EUR,indices,us,True,CboeGlobalIndicesMSTAR
I:MSEUGSGE,Morningstar Transatlantic Gender Diversity Select 100 GR EUR,indices,us,True,CboeGlobalIndicesMSTAR
I:MSEUGSPE,Morningstar Transatlantic Gender Diversity Select 100 PR EUR,indices,us,True,CboeGlobalIndicesMSTAR
I:MSEUUSDP,Morningstar Europe PR USD,indices,us,True,CboeGlobalIndicesMSTAR
I:MSEVLTPE,,indices,us,True,CboeGlobalIndicesMSTAR
I:MSEXPOPU,Morningstar Exponential Technologies PR USD,indices,us,True,CboeGlobalIndicesMSTAR
I:MSEZEURP,Morningstar Eurozone PR EUR,indices,us,True,CboeGlobalIndicesMSTAR
I:MSEZUSDP,Morningstar Eurozone PR USD,indices,us,True,CboeGlobalIndicesMSTAR
I:MSFG50E2,Morningstar France Germany ESG Select 30 Decrement 50 point Series 2 GR EUR,indices,us,True,CboeGlobalIndicesMSTAR
I:MSFG50GE,Morningstar France Germany ESG Select 30 Decrement 50 Point GR EUR,indices,us,True,CboeGlobalIndicesMSTAR
I:MSFGE50E,Morningstar France Germany ESG Select 30 Decrement 5 NR EUR,indices,us,True,CboeGlobalIndicesMSTAR
I:MSFGESGE,Morningstar France Germany ESG Select 30 GR EUR,indices,us,True,CboeGlobalIndicesMSTAR
I:MSFGESPE,Morningstar France Germany ESG Select 30 PR EUR,indices,us,True,CboeGlobalIndicesMSTAR
I:MSFIEURP,Morningstar Finland PR EUR,indices,us,True,CboeGlobalIndicesMSTAR
I:MSFIUSDP,Morningstar Finland PR USD,indices,us,True,CboeGlobalIndicesMSTAR
I:MSFPS40G,Morningstar France Paris Aligned Benchmark Sustainability 40 (EUR),indices,us,True,CboeGlobalIndicesMSTAR
I:MSFPS40P,Morningstar France Paris Aligned Benchmark Sustainability 40 (EUR),indices,us,True,CboeGlobalIndicesMSTAR
I:MSFPS5DN,Morningstar France Paris Aligned Benchmark Sustainability 40 (EUR) Decrement 5%,indices,us,True,CboeGlobalIndicesMSTAR
I:MSFREURP,Morningstar France PR EUR,indices,us,True,CboeGlobalIndicesMSTAR
I:MSFRUSDP,Morningstar France PR USD,indices,us,True,CboeGlobalIndicesMSTAR
I:MSG100EG,Morningstar Developed Markets Europe 100 GR EUR,indices,us,True,CboeGlobalIndicesMSTAR
I:MSG100EN,Morningstar Developed Markets Europe 100 NR EUR,indices,us,True,CboeGlobalIndicesMSTAR
I:MSG100EP,Morningstar Developed Markets Europe 100 PR EUR,indices,us,True,CboeGlobalIndicesMSTAR
I:MSG50D5,Morningstar Eurozone 50 Decrement 5 NR EUR,indices,us,True,CboeGlobalIndicesMSTAR
I:MSG50ED,Morningstar Eurozone 50 Decrement 50 Point GR EUR,indices,us,True,CboeGlobalIndicesMSTAR
I:MSG50EG,Morningstar Eurozone 50 GR EUR,indices,us,True,CboeGlobalIndicesMSTAR
I:MSG50EN,Morningstar Eurozone 50 NR EUR,indices,us,True,CboeGlobalIndicesMSTAR
I:MSG50EP,Morningstar Eurozone 50 PR EUR,indices,us,True,CboeGlobalIndicesMSTAR
I:MSG50EWG,Morningstar Eurozone 50 Equal Weight GR EUR,indices,us,True,CboeGlobalIndicesMSTAR
I:MSG50EWN,Morningstar Eurozone 50 Equal Weight NR EUR,indices,us,True,CboeGlobalIndicesMSTAR
I:MSG50EWP,Morningstar Eurozone 50 Equal Weight PR EUR,indices,us,True,CboeGlobalIndicesMSTAR
I:MSGAISPU,Morningstar Global Artificial Intelligence Select PR USD,indices,us,True,CboeGlobalIndicesMSTAR
I:MSGBGBPP,Morningstar UK PR GBP,indices,us,True,CboeGlobalIndicesMSTAR
I:MSGBUSDP,Morningstar UK PR USD,indices,us,True,CboeGlobalIndicesMSTAR
I:MSGDENPU,,indices,us,True,CboeGlobalIndicesMSTAR
I:MSGDICPU,Morningstar Global Digital Infrastructure & Connectivity PR USD,indices,us,True,CboeGlobalIndicesMSTAR
I:MSGEAVPC,Morningstar Global Electric & Autonomous Vehicles Select PR CAD,indices,us,True,CboeGlobalIndicesMSTAR
I:MSGEIP,Morningstar Global Equity Infrastructure PR USD,indices,us,True,CboeGlobalIndicesMSTAR
I:MSGFOIPU,Morningstar Global Food Innovation PR USD,indices,us,True,CboeGlobalIndicesMSTAR
I:MSGMUSDP,Morningstar Global Markets PR USD,indices,us,True,CboeGlobalIndicesMSTAR
I:MSGMVSNU,Mstar Gbl Metaverse & Virtual Interaction Select NR USD,indices,us,True,CboeGlobalIndicesMSTAR
I:MSGMVSPU,Mstar Gbl Metaverse & Virtual Interaction Select PR USD,indices,us,True,CboeGlobalIndicesMSTAR
I:MSGR,Morningstar US Small Growth PR USD,indices,us,True,CboeGlobalIndicesMSTAR
I:MSGREURP,Morningstar Greece PR EUR,indices,us,True,CboeGlobalIndicesMSTAR
I:MSGRT,Morningstar US Small Growth TR USD,indices,us,True,CboeGlobalIndicesMSTAR
I:MSGRUSDP,Morningstar Greece PR USD,indices,us,True,CboeGlobalIndicesMSTAR
I:MSGSCD50,Morningstar Global Semiconductors Select 25 Decrement 50 Point,indices,us,True,CboeGlobalIndicesMSTAR
I:MSGSCS5N,Morningstar Global Semiconductors Select 25 Decrement 5 NR EUR,indices,us,True,CboeGlobalIndicesMSTAR
I:MSGSCSGE,Morningstar Global Semiconductors Select 25 GR EUR,indices,us,True,CboeGlobalIndicesMSTAR
I:MSGSCSNE,Morningstar Global Semiconductors Select 25 NR EUR,indices,us,True,CboeGlobalIndicesMSTAR
I:MSGSCSPE,Morningstar Global Semiconductors Select 25 PR EUR,indices,us,True,CboeGlobalIndicesMSTAR
I:MSGWMFNU,Morningstar Global Wide Moat Focus NR USD,indices,us,True,CboeGlobalIndicesMSTAR
I:MSGWMFPU,Morningstar Global Wide Moat Focus PR USD,indices,us,True,CboeGlobalIndicesMSTAR
I:MSGXUMPU,Morningstar Global Markets ex-US Wide Moat Focus PR USD,indices,us,True,CboeGlobalIndicesMSTAR
I:MSHKHKDP,Morningstar Hong Kong PR HKD,indices,us,True,CboeGlobalIndicesMSTAR
I:MSHKUSDP,Morningstar Hong Kong PR USD,indices,us,True,CboeGlobalIndicesMSTAR
I:MSHUHUFP,Morningstar Hungary PR HUF,indices,us,True,CboeGlobalIndicesMSTAR
I:MSHUUSDP,Morningstar Hungary PR USD,indices,us,True,CboeGlobalIndicesMSTAR
I:MSIDIDRP,Morningstar Indonesia PR IDR,indices,us,True,CboeGlobalIndicesMSTAR
I:MSIDUSDP,Morningstar Indonesia PR USD,indices,us,True,CboeGlobalIndicesMSTAR
I:MSIEEURP,Morningstar Ireland PR EUR,indices,us,True,CboeGlobalIndicesMSTAR
I:MSIEUSDP,Morningstar Ireland PR USD,indices,us,True,CboeGlobalIndicesMSTAR
I:MSILILSP,Morningstar Israel PR ILS,indices,us,True,CboeGlobalIndicesMSTAR
I:MSILUSDP,Morningstar Israel PR USD,indices,us,True,CboeGlobalIndicesMSTAR
I:MSIN20D,,indices,us,True,CboeGlobalIndicesMSTAR
I:MSIN20D5,,indices,us,True,CboeGlobalIndicesMSTAR
I:MSIN20G,,indices,us,True,CboeGlobalIndicesMSTAR
I:MSIN20N,,indices,us,True,CboeGlobalIndicesMSTAR
I:MSIN20P,,indices,us,True,CboeGlobalIndicesMSTAR
I:MSININRP,Morningstar India PR INR,indices,us,True,CboeGlobalIndicesMSTAR
I:MSINUSP,Morningstar India PR USD,indices,us,True,CboeGlobalIndicesMSTAR
I:MSITEURP,Morningstar Italy PR EUR,indices,us,True,CboeGlobalIndicesMSTAR
I:MSITUSDP,Morningstar Italy PR USD,indices,us,True,CboeGlobalIndicesMSTAR
I:MSIYFPID,Morningstar Indonesia Yield Focus PR IDR,indices,us,True,CboeGlobalIndicesMSTAR
I:MSJPEEGG,Morningstar Japan ESG Enhanced GR GBP,indices,us,True,CboeGlobalIndicesMSTAR
I:MSJPEENG,Morningstar Japan ESG Enhanced NR GBP,indices,us,True,CboeGlobalIndicesMSTAR
I:MSJPEEPG,Morningstar Japan ESG Enhanced PR GBP,indices,us,True,CboeGlobalIndicesMSTAR
I:MSJPJPYP,Morningstar Japan PR JPY,indices,us,True,CboeGlobalIndicesMSTAR
I:MSJPTPNJ,Morningstar Japan Target Market Exposure Paris Aligned Benchmark Select NR JPY,indices,us,True,CboeGlobalIndicesMSTAR
I:MSJPUSDP,Morningstar Japan PR USD,indices,us,True,CboeGlobalIndicesMSTAR
I:MSJSDYPJ,Morningstar Japan Sustainability Dividend Yield Focus PR JPY,indices,us,True,CboeGlobalIndicesMSTAR
I:MSJTMEPU,Morningstar Japan Target Market Exposure PR USD,indices,us,True,CboeGlobalIndicesMSTAR
I:MSKRKRWP,Morningstar Korea PR KRW,indices,us,True,CboeGlobalIndicesMSTAR
I:MSKRUSDP,Morningstar Korea PR USD,indices,us,True,CboeGlobalIndicesMSTAR
I:MSLCT30,,indices,us,True,CboeGlobalIndicesMSTAR
I:MSLCT30D,,indices,us,True,CboeGlobalIndicesMSTAR
I:MSLCT30G,,indices,us,True,CboeGlobalIndicesMSTAR
I:MSLCT30N,,indices,us,True,CboeGlobalIndicesMSTAR
I:MSLCT30P,,indices,us,True,CboeGlobalIndicesMSTAR
I:MSLDVS50,,indices,us,True,CboeGlobalIndicesMSTAR
I:MSLDVSGU,,indices,us,True,CboeGlobalIndicesMSTAR
I:MSLDVSPU,,indices,us,True,CboeGlobalIndicesMSTAR
I:MSLECT50,Morningstar Transatlantic Multi Sector Select 40 Decrement 50 Point GR EUR,indices,us,True,CboeGlobalIndicesMSTAR
I:MSLECT5N,Morningstar Transatlantic Multi Sector Select 40 Decrement 5% NR EUR,indices,us,True,CboeGlobalIndicesMSTAR
I:MSLECTGE,Morningstar Transatlantic Multi Sector Select 40 GR EUR,indices,us,True,CboeGlobalIndicesMSTAR
I:MSLECTNE,Morningstar Transatlantic Multi Sector Select 40 NR EUR,indices,us,True,CboeGlobalIndicesMSTAR
I:MSLECTPE,Morningstar Transatlantic Multi Sector Select 40 PR EUR,indices,us,True,CboeGlobalIndicesMSTAR
I:MSLGS5NE,Morningstar Luxury Goods Static Select 10 Decrement 5 NR EUR,indices,us,True,CboeGlobalIndicesMSTAR
I:MSLGSSGE,Morningstar Luxury Goods Static Select 10 GR EUR,indices,us,True,CboeGlobalIndicesMSTAR
I:MSLGSSNE,Morningstar Luxury Goods Static Select 10 NR EUR,indices,us,True,CboeGlobalIndicesMSTAR
I:MSLGSSPE,Morningstar Luxury Goods Static Select 10 PR EUR,indices,us,True,CboeGlobalIndicesMSTAR
I:MSLS50GE,Morningstar Luxury Goods Static Select 10 Decrement 50 Point GR EUR,indices,us,True,CboeGlobalIndicesMSTAR
I:MSLTMEGU,,indices,us,True,CboeGlobalIndicesMSTAR
I:MSLTMENU,,indices,us,True,CboeGlobalIndicesMSTAR
I:MSLTMEPU,,indices,us,True,CboeGlobalIndicesMSTAR
I:MSMEUSDP,Morningstar Middle East & Africa PR USD,indices,us,True,CboeGlobalIndicesMSTAR
I:MSMLPCP,Morningstar MLP Composite PR USD,indices,us,True,CboeGlobalIndicesMSTAR
I:MSMOCKGE,,indices,us,True,CboeGlobalIndicesMSTAR
I:MSMOCKGU,,indices,us,True,CboeGlobalIndicesMSTAR
I:MSMOCKNE,,indices,us,True,CboeGlobalIndicesMSTAR
I:MSMOCKNU,,indices,us,True,CboeGlobalIndicesMSTAR
I:MSMOCKPE,,indices,us,True,CboeGlobalIndicesMSTAR
I:MSMOCKPU,,indices,us,True,CboeGlobalIndicesMSTAR
I:MSMXMXNP,Morningstar Mexico PR MXN,indices,us,True,CboeGlobalIndicesMSTAR
I:MSMXUSDP,Morningstar Mexico PR USD,indices,us,True,CboeGlobalIndicesMSTAR
I:MSMYMYRP,Morningstar Malaysia PR MYR,indices,us,True,CboeGlobalIndicesMSTAR
I:MSMYUSDP,Morningstar Malaysia PR USD,indices,us,True,CboeGlobalIndicesMSTAR
I:MSNAREPU,Morningstar North America Renewable Energy PR USD,indices,us,True,CboeGlobalIndicesMSTAR
I:MSNASSNU,,indices,us,True,CboeGlobalIndicesMSTAR
I:MSNCEURP,Morningstar Nordic PR EUR,indices,us,True,CboeGlobalIndicesMSTAR
I:MSNCUSDP,Morningstar Nordic PR USD,indices,us,True,CboeGlobalIndicesMSTAR
I:MSNLEURP,Morningstar Netherlands PR EUR,indices,us,True,CboeGlobalIndicesMSTAR
I:MSNLUSDP,Morningstar Netherlands PR USD,indices,us,True,CboeGlobalIndicesMSTAR
I:MSNONOKP,Morningstar Norway PR NOK,indices,us,True,CboeGlobalIndicesMSTAR
I:MSNOUSDP,Morningstar Norway PR USD,indices,us,True,CboeGlobalIndicesMSTAR
I:MSNZNZDP,Morningstar New Zealand Index PR NZD,indices,us,True,CboeGlobalIndicesMSTAR
I:MSNZUSDP,Morningstar New Zealand Index PR USD,indices,us,True,CboeGlobalIndicesMSTAR
I:MSOVERN5,,indices,us,True,CboeGlobalIndicesMSTAR
I:MSOVERNG,,indices,us,True,CboeGlobalIndicesMSTAR
I:MSOVERNN,,indices,us,True,CboeGlobalIndicesMSTAR
I:MSOVERNP,,indices,us,True,CboeGlobalIndicesMSTAR
I:MSOVERNT,,indices,us,True,CboeGlobalIndicesMSTAR
I:MSPEPENP,Morningstar Peru PR PEN,indices,us,True,CboeGlobalIndicesMSTAR
I:MSPEUSDP,Morningstar Peru PR USD,indices,us,True,CboeGlobalIndicesMSTAR
I:MSPHPHPP,Morningstar Philippines PR PHP,indices,us,True,CboeGlobalIndicesMSTAR
I:MSPHUSDP,Morningstar Philippines PR USD,indices,us,True,CboeGlobalIndicesMSTAR
I:MSPLPEGE,Morningstar Pitchbook Developed Markets Listed Private Equity Focus GR EUR,indices,us,True,CboeGlobalIndicesMSTAR
I:MSPLPEGU,Morningstar Pitchbook Developed Markets Listed Private Equity Focus GR USD,indices,us,True,CboeGlobalIndicesMSTAR
I:MSPLPEPE,Morningstar Pitchbook Developed Markets Listed Private Equity Focus PR EUR,indices,us,True,CboeGlobalIndicesMSTAR
I:MSPLPEPU,Morningstar Pitchbook Developed Markets Listed Private Equity Focus PR USD,indices,us,True,CboeGlobalIndicesMSTAR
I:MSPLPLNP,Morningstar Poland PR PLN,indices,us,True,CboeGlobalIndicesMSTAR
I:MSPLUSDP,Morningstar Poland PR USD,indices,us,True,CboeGlobalIndicesMSTAR
I:MSPTEURP,Morningstar Portugal PR EUR,indices,us,True,CboeGlobalIndicesMSTAR
I:MSPTUSDP,Morningstar Portugal PR USD,indices,us,True,CboeGlobalIndicesMSTAR
I:MSSBVEPU,Morningstar US Small Cap Broad Value Extended PR USD,indices,us,True,CboeGlobalIndicesMSTAR
I:MSSD80D,Morningstar Eurozone Societal Development Select 80 Decrement 50 Point GR EUR,indices,us,True,CboeGlobalIndicesMSTAR
I:MSSD80GE,Morningstar Eurozone Societal Development Select 80 GR EUR,indices,us,True,CboeGlobalIndicesMSTAR
I:MSSD80NE,Morningstar Eurozone Societal Development Select 80 NR EURÂ,indices,us,True,CboeGlobalIndicesMSTAR
I:MSSD80PE,Morningstar Eurozone Societal Development Select 80 PR EURÂ,indices,us,True,CboeGlobalIndicesMSTAR
I:MSSDD4NE,Morningstar Eurozone Societal Development Select 80 Decrement 4 NR EUR,indices,us,True,CboeGlobalIndicesMSTAR
I:MSSDD5NE,Morningstar Eurozone Societal Development Select 80 Decrement 5 NR EUR,indices,us,True,CboeGlobalIndicesMSTAR
I:MSSEMCSS,Morningstar US Cyclical Super Sector PR USD,indices,us,True,CboeGlobalIndicesMSTAR
I:MSSEMDSS,Morningstar US Defensive Super Sector PR USD,indices,us,True,CboeGlobalIndicesMSTAR
I:MSSEMSSS,Morningstar US Sensitive Super Sector PR USD,indices,us,True,CboeGlobalIndicesMSTAR
I:MSSESEKP,Morningstar Sweden PR SEK,indices,us,True,CboeGlobalIndicesMSTAR
I:MSSEUSDP,Morningstar Sweden PR USD,indices,us,True,CboeGlobalIndicesMSTAR
I:MSSGSGDP,Morningstar Singapore PR SGD,indices,us,True,CboeGlobalIndicesMSTAR
I:MSSGUSDP,Morningstar Singapore PR USD,indices,us,True,CboeGlobalIndicesMSTAR
I:MSSI40PE,Morningstar IlSole24Ore Italy 40 PR EUR,indices,us,True,CboeGlobalIndicesMSTAR
I:MSSJUSDP,Morningstar Developed Markets Asia Pacific ex-Japan PR USD,indices,us,True,CboeGlobalIndicesMSTAR
I:MSSLMUGS,Morningstar Sweden Large-Mid UCITS Select GR SEK,indices,us,True,CboeGlobalIndicesMSTAR
I:MSSLMUNS,Morningstar Sweden Large-Mid UCITS Select NR SEK,indices,us,True,CboeGlobalIndicesMSTAR
I:MSSS24PE,Morningstar IlSole24Ore Sustainability 24 PR EUR,indices,us,True,CboeGlobalIndicesMSTAR
I:MSSWTPGS,Morningstar Sweden Large-Mid Paris Aligned Benchmark Select GR SEK,indices,us,True,CboeGlobalIndicesMSTAR
I:MSTAR,Morningstar US Market PR USD,indices,us,True,CboeGlobalIndicesMSTAR
I:MSTART,Morningstar US Market TR USD,indices,us,True,CboeGlobalIndicesMSTAR
I:MSTE50GE,Morningstar Transatlantic ESG Select 100 Decrement 50 Point GR EUR,indices,us,True,CboeGlobalIndicesMSTAR
I:MSTE5DNE,Morningstar Transatlantic ESG Select 100 5 Decrement NR EUR,indices,us,True,CboeGlobalIndicesMSTAR
I:MSTES1GE,Morningstar Transatlantic ESG Select 100 GR EUR,indices,us,True,CboeGlobalIndicesMSTAR
I:MSTES1NE,Morningstar Transatlantic ESG Select 100 NR EUR,indices,us,True,CboeGlobalIndicesMSTAR
I:MSTES1PE,Morningstar Transatlantic ESG Select 100 PR EUR,indices,us,True,CboeGlobalIndicesMSTAR
I:MSTESG5,Morningstar Transatlantic ESG Screened Select 100 Decrement 5 NR EUR,indices,us,True,CboeGlobalIndicesMSTAR
I:MSTESG50,Morningstar Transatlantic ESG Screened Select 100 Decrement 50 Point GR EUR,indices,us,True,CboeGlobalIndicesMSTAR
I:MSTESGGE,Morningstar Transatlantic ESG Screened Select 100,indices,us,True,CboeGlobalIndicesMSTAR
I:MSTESGNE,Morningstar Transatlantic ESG Screened Select 100,indices,us,True,CboeGlobalIndicesMSTAR
I:MSTESGPE,Morningstar Transatlantic ESG Screened Select 100,indices,us,True,CboeGlobalIndicesMSTAR
I:MSTHTHBP,Morningstar Thailand PR THB,indices,us,True,CboeGlobalIndicesMSTAR
I:MSTHUSDP,Morningstar Thailand PR USD,indices,us,True,CboeGlobalIndicesMSTAR
I:MSTP85NE,Morningstar Transatlantic Paris Aligned Benchmark Select 80 Decrement 5 NR EUR,indices,us,True,CboeGlobalIndicesMSTAR
I:MSTPS8GE,Morningstar Transatlantic Paris Aligned Benchmark Select 80 GR EUR,indices,us,True,CboeGlobalIndicesMSTAR
I:MSTPS8PE,Morningstar Transatlantic Paris Aligned Benchmark Select 80 PR EUR,indices,us,True,CboeGlobalIndicesMSTAR
I:MSTRTRYP,Morningstar Turkey PR TRY,indices,us,True,CboeGlobalIndicesMSTAR
I:MSTRUSDP,Morningstar Turkey PR USD,indices,us,True,CboeGlobalIndicesMSTAR
I:MSTS25D,Morningstar Transatlantic Semiconductors Select 25 Decrement 50 Point GR EUR,indices,us,True,CboeGlobalIndicesMSTAR
I:MSTS25D5,Morningstar Transatlantic Semiconductors Select 25 Decrement 5 NR EUR,indices,us,True,CboeGlobalIndicesMSTAR
I:MSTS25GE,Morningstar Transatlantic Semiconductors Select 25 GR EUR,indices,us,True,CboeGlobalIndicesMSTAR
I:MSTS25NE,Morningstar Transatlantic Semiconductors Select 25 NR EUR,indices,us,True,CboeGlobalIndicesMSTAR
I:MSTS25PE,Morningstar Transatlantic Semiconductors Select 25 PR EUR,indices,us,True,CboeGlobalIndicesMSTAR
I:MSTWTWDP,Morningstar Taiwan PR TWD,indices,us,True,CboeGlobalIndicesMSTAR
I:MSTWUSDP,Morningstar Taiwan PR USD,indices,us,True,CboeGlobalIndicesMSTAR
I:MSUCCTPU,,indices,us,True,CboeGlobalIndicesMSTAR
I:MSUCDTPU,,indices,us,True,CboeGlobalIndicesMSTAR
I:MSUCSTPU,,indices,us,True,CboeGlobalIndicesMSTAR
I:MSUDESNU,Morningstar US Dividend Enhanced Select NR USD,indices,us,True,CboeGlobalIndicesMSTAR
I:MSUDTSPU,,indices,us,True,CboeGlobalIndicesMSTAR
I:MSUKEEGG,Morningstar UK ESG Enhanced GR GBP,indices,us,True,CboeGlobalIndicesMSTAR
I:MSUKEENG,Morningstar UK ESG Enhanced NR GBP,indices,us,True,CboeGlobalIndicesMSTAR
I:MSUKEEPG,Morningstar UK ESG Enhanced PR GBP,indices,us,True,CboeGlobalIndicesMSTAR
I:MSUKGTPG,,indices,us,True,CboeGlobalIndicesMSTAR
I:MSUKLCPG,,indices,us,True,CboeGlobalIndicesMSTAR
I:MSUKMCPG,,indices,us,True,CboeGlobalIndicesMSTAR
I:MSUKRBMPG,,indices,us,True,CboeGlobalIndicesMSTAR
I:MSUKRCDPG,,indices,us,True,CboeGlobalIndicesMSTAR
I:MSUKRCSPG,,indices,us,True,CboeGlobalIndicesMSTAR
I:MSUKRENPG,,indices,us,True,CboeGlobalIndicesMSTAR
I:MSUKRFSPG,,indices,us,True,CboeGlobalIndicesMSTAR
I:MSUKRHCPG,,indices,us,True,CboeGlobalIndicesMSTAR
I:MSUKRINPG,,indices,us,True,CboeGlobalIndicesMSTAR
I:MSUKRREPG,,indices,us,True,CboeGlobalIndicesMSTAR
I:MSUKRTNPG,,indices,us,True,CboeGlobalIndicesMSTAR
I:MSUKRULPG,,indices,us,True,CboeGlobalIndicesMSTAR
I:MSUKSTPG,,indices,us,True,CboeGlobalIndicesMSTAR
I:MSUKVTPG,,indices,us,True,CboeGlobalIndicesMSTAR
I:MSULCSGU,Morningstar US Large Cap Select TR USD,indices,us,True,CboeGlobalIndicesMSTAR
I:MSUM10CG,,indices,us,True,CboeGlobalIndicesMSTAR
I:MSUM10CP,,indices,us,True,CboeGlobalIndicesMSTAR
I:MSUM10GE,,indices,us,True,CboeGlobalIndicesMSTAR
I:MSUM10PE,,indices,us,True,CboeGlobalIndicesMSTAR
I:MSUMCEPU,Morningstar US Mid Cap Target Market Exposure Extended PR USD,indices,us,True,CboeGlobalIndicesMSTAR
I:MSUMMFGU,Morningstar US Small-Mid Cap Moat Focus TR USD,indices,us,True,CboeGlobalIndicesMSTAR
I:MSUNR5GU,Morningstar US Upstream Natural Resources Dividend Select Decrement 5 GR USD,indices,us,True,CboeGlobalIndicesMSTAR
I:MSUNR5NE,Morningstar US Upstream Natural Resources Dividend Select Decrement 5 NR EUR,indices,us,True,CboeGlobalIndicesMSTAR
I:MSUNRDGE,Morningstar US Upstream Natural Resources Dividend Select GR EUR,indices,us,True,CboeGlobalIndicesMSTAR
I:MSUNRDGU,Morningstar US Upstream Natural Resources Dividend Select GR USD,indices,us,True,CboeGlobalIndicesMSTAR
I:MSUNRDPE,Morningstar US Upstream Natural Resources Dividend Select PR EUR,indices,us,True,CboeGlobalIndicesMSTAR
I:MSUNRDPU,Morningstar US Upstream Natural Resources Dividend Select PR USD,indices,us,True,CboeGlobalIndicesMSTAR
I:MSUSA,MXUSA Option Settlement Value,indices,us,True,CboeGlobalIndicesMSCI
I:MSUSBTPU,,indices,us,True,CboeGlobalIndicesMSTAR
I:MSUSCEPU,Morningstar US Small Cap Target Market Exposure Extended PR USD,indices,us,True,CboeGlobalIndicesMSTAR
I:MSUSDVPU,Morningstar US Dividend Valuation PR USD,indices,us,True,CboeGlobalIndicesMSTAR
I:MSUSDVTU,Morningstar US Dividend Valuation TR USD,indices,us,True,CboeGlobalIndicesMSTAR
I:MSUSEEGG,Morningstar US Markets ESG Enhanced GR GBP,indices,us,True,CboeGlobalIndicesMSTAR
I:MSUSEENG,Morningstar US Markets ESG Enhanced NR GBP,indices,us,True,CboeGlobalIndicesMSTAR
I:MSUSEEPG,Morningstar US Markets ESG Enhanced PR GBP,indices,us,True,CboeGlobalIndicesMSTAR
I:MSUSETPU,,indices,us,True,CboeGlobalIndicesMSTAR
I:MSUSFTPU,,indices,us,True,CboeGlobalIndicesMSTAR
I:MSUSHTPU,,indices,us,True,CboeGlobalIndicesMSTAR
I:MSUSITPU,,indices,us,True,CboeGlobalIndicesMSTAR
I:MSUSRTPU,,indices,us,True,CboeGlobalIndicesMSTAR
I:MSUSSMNU,Morningstar US Sustainability Moat Focus NR USD,indices,us,True,CboeGlobalIndicesMSTAR
I:MSUSSMPU,Morningstar US Sustainability Moat Focus PR USD,indices,us,True,CboeGlobalIndicesMSTAR
I:MSUSTPTU,Morningstar US Target Market Exposure Paris Aligned Benchmark Select TR USD,indices,us,True,CboeGlobalIndicesMSTAR
I:MSUSTTPU,,indices,us,True,CboeGlobalIndicesMSTAR
I:MSUSTUTU,Morningstar US Target Market Exposure UCITS Select TR USD,indices,us,True,CboeGlobalIndicesMSTAR
I:MSUSUTPU,,indices,us,True,CboeGlobalIndicesMSTAR
I:MSUTMEPU,Morningstar US Target Market Exposure PR USD,indices,us,True,CboeGlobalIndicesMSTAR
I:MSUXTHPU,Morningstar US Exponential Technologies Healthcare PR USD,indices,us,True,CboeGlobalIndicesMSTAR
I:MSV,Cboe MS U.S. Portfolio Intrinsic Value Basket,indices,us,True,CboeGlobalIndicesMain
I:MSVL,Morningstar US Small Value PR USD,indices,us,True,CboeGlobalIndicesMSTAR
I:MSVLT,Morningstar US Small Value TR USD,indices,us,True,CboeGlobalIndicesMSTAR
I:MSWLD,MXWLD Option Settlement Value,indices,us,True,CboeGlobalIndicesMSCI
I:MSXTEWPU,,indices,us,True,CboeGlobalIndicesMSTAR
I:MSXTEWTU,,indices,us,True,CboeGlobalIndicesMSTAR
I:MSXTSSGU,Morningstar Exponential Technologies ESG Screened Select GR USD,indices,us,True,CboeGlobalIndicesMSTAR
I:MSYFPRSG,Morningstar Singapore Yield Focus PR SGD,indices,us,True,CboeGlobalIndicesMSTAR
I:MSZAUSDP,Morningstar South Africa PR USD,indices,us,True,CboeGlobalIndicesMSTAR
I:MSZAZARP,Morningstar South Africa PR ZAR,indices,us,True,CboeGlobalIndicesMSTAR
I:MTCORE,,indices,us,True,CboeGlobalIndicesMSTAR
I:MTCORE5,,indices,us,True,CboeGlobalIndicesMSTAR
I:MTCOREG,,indices,us,True,CboeGlobalIndicesMSTAR
I:MTCOREN,,indices,us,True,CboeGlobalIndicesMSTAR
I:MTCOREP,,indices,us,True,CboeGlobalIndicesMSTAR
I:MTECH20,Morningstar Transatlantic Technology and Communication Services Select 20 Decrement 50 Point GR EUR,indices,us,True,CboeGlobalIndicesMSTAR
I:MTECH20D,Morningstar Transatlantic Technology and Communication Services Select 20 Decrement 5 NR EUR,indices,us,True,CboeGlobalIndicesMSTAR
I:MTECH20G,Morningstar Transatlantic Technology and Communication Services Select 20,indices,us,True,CboeGlobalIndicesMSTAR
I:MTECH20P,Morningstar Transatlantic Technology and Communication Services Select 20 PR EUR,indices,us,True,CboeGlobalIndicesMSTAR
I:MTESG40G,Morningstar Transatlantic ESG Select 40 GR EUR,indices,us,True,CboeGlobalIndicesMSTAR
I:MTESG40N,Morningstar Transatlantic ESG Select 40 NR EUR,indices,us,True,CboeGlobalIndicesMSTAR
I:MTESG40P,Morningstar Transatlantic ESG Select 40 PR EUR,indices,us,True,CboeGlobalIndicesMSTAR
I:MTESG4DG,Morningstar TranMorningstar Transatlantic ESG Select 40 Decrement 50 Point GR EUR,indices,us,True,CboeGlobalIndicesMSTAR
I:MTESG4DN,Morningstar Transatlantic ESG Select 40 Decrement 5 NR EUR,indices,us,True,CboeGlobalIndicesMSTAR
I:MTPS50D,Morningstar Transatlantic PAB Select 50 Decrement 50 Point GR EUR,indices,us,True,CboeGlobalIndicesMSTAR
I:MTPS50D5,Morningstar Transatlantic PAB Select 50 Decrement 5 NR EUR,indices,us,True,CboeGlobalIndicesMSTAR
I:MTPS50GE,Morningstar Transatlantic PAB Select 50 GR EUR,indices,us,True,CboeGlobalIndicesMSTAR
I:MTPS50NE,Morningstar Transatlantic PAB Select 50 NR EUR,indices,us,True,CboeGlobalIndicesMSTAR
I:MTPS50PE,Morningstar Transatlantic PAB Select 50 PR EUR,indices,us,True,CboeGlobalIndicesMSTAR
I:MTS,Morningstar US Technology Sector PR USD,indices,us,True,CboeGlobalIndicesMSTAR
I:MTSCORE,,indices,us,True,CboeGlobalIndicesMSTAR
I:MTSCORE5,,indices,us,True,CboeGlobalIndicesMSTAR
I:MTSCOREG,,indices,us,True,CboeGlobalIndicesMSTAR
I:MTSCOREN,,indices,us,True,CboeGlobalIndicesMSTAR
I:MTSCOREP,,indices,us,True,CboeGlobalIndicesMSTAR
I:MUFT,Morningstar US Market Factor Tilt PR USD,indices,us,True,CboeGlobalIndicesMSTAR
I:MUFTT,Morningstar US Market Factor Tilt TR USD,indices,us,True,CboeGlobalIndicesMSTAR
I:MULMBGPU,Morningstar US Large-Mid Cap Broad Growth PR USD,indices,us,True,CboeGlobalIndicesMSTAR
I:MULMBVPU,Morningstar US Large-Mid Cap Broad Value PR USD,indices,us,True,CboeGlobalIndicesMSTAR
I:MULMGCPU,Morningstar US Large-Mid Cap Broad Growth Capped PR USD,indices,us,True,CboeGlobalIndicesMSTAR
I:MULTI50,Morningstar Eurozone Banks and Europe Basic Resources Select 20 Decrement 50 Point GR EUR,indices,us,True,CboeGlobalIndicesMSTAR
I:MULTI5D,Morningstar Eurozone Banks and Europe Basic Resources Select 20 Decrement 5% NR EUR,indices,us,True,CboeGlobalIndicesMSTAR
I:MULTIG,Morningstar Eurozone Banks and Europe Basic Resources Select 20 GR EUR,indices,us,True,CboeGlobalIndicesMSTAR
I:MULTIP,Morningstar Eurozone Banks and Europe Basic Resources Select 20 GR EUR,indices,us,True,CboeGlobalIndicesMSTAR
I:MUMCBGPU,Morningstar US Mid Cap Broad Growth PR USD,indices,us,True,CboeGlobalIndicesMSTAR
I:MUMCBVPU,Morningstar US Mid Cap Broad Value PR USD,indices,us,True,CboeGlobalIndicesMSTAR
I:MUNR,Morningstar Global Upstream Natural Resources PR USD,indices,us,True,CboeGlobalIndicesMSTAR
I:MUNRT,Morningstar Global Upstream Natural Resources NR USD,indices,us,True,CboeGlobalIndicesMSTAR
I:MUS,Morningstar US Utilities Sector PR USD,indices,us,True,CboeGlobalIndicesMSTAR
I:MUSBGEPU,Morningstar US Small Cap Broad Growth Extended PR USD,indices,us,True,CboeGlobalIndicesMSTAR
I:MUSSCEPU,Morningstar US Small Cap Extended PR USD,indices,us,True,CboeGlobalIndicesMSTAR
I:MVAL,Morningstar U.S. Value Index,indices,us,True,CboeGlobalIndicesMSTAR
I:MVAL50CP,Morningstar US Value Target 50 CAD PR,indices,us,True,CboeGlobalIndicesMSTAR
I:MVAL50CT,Morningstar US Value Target 50 CAD TR,indices,us,True,CboeGlobalIndicesMSTAR
I:MVAL50P,Morningstar US Target Value PR USD,indices,us,True,CboeGlobalIndicesMSTAR
I:MVAL50T,Morningstar US Value Target 50 USD TR,indices,us,True,CboeGlobalIndicesMSTAR
I:MVALT,Morningstar U.S. Value Total Return Index,indices,us,True,CboeGlobalIndicesMSTAR
I:MVVIV,PROSHARES ULTRA MIDCAP400 ETF,indices,us,True,CboeGlobalIndicesINAV
I:MWMF,Morningstar Wide Moat Focus PR USD,indices,us,True,CboeGlobalIndicesMSTAR
I:MWMFT,Morningstar Wide Moat Focus Total Return Index,indices,us,True,CboeGlobalIndicesMSTAR
I:MXACW,MSCI ACWI Net Total Return USD Index,indices,us,True,CboeGlobalIndicesMSCI
I:MXDOW,Dow Jones Mexico Index,indices,us,True,CMEMarketDataPlatformDowJones
I:MXDOWD,Dow Jones Mexico Index (USD),indices,us,True,CMEMarketDataPlatformDowJones
I:MXEA,MSCI EAFE Index,indices,us,True,CboeGlobalIndicesMSCI
I:MXEF,MSCI Emerging Markets Index,indices,us,True,CboeGlobalIndicesMSCI
I:MXS,MXEA Option Settlement Value,indices,us,True,CboeGlobalIndicesMSCI
I:MXTES50,,indices,us,True,CboeGlobalIndicesMSTAR
I:MXTES5D,,indices,us,True,CboeGlobalIndicesMSTAR
I:MXTESG,,indices,us,True,CboeGlobalIndicesMSTAR
I:MXTESN,,indices,us,True,CboeGlobalIndicesMSTAR
I:MXTESP,,indices,us,True,CboeGlobalIndicesMSTAR
I:MXUSA,MSCI USA Gross Total Return USD Index,indices,us,True,CboeGlobalIndicesMSCI
I:MXWLD,MSCI World Net Total Return USD Index,indices,us,True,CboeGlobalIndicesMSCI
I:MYDOW,Dow Jones Malaysia Index,indices,us,True,CMEMarketDataPlatformDowJones
I:MYDOWD,Dow Jones Malaysia Index (USD),indices,us,True,CMEMarketDataPlatformDowJones
I:MYYIV,PROSHARES SHORT MIDCAP400 ETF,indices,us,True,CboeGlobalIndicesINAV
I:MZZIV,PROSHARES ULTRASHORT MIDCAP400 ETF,indices,us,True,CboeGlobalIndicesINAV
I:N10EURGI,N Technology EUR GI,indices,us,True,NasdaqGIDS
I:N10EURPI,N Technology EUR PI,indices,us,True,NasdaqGIDS
I:N15EURGI,N Telecommunications EUR GI,indices,us,True,NasdaqGIDS
I:N15EURPI,N Telecommunications EUR PI,indices,us,True,NasdaqGIDS
I:N20EURGI,N Health Care EUR GI,indices,us,True,NasdaqGIDS
I:N20EURPI,N Health Care EUR PI,indices,us,True,NasdaqGIDS
I:N3010EURGI,N Banks EUR GI,indices,us,True,NasdaqGIDS
I:N3010EURPI,N Banks EUR PI,indices,us,True,NasdaqGIDS
I:N3020GI,N Financial Services EUR GI,indices,us,True,NasdaqGIDS
I:N3020PI,N Financial Services EUR PI,indices,us,True,NasdaqGIDS
I:N3030EURGI,N Insurance EUR GI,indices,us,True,NasdaqGIDS
I:N3030EURPI,N Insurance EUR PI,indices,us,True,NasdaqGIDS
I:N30EURGI,N Financials EUR GI,indices,us,True,NasdaqGIDS
I:N30EURPI,N Financials EUR PI,indices,us,True,NasdaqGIDS
I:N35EURGI,N Real Estate EUR GI,indices,us,True,NasdaqGIDS
I:N35EURPI,N Real Estate EUR PI,indices,us,True,NasdaqGIDS
I:N4010EURGI,N Automobiles and Parts EUR GI,indices,us,True,NasdaqGIDS
I:N4010EURPI,N Automobiles and Parts EUR PI,indices,us,True,NasdaqGIDS
I:N4020EURGI,N Consumer Products and Services EUR GI,indices,us,True,NasdaqGIDS
I:N4020EURPI,N Consumer Products and Services EUR PI,indices,us,True,NasdaqGIDS
I:N4030EURGI,N Media EUR GI,indices,us,True,NasdaqGIDS
I:N4030EURPI,N Media EUR PI,indices,us,True,NasdaqGIDS
I:N4040EURGI,N Retail EUR GI,indices,us,True,NasdaqGIDS
I:N4040EURPI,N Retail EUR PI,indices,us,True,NasdaqGIDS
I:N4050EURGI,N Travel and Leisure EUR GI,indices,us,True,NasdaqGIDS
I:N4050EURPI,N Travel and Leisure EUR PI,indices,us,True,NasdaqGIDS
I:N40EURGI,N Consumer Discretionary EUR GI,indices,us,True,NasdaqGIDS
I:N40EURPI,N Consumer Discretionary EUR PI,indices,us,True,NasdaqGIDS
I:N4510EURGI,"N Food, Beverage and Tobacco  EUR GI",indices,us,True,NasdaqGIDS
I:N4510EURPI,"N Food, Beverage and Tobacco  EUR PI",indices,us,True,NasdaqGIDS
I:N4520GI,"N Personal Care, Drug and Grocery Stores EUR GI",indices,us,True,NasdaqGIDS
I:N4520PI,"N Personal Care, Drug and Grocery Stores EUR PI",indices,us,True,NasdaqGIDS
I:N45EURGI,N Consumer Staples EUR GI,indices,us,True,NasdaqGIDS
I:N45EURPI,N Consumer Staples EUR PI,indices,us,True,NasdaqGIDS
I:N5010EURGI,N Construction and Materials EUR GI,indices,us,True,NasdaqGIDS
I:N5010EURPI,N Construction and Materials EUR PI,indices,us,True,NasdaqGIDS
I:N5020EURGI,N Industrial Goods and Services EUR GI,indices,us,True,NasdaqGIDS
I:N5020EURPI,N Industrial Goods and Services EUR PI,indices,us,True,NasdaqGIDS
I:N50EURGI,N Industrials EUR GI,indices,us,True,NasdaqGIDS
I:N50EURPI,N Industrials EUR PI,indices,us,True,NasdaqGIDS
I:N5510EURGI,N Basic Resources EUR GI,indices,us,True,NasdaqGIDS
I:N5510EURPI,N Basic Resources EUR PI,indices,us,True,NasdaqGIDS
I:N5520EURGI,N Chemicals EUR GI,indices,us,True,NasdaqGIDS
I:N5520EURPI,N Chemicals EUR PI,indices,us,True,NasdaqGIDS
I:N55EURGI,N Basic Materials EUR GI,indices,us,True,NasdaqGIDS
I:N55EURPI,N Basic Materials EUR PI,indices,us,True,NasdaqGIDS
I:N60EURGI,N Energy EUR GI,indices,us,True,NasdaqGIDS
I:N60EURPI,N Energy EUR PI,indices,us,True,NasdaqGIDS
I:N65EURGI,N Utilities EUR GI,indices,us,True,NasdaqGIDS
I:N65EURPI,N Utilities EUR PI,indices,us,True,NasdaqGIDS
I:NANOS,Nanos S&P 500 Index,indices,us,True,CboeGlobalIndicesMain
I:NBADR,Nasdaq-Brooklyn ADR Index,indices,us,True,NasdaqGIDS
I:NBADRN,Nasdaq-Brooklyn ADR Net Total R,indices,us,True,NasdaqGIDS
I:NBADRT,Nasdaq-Brooklyn ADR Total Retur,indices,us,True,NasdaqGIDS
I:NBI,NASDAQ Biotechnology,indices,us,True,NasdaqGIDS
I:NBIJPY,NASDAQ Biotechnology JPY,indices,us,True,NasdaqGIDS
I:NCI,Nasdaq Crypto Index,indices,us,True,NasdaqGIDS
I:NCIUS,Nasdaq Crypto US Index,indices,us,True,NasdaqGIDS
I:NCPAG,,indices,us,True,NasdaqGIDS
I:NCPAG25D,,indices,us,True,NasdaqGIDS
I:NCPAGN,,indices,us,True,NasdaqGIDS
I:NCPAGT,,indices,us,True,NasdaqGIDS
I:NCPGV,,indices,us,True,NasdaqGIDS
I:NCPGV25D,,indices,us,True,NasdaqGIDS
I:NCPGVN,,indices,us,True,NasdaqGIDS
I:NCPGVT,,indices,us,True,NasdaqGIDS
I:NCPHY,,indices,us,True,NasdaqGIDS
I:NCPHY25D,,indices,us,True,NasdaqGIDS
I:NCPHYN,,indices,us,True,NasdaqGIDS
I:NCPHYT,,indices,us,True,NasdaqGIDS
I:NCPIT,,indices,us,True,NasdaqGIDS
I:NCPIT25D,,indices,us,True,NasdaqGIDS
I:NCPITN,,indices,us,True,NasdaqGIDS
I:NCPITT,,indices,us,True,NasdaqGIDS
I:NCPLT,,indices,us,True,NasdaqGIDS
I:NCPLT25D,,indices,us,True,NasdaqGIDS
I:NCPLTN,,indices,us,True,NasdaqGIDS
I:NCPLTT,,indices,us,True,NasdaqGIDS
I:NCPX,,indices,us,True,NasdaqGIDS
I:NCPX25D,,indices,us,True,NasdaqGIDS
I:NCPXN,,indices,us,True,NasdaqGIDS
I:NCPXT,,indices,us,True,NasdaqGIDS
I:NCX,Nasdaq Innovators Completion Cap Index,indices,us,True,NasdaqGIDS
I:NCXAUD,Nasdaq Innovators Completion Cap Index AUD,indices,us,True,NasdaqGIDS
I:NCXCAD,Nasdaq Innovators Completion Cap Index CAD,indices,us,True,NasdaqGIDS
I:NCXCHF,Nasdaq Innovators Completion Cap Index CHF,indices,us,True,NasdaqGIDS
I:NCXEUR,Nasdaq Innovators Completion Cap Index EUR,indices,us,True,NasdaqGIDS
I:NCXGBP,Nasdaq Innovators Completion Cap Index GBP,indices,us,True,NasdaqGIDS
I:NCXHKD,Nasdaq Innovators Completion Cap Index HKD,indices,us,True,NasdaqGIDS
I:NCXJPY,Nasdaq Innovators Completion Cap Index JPY,indices,us,True,NasdaqGIDS
I:NCXN,Nasdaq Innovators Completion Cap Notional Net Total Return Index,indices,us,True,NasdaqGIDS
I:NCXNAUD,Nasdaq Innovators Completion Cap Notional Net Total Return Index AUD,indices,us,True,NasdaqGIDS
I:NCXNCAD,Nasdaq Innovators Completion Cap Notional Net Total Return Index CAD,indices,us,True,NasdaqGIDS
I:NCXNCHF,Nasdaq Innovators Completion Cap Notional Net Total Return Index CHF,indices,us,True,NasdaqGIDS
I:NCXNEUR,Nasdaq Innovators Completion Cap Notional Net Total Return Index EUR,indices,us,True,NasdaqGIDS
I:NCXNGBP,Nasdaq Innovators Completion Cap Notional Net Total Return Index GBP,indices,us,True,NasdaqGIDS
I:NCXNHKD,Nasdaq Innovators Completion Cap Notional Net Total Return Index HKD,indices,us,True,NasdaqGIDS
I:NCXNJPY,Nasdaq Innovators Completion Cap Notional Net Total Return Index JPY,indices,us,True,NasdaqGIDS
I:NCXT,Nasdaq Innovators Completion Cap Total Return Index,indices,us,True,NasdaqGIDS
I:NCXTAUD,Nasdaq Innovators Completion Cap Total Return Index AUD,indices,us,True,NasdaqGIDS
I:NCXTCAD,Nasdaq Innovators Completion Cap Total Return Index CAD,indices,us,True,NasdaqGIDS
I:NCXTCHF,Nasdaq Innovators Completion Cap Total Return Index CHF,indices,us,True,NasdaqGIDS
I:NCXTEUR,Nasdaq Innovators Completion Cap Total Return Index EUR,indices,us,True,NasdaqGIDS
I:NCXTGBP,Nasdaq Innovators Completion Cap Total Return Index GBP,indices,us,True,NasdaqGIDS
I:NCXTHKD,Nasdaq Innovators Completion Cap Total Return Index HKD,indices,us,True,NasdaqGIDS
I:NCXTJPY,Nasdaq Innovators Completion Cap Total Return Index JPY,indices,us,True,NasdaqGIDS
I:NDWHOIS,Nasdaq Dorsey Wright Tactical H,indices,us,True,NasdaqGIDS
I:NDWHOIST,Nasdaq Dorsey Wright Tactical H,indices,us,True,NasdaqGIDS
I:NDWTOIS,Nasdaq Dorsey Wright Tactical O,indices,us,True,NasdaqGIDS
I:NDWTOIST,Nasdaq Dorsey Wright Tactical O,indices,us,True,NasdaqGIDS
I:NDWTR,Nasdaq Dorsey Wright Thematic R,indices,us,True,NasdaqGIDS
I:NDWTRT,Nasdaq Dorsey Wright Thematic R,indices,us,True,NasdaqGIDS
I:NDX,NASDAQ-100,indices,us,True,NasdaqGIDS
I:NDX30,Nasdaq-100 Top 30 Index,indices,us,True,NasdaqGIDS
I:NDX30AUD,,indices,us,True,NasdaqGIDS
I:NDX30N,Nasdaq-100 Top 30 Notional Net,indices,us,True,NasdaqGIDS
I:NDX30NAUD,,indices,us,True,NasdaqGIDS
I:NDX30T,Nasdaq-100 Top 30 Total Return,indices,us,True,NasdaqGIDS
I:NDX30TAUD,,indices,us,True,NasdaqGIDS
I:NDX30U,Nasdaq-100 Top 30 UCITS Index,indices,us,True,NasdaqGIDS
I:NDX30UN,Nasdaq-100 Top 30 UCITS Notiona,indices,us,True,NasdaqGIDS
I:NDX30UT,Nasdaq-100 Top 30 UCITS Total R,indices,us,True,NasdaqGIDS
I:NDX70,Nasdaq-100 ex Top 30 Index,indices,us,True,NasdaqGIDS
I:NDX70N,Nasdaq-100 ex Top 30 Notional N,indices,us,True,NasdaqGIDS
I:NDX70T,Nasdaq-100 ex Top 30 Total Retu,indices,us,True,NasdaqGIDS
I:NDX70U,Nasdaq-100 ex Top 30 UCITS Inde,indices,us,True,NasdaqGIDS
I:NDX70UN,Nasdaq-100 ex Top 30 UCITS Noti,indices,us,True,NasdaqGIDS
I:NDX70UT,Nasdaq-100 ex Top 30 UCITS Tota,indices,us,True,NasdaqGIDS
I:NDXAUD,Nasdaq-100 Index AUD,indices,us,True,NasdaqGIDS
I:NDXAUDMH,Nasdaq-100 Currency Hedged AUD Index,indices,us,True,NasdaqGIDS
I:NDXCAD,Nasdaq-100 Index CAD,indices,us,True,NasdaqGIDS
I:NDXCHF,Nasdaq-100 Index CHF,indices,us,True,NasdaqGIDS
I:NDXCHFMH,NDXCHF Monthly Currency Hedged,indices,us,True,NasdaqGIDS
I:NDXDIV,NASDAQ-100 Dividend Point Index,indices,us,True,NasdaqGIDS
I:NDXDWA,NASDAQ-100 Dorsey Wright Momentum Index,indices,us,True,NasdaqGIDS
I:NDXDWAN,NASDAQ-100 Dorsey Wright Momentum Notional Net Total Return Index,indices,us,True,NasdaqGIDS
I:NDXDWAT,NASDAQ-100 Dorsey Wright Momentum Total Return Index,indices,us,True,NasdaqGIDS
I:NDXE,NASDAQ-100 Equal Weighted,indices,us,True,NasdaqGIDS
I:NDXEAUD,NASDAQ-100 Equal Weighted AUD Index,indices,us,True,NasdaqGIDS
I:NDXEAUDMH,Nasdaq-100 Equal Weighted Currency Hedged AUD Index,indices,us,True,NasdaqGIDS
I:NDXECAD,NASDAQ-100 Equal Weighted CAD Index,indices,us,True,NasdaqGIDS
I:NDXECADMH,Nasdaq-100 Equal Weighted Currency Hedged CAD Index,indices,us,True,NasdaqGIDS
I:NDXECHF,NASDAQ-100 Equal Weighted CHF Index,indices,us,True,NasdaqGIDS
I:NDXECHFMH,Nasdaq-100 Equal Weighted Currency Hedged CHF Index,indices,us,True,NasdaqGIDS
I:NDXEEUR,NASDAQ-100 Equal Weighted EUR Index,indices,us,True,NasdaqGIDS
I:NDXEEURMH,Nasdaq-100 Equal Weighted Currency Hedged EUR Index,indices,us,True,NasdaqGIDS
I:NDXEG,,indices,us,True,NasdaqGIDS
I:NDXEGBP,NASDAQ-100 Equal Weighted GBP Index,indices,us,True,NasdaqGIDS
I:NDXEGBPMH,Nasdaq-100 Equal Weighted Currency Hedged GBP Index,indices,us,True,NasdaqGIDS
I:NDXEGN,,indices,us,True,NasdaqGIDS
I:NDXEGT,,indices,us,True,NasdaqGIDS
I:NDXEHKD,NASDAQ-100 Equal Weighted HKD Index,indices,us,True,NasdaqGIDS
I:NDXEHKDMH,Nasdaq-100 Equal Weighted Currency Hedged HKD Index,indices,us,True,NasdaqGIDS
I:NDXEJPY,NASDAQ-100 Equal Weighted JPY Index,indices,us,True,NasdaqGIDS
I:NDXEJPYMH,Nasdaq-100 Equal Weighted Currency Hedged JPY Index,indices,us,True,NasdaqGIDS
I:NDXESG,Nasdaq-100 ESG Index,indices,us,True,NasdaqGIDS
I:NDXESG01,Nasdaq-100 ESG AUD Index,indices,us,True,NasdaqGIDS
I:NDXESG02,Nasdaq-100 ESG CAD Index,indices,us,True,NasdaqGIDS
I:NDXESG03,Nasdaq-100 ESG CHF Index,indices,us,True,NasdaqGIDS
I:NDXESG04,Nasdaq-100 ESG EUR Index,indices,us,True,NasdaqGIDS
I:NDXESG05,Nasdaq-100 ESG GBP Index,indices,us,True,NasdaqGIDS
I:NDXESG06,Nasdaq 100 ESG HKD Index,indices,us,True,NasdaqGIDS
I:NDXESG07,Nasdaq-100 ESG JPY Index,indices,us,True,NasdaqGIDS
I:NDXESG11,Nasdaq-100 ESG Total Return AUD Index,indices,us,True,NasdaqGIDS
I:NDXESG12,Nasdaq-100 ESG Total Return CAD Index,indices,us,True,NasdaqGIDS
I:NDXESG13,Nasdaq-100 ESG Total Return CHF Index,indices,us,True,NasdaqGIDS
I:NDXESG14,Nasdaq-100 ESG Total Return EUR Index,indices,us,True,NasdaqGIDS
I:NDXESG15,Nasdaq-100 ESG Total Return GBP Index,indices,us,True,NasdaqGIDS
I:NDXESG16,Nasdaq-100 ESG Total Return HKD Index,indices,us,True,NasdaqGIDS
I:NDXESG17,Nasdaq-100 ESG Total Return JPY Index,indices,us,True,NasdaqGIDS
I:NDXESG21,Nasdaq-100 ESG Net Notional Total Return AUD Index,indices,us,True,NasdaqGIDS
I:NDXESG22,Nasdaq-100 ESG Net Notional Total Return CAD Index,indices,us,True,NasdaqGIDS
I:NDXESG23,Nasdaq-100 ESG Net Notional Total Return CHF Index,indices,us,True,NasdaqGIDS
I:NDXESG24,Nasdaq-100 ESG Net Notional Total Return EUR Index,indices,us,True,NasdaqGIDS
I:NDXESG25,Nasdaq-100 ESG Net Notional Total Return GBP Index,indices,us,True,NasdaqGIDS
I:NDXESG26,Nasdaq-100 ESG Net Notional Total Return HKD Index,indices,us,True,NasdaqGIDS
I:NDXESG27,Nasdaq-100 ESG Net Notional Total Return JPY Index,indices,us,True,NasdaqGIDS
I:NDXESGN,Nasdaq-100 ESG Notional Net Total Return Index,indices,us,True,NasdaqGIDS
I:NDXESGT,Nasdaq-100 ESG Total Return Index,indices,us,True,NasdaqGIDS
I:NDXEUR,Nasdaq-100 Index EUR,indices,us,True,NasdaqGIDS
I:NDXEURMH,NDXEUR Monthly Currency Hedged,indices,us,True,NasdaqGIDS
I:NDXG02MH,Nasdaq-100 ESG Currency Hedged CAD Index,indices,us,True,NasdaqGIDS
I:NDXG12MH,Nasdaq-100 ESG Total Return Currency Hedged CAD Index,indices,us,True,NasdaqGIDS
I:NDXG22MH,Nasdaq-100 ESG Notional Net Total Return Currency Hedged CAD Index,indices,us,True,NasdaqGIDS
I:NDXGBP,Nasdaq-100 Index GBP,indices,us,True,NasdaqGIDS
I:NDXGBPMH,NDXGBP Monthly Currency Hedged,indices,us,True,NasdaqGIDS
I:NDXHB,Nasdaq-100 High Beta Index,indices,us,True,NasdaqGIDS
I:NDXHBN,Nasdaq-100 High Beta Notional N,indices,us,True,NasdaqGIDS
I:NDXHBT,Nasdaq-100 High Beta Total Retu,indices,us,True,NasdaqGIDS
I:NDXHIEN,Nasdaq-100 NEOS High Income ETF,indices,us,True,NasdaqGIDS
I:NDXHKD,Nasdaq-100 Index HKD,indices,us,True,NasdaqGIDS
I:NDXINR,Nasdaq-100 Index INR,indices,us,True,NasdaqGIDS
I:NDXJPY,Nasdaq-100 Index JPY,indices,us,True,NasdaqGIDS
I:NDXJPYMH,NASDAQ -100 Currency Hedged JPY Index,indices,us,True,NasdaqGIDS
I:NDXL,NASDAQ-100 Leveraged Index,indices,us,True,NasdaqGIDS
I:NDXL3,NASDAQ-100 3x Leveraged Index,indices,us,True,NasdaqGIDS
I:NDXLV,Nasdaq-100 Low Volatility Index,indices,us,True,NasdaqGIDS
I:NDXLVN,Nasdaq-100 Low Volatility Notio,indices,us,True,NasdaqGIDS
I:NDXLVT,Nasdaq-100 Low Volatility Total,indices,us,True,NasdaqGIDS
I:NDXMEGA,Nasdaq-100 Mega Index,indices,us,True,NasdaqGIDS
I:NDXMEGA2,Nasdaq-100 Mega 2.0 Index,indices,us,True,NasdaqGIDS
I:NDXMEGA2N,Nasdaq-100 Mega 2.0 Notional Ne,indices,us,True,NasdaqGIDS
I:NDXMEGA2T,Nasdaq-100 Mega 2.0 Total Retur,indices,us,True,NasdaqGIDS
I:NDXMEGAN,Nasdaq-100 Mega Notional Net To,indices,us,True,NasdaqGIDS
I:NDXMEGAT,Nasdaq-100 Mega Total Return In,indices,us,True,NasdaqGIDS
I:NDXMXN,Nasdaq-100 Index MXN,indices,us,True,NasdaqGIDS
I:NDXMXNMH,NASDAQ -100 Currency Hedged MXN,indices,us,True,NasdaqGIDS
I:NDXNNEE5,Nasdaq-100 Notional Net Return Euro Excess Return Index,indices,us,True,NasdaqGIDS
I:NDXNZD,Nasdaq-100 Index NZD,indices,us,True,NasdaqGIDS
I:NDXS1,NASDAQ-100 1x Short Index,indices,us,True,NasdaqGIDS
I:NDXS2,NASDAQ-100 2x Short Index,indices,us,True,NasdaqGIDS
I:NDXS3,NASDAQ-100 3x Inverse Index,indices,us,True,NasdaqGIDS
I:NDXSE,,indices,us,True,NasdaqGIDS
I:NDXSEN,,indices,us,True,NasdaqGIDS
I:NDXSES,Nasdaq- 100 Sustainable ESG Sel,indices,us,True,NasdaqGIDS
I:NDXSESN,Nasdaq- 100 Sustainable ESG Sel,indices,us,True,NasdaqGIDS
I:NDXSEST,Nasdaq- 100 Sustainable ESG Sel,indices,us,True,NasdaqGIDS
I:NDXSET,,indices,us,True,NasdaqGIDS
I:NDXT,NASDAQ-100 Technology Sector,indices,us,True,NasdaqGIDS
I:NDXT10,Nasdaq-100 Technology Sector Ad,indices,us,True,NasdaqGIDS
I:NDXT10NR,Nasdaq-100 Technology Sector Ad,indices,us,True,NasdaqGIDS
I:NDXT10TR,Nasdaq-100 Technology Sector Ad,indices,us,True,NasdaqGIDS
I:NDXT2D,NASDAQ-100 Technology Sector Synthetic Dividend 2%,indices,us,True,NasdaqGIDS
I:NDXTMC,NASDAQ-100 Technology Sector Market-Cap Weighted Index,indices,us,True,NasdaqGIDS
I:NDXTMCNR,NASDAQ-100 Technology Sector Market-Cap Weighted Notional Net Total Return Index,indices,us,True,NasdaqGIDS
I:NDXTMCTR,NASDAQ-100 Technology Sector Market-Cap Weighted T,indices,us,True,NasdaqGIDS
I:NDXTNR,NASDAQ-100 Technology Sector Net Total Return,indices,us,True,NasdaqGIDS
I:NDXTRND,NASDAQ-100 Trendpilot PR Index,indices,us,True,NasdaqGIDS
I:NDXX,NASDAQ-100 Ex-Tech Sector,indices,us,True,NasdaqGIDS
I:NETLX,Fundamental Income Net Lease Real Estate Index,indices,us,True,NasdaqGIDS
I:NETLXN,Fundamental Income Net Lease Real Estate NTR Index,indices,us,True,NasdaqGIDS
I:NETLXT,Fundamental Income Net Lease Real Estate TR Index,indices,us,True,NasdaqGIDS
I:NETR,NASDAQ-100 Equal Weighted Total Return,indices,us,True,NasdaqGIDS
I:NETRAUD,NASDAQ-100 Equal Weighted Total Return AUD Index,indices,us,True,NasdaqGIDS
I:NETRAUDMH,Nasdaq-100 Equal Weighted Total Return Currency Hedged AUD Index,indices,us,True,NasdaqGIDS
I:NETRCAD,NASDAQ-100 Equal Weighted Total Return CAD Index,indices,us,True,NasdaqGIDS
I:NETRCADMH,Nasdaq-100 Equal Weighted Total Return Currency Hedged CAD Index,indices,us,True,NasdaqGIDS
I:NETRCHF,NASDAQ-100 Equal Weighted Total Return CHF Index,indices,us,True,NasdaqGIDS
I:NETRCHFMH,Nasdaq-100 Equal Weighted Total Return Currency Hedged CHF Index,indices,us,True,NasdaqGIDS
I:NETREUR,NASDAQ-100 Equal Weighted Total Return EUR Index,indices,us,True,NasdaqGIDS
I:NETREURMH,Nasdaq-100 Equal Weighted Total Return Currency Hedged EUR Index,indices,us,True,NasdaqGIDS
I:NETRGBP,NASDAQ-100 Equal Weighted Total Return GBP Index,indices,us,True,NasdaqGIDS
I:NETRGBPMH,Nasdaq-100 Equal Weighted Total Return Currency Hedged GBP Index,indices,us,True,NasdaqGIDS
I:NETRHKD,NASDAQ-100 Equal Weighted Total Return HKD Index,indices,us,True,NasdaqGIDS
I:NETRHKDMH,Nasdaq-100 Equal Weighted Total Return Currency Hedged HKD Index,indices,us,True,NasdaqGIDS
I:NETRJPY,NASDAQ-100 Equal Weighted Total Return JPY Index,indices,us,True,NasdaqGIDS
I:NETRJPYMH,Nasdaq-100 Equal Weighted Total Return Currency Hedged JPY Index,indices,us,True,NasdaqGIDS
I:NETRNNR,NASDAQ-100 Equal Weighted Net Notional Return Index,indices,us,True,NasdaqGIDS
I:NETRNNRAUD,NASDAQ-100 Equal Weighted Net Notional Return AUD Index,indices,us,True,NasdaqGIDS
I:NETRNNRAUDMH,Nasdaq-100 Equal Weighted Net Notional Return Currency Hedged AUD Index,indices,us,True,NasdaqGIDS
I:NETRNNRCAD,NASDAQ-100 Equal Weighted Net Notional Return CAD Index,indices,us,True,NasdaqGIDS
I:NETRNNRCADMH,Nasdaq-100 Equal Weighted Net Notional Return Currency Hedged CAD Index,indices,us,True,NasdaqGIDS
I:NETRNNRCHF,NASDAQ-100 Equal Weighted Net Notional Return CHF Index,indices,us,True,NasdaqGIDS
I:NETRNNRCHFMH,Nasdaq-100 Equal Weighted Net Notional Return Currency Hedged CHF Index,indices,us,True,NasdaqGIDS
I:NETRNNREUR,NASDAQ-100 Equal Weighted Net Notional Return EUR Index,indices,us,True,NasdaqGIDS
I:NETRNNREURMH,Nasdaq-100 Equal Weighted Net Notional Return Currency Hedged EUR Index,indices,us,True,NasdaqGIDS
I:NETRNNRGBP,NASDAQ-100 Equal Weighted Net Notional Return GBP Index,indices,us,True,NasdaqGIDS
I:NETRNNRGBPMH,Nasdaq-100 Equal Weighted Net Notional Return Currency Hedged GBP Index,indices,us,True,NasdaqGIDS
I:NETRNNRHKD,NASDAQ-100 Equal Weighted Net Notional Return HKD Index,indices,us,True,NasdaqGIDS
I:NETRNNRHKDMH,Nasdaq-100 Equal Weighted Net Notional Return Currency Hedged HKD Index,indices,us,True,NasdaqGIDS
I:NETRNNRJPY,NASDAQ-100 Equal Weighted Net Notional Return JPY Index,indices,us,True,NasdaqGIDS
I:NETRNNRJPYMH,Nasdaq-100 Equal Weighted Net Notional Return Currency Hedged JPY Index,indices,us,True,NasdaqGIDS
I:NETX,Nasdaq CTA Internet Total Return Index,indices,us,True,NasdaqGIDS
I:NFCFA,Nasdaq US Free Cash Flow Achiev,indices,us,True,NasdaqGIDS
I:NFCFAN,Nasdaq US Free Cash Flow Achiev,indices,us,True,NasdaqGIDS
I:NFCFAT,Nasdaq US Free Cash Flow Achiev,indices,us,True,NasdaqGIDS
I:NGX,Nasdaq Next Generation 100 Index,indices,us,True,NasdaqGIDS
I:NGXAUD,Nasdaq Next Generation 100 Index AUD,indices,us,True,NasdaqGIDS
I:NGXCAD,Nasdaq Next Generation 100 Index CAD,indices,us,True,NasdaqGIDS
I:NGXCADMH,Nasdaq Next Generation 100 Currency Hedged CAD Index,indices,us,True,NasdaqGIDS
I:NGXCHF,Nasdaq Next Generation 100 Index CHF,indices,us,True,NasdaqGIDS
I:NGXESG,Nasdaq Next Generation 100 ESG Index,indices,us,True,NasdaqGIDS
I:NGXESG01,Nasdaq Next Generation 100 ESG AUD Index,indices,us,True,NasdaqGIDS
I:NGXESG02,Nasdaq Next Generation 100 ESG CAD Index,indices,us,True,NasdaqGIDS
I:NGXESG03,Nasdaq Next Generation 100 ESG CHF Index,indices,us,True,NasdaqGIDS
I:NGXESG04,Nasdaq Next Generation 100 ESG EUR Index,indices,us,True,NasdaqGIDS
I:NGXESG05,Nasdaq Next Generation 100 ESG GBP Index,indices,us,True,NasdaqGIDS
I:NGXESG06,Nasdaq Next Generation 100 ESG HKD Index,indices,us,True,NasdaqGIDS
I:NGXESG07,Nasdaq Next Generation 100 ESG JPY Index,indices,us,True,NasdaqGIDS
I:NGXESG11,Nasdaq Next Generation 100 ESG Total Return AUD Index,indices,us,True,NasdaqGIDS
I:NGXESG12,Nasdaq Next Generation 100 ESG Total Return CAD Index,indices,us,True,NasdaqGIDS
I:NGXESG13,Nasdaq Next Generation 100 ESG Total Return CHF Index,indices,us,True,NasdaqGIDS
I:NGXESG14,Nasdaq Next Generation 100 ESG Total Return EUR Index,indices,us,True,NasdaqGIDS
I:NGXESG15,Nasdaq Next Generation 100 ESG Total Return GBP Index,indices,us,True,NasdaqGIDS
I:NGXESG16,Nasdaq Next Generation 100 ESG Total Return HKD Index,indices,us,True,NasdaqGIDS
I:NGXESG17,Nasdaq Next Generation 100 ESG Total Return JPY Index,indices,us,True,NasdaqGIDS
I:NGXESG21,Nasdaq Next Generation 100 ESG Net Notional Total Return AUD Index,indices,us,True,NasdaqGIDS
I:NGXESG22,Nasdaq Next Generation 100 ESG Net Notional Total Return CAD Index,indices,us,True,NasdaqGIDS
I:NGXESG23,Nasdaq Next Generation 100 ESG Net Notional Total Return CHF Index,indices,us,True,NasdaqGIDS
I:NGXESG24,Nasdaq Next Generation 100 ESG Net Notional Total Return EUR Index,indices,us,True,NasdaqGIDS
I:NGXESG25,Nasdaq Next Generation 100 ESG Net Notional Total Return GBP Index,indices,us,True,NasdaqGIDS
I:NGXESG26,Nasdaq Next Generation 100 ESG Net Notional Total Return HKD Index,indices,us,True,NasdaqGIDS
I:NGXESG27,Nasdaq Next Generation 100 ESG Net Notional Total Return JPY Index,indices,us,True,NasdaqGIDS
I:NGXESGN,Nasdaq Next Generation 100 ESG Notional Net Total Return Index,indices,us,True,NasdaqGIDS
I:NGXESGT,Nasdaq Next Generation 100 ESG Total Return Index,indices,us,True,NasdaqGIDS
I:NGXEUR,Nasdaq Next Generation 100 Index EUR,indices,us,True,NasdaqGIDS
I:NGXG02MH,Nasdaq Next Generation 100 ESG Currency Hedged CAD Index,indices,us,True,NasdaqGIDS
I:NGXG12MH,Nasdaq Next Generation 100 ESG Total Return Currency Hedged CAD Index,indices,us,True,NasdaqGIDS
I:NGXG22MH,Nasdaq Next Generation 100 ESG Notional Net Total Return Currency Hedged CAD Index,indices,us,True,NasdaqGIDS
I:NGXGBP,Nasdaq Next Generation 100 Index GBP,indices,us,True,NasdaqGIDS
I:NGXHKD,Nasdaq Next Generation 100 Index HKD,indices,us,True,NasdaqGIDS
I:NGXJPY,Nasdaq Next Generation 100 Index JPY,indices,us,True,NasdaqGIDS
I:NGXN,Nasdaq Next Generation 100 Notional Net Return,indices,us,True,NasdaqGIDS
I:NGXN2D,Nasdaq NextGeneration Synthetic Dividend 2%,indices,us,True,NasdaqGIDS
I:NGXNAUD,Nasdaq Next Generation 100 Notional Net Return AUD,indices,us,True,NasdaqGIDS
I:NGXNCAD,Nasdaq Next Generation 100 Notional Net Return CAD,indices,us,True,NasdaqGIDS
I:NGXNCADMH,Nasdaq Next Generation 100 Currency Hedged CAD NTR Index,indices,us,True,NasdaqGIDS
I:NGXNCHF,Nasdaq Next Generation 100 Notional Net Return CHF,indices,us,True,NasdaqGIDS
I:NGXNEUR,Nasdaq Next Generation 100 Notional Net Return EUR,indices,us,True,NasdaqGIDS
I:NGXNGBP,Nasdaq Next Generation 100 Notional Net Return GBP,indices,us,True,NasdaqGIDS
I:NGXNHKD,Nasdaq Next Generation 100 Notional Net Return HKD,indices,us,True,NasdaqGIDS
I:NGXNJPY,Nasdaq Next Generation 100 Notional Net Return JPY,indices,us,True,NasdaqGIDS
I:NGXT,Nasdaq Next Generation 100 Total Return,indices,us,True,NasdaqGIDS
I:NGXTAUD,Nasdaq Next Generation 100 Total Return AUD,indices,us,True,NasdaqGIDS
I:NGXTCAD,Nasdaq Next Generation 100 Total Return CAD,indices,us,True,NasdaqGIDS
I:NGXTCADMH,Nasdaq Next Generation 100 Currency Hedged CAD TR Index,indices,us,True,NasdaqGIDS
I:NGXTCHF,Nasdaq Next Generation 100 Total Return CHF,indices,us,True,NasdaqGIDS
I:NGXTEUR,Nasdaq Next Generation 100 Total Return EUR,indices,us,True,NasdaqGIDS
I:NGXTGBP,Nasdaq Next Generation 100 Total Return GBP,indices,us,True,NasdaqGIDS
I:NGXTHKD,Nasdaq Next Generation 100 Total Return HKD,indices,us,True,NasdaqGIDS
I:NGXTJPY,Nasdaq Next Generation 100 Total Return JPY,indices,us,True,NasdaqGIDS
I:NLCSD,Nasdaq US Large Cap Select Disr,indices,us,True,NasdaqGIDS
I:NLCSDN,Nasdaq US Large Cap Select Disr,indices,us,True,NasdaqGIDS
I:NLCSDT,Nasdaq US Large Cap Select Disr,indices,us,True,NasdaqGIDS
I:NLDOW,Dow Jones Netherlands Index,indices,us,True,CMEMarketDataPlatformDowJones
I:NLDOWD,Dow Jones Netherlands Index (USD),indices,us,True,CMEMarketDataPlatformDowJones
I:NMFSM,Nasdaq Junior Silver Miners Ind,indices,us,True,NasdaqGIDS
I:NMFSMN,Nasdaq Junior Silver Miners Net,indices,us,True,NasdaqGIDS
I:NMFSMT,Nasdaq Junior Silver Miners Tot,indices,us,True,NasdaqGIDS
I:NOBLIV,PROSHARES S&P 500 DIVIDEND ARISTOCRATS ETF,indices,us,True,CboeGlobalIndicesINAV
I:NODOW,Dow Jones Norway Index,indices,us,True,CMEMarketDataPlatformDowJones
I:NODOWD,Dow Jones Norway Index (USD),indices,us,True,CMEMarketDataPlatformDowJones
I:NOMXN120,NASDAQ OMX Nordic 120,indices,us,True,NasdaqGIDS
I:NOMXN120GI,NASDAQ OMX Nordic 120 Gross Index,indices,us,True,NasdaqGIDS
I:NOMXN120NI,NASDAQ OMX Nordic 120 Net Index,indices,us,True,NasdaqGIDS
I:NOMXN120SEK,NASDAQ OMX Nordic 120 SEK,indices,us,True,NasdaqGIDS
I:NOMXN120SEKGI,NASDAQ OMX Nordic 120 SEK Gross Index,indices,us,True,NasdaqGIDS
I:NOMXN120SEKNI,NASDAQ OMX Nordic 120 SEK Net Index,indices,us,True,NasdaqGIDS
I:NOMXNBI,NASDAQ OMX Nordic Bank & Insurance,indices,us,True,NasdaqGIDS
I:NOMXNBIGI,NASDAQ OMX Nordic Bank & Insurance Gross Index,indices,us,True,NasdaqGIDS
I:NOMXNBINI,NASDAQ OMX Nordic Bank & Insurance Net Index,indices,us,True,NasdaqGIDS
I:NOMXNBISEK,NASDAQ OMX Nordic Bank & Insurance SEK,indices,us,True,NasdaqGIDS
I:NOMXNBISEKGI,NASDAQ OMX Nordic Bank & Insurance SEK Gross Index,indices,us,True,NasdaqGIDS
I:NOMXNBISEKNI,NASDAQ OMX Nordic Bank & Insurance SEK Net Index,indices,us,True,NasdaqGIDS
I:NOMXNCO,NASDAQ OMX Nordic Consumer,indices,us,True,NasdaqGIDS
I:NOMXNCOGI,NASDAQ OMX Nordic Consumer Gross Index,indices,us,True,NasdaqGIDS
I:NOMXNCONI,NASDAQ OMX Nordic Consumer Net Index,indices,us,True,NasdaqGIDS
I:NOMXNCOSEK,NASDAQ OMX Nordic Consumer SEK,indices,us,True,NasdaqGIDS
I:NOMXNCOSEKGI,NASDAQ OMX Nordic Consumer SEK Gross Index,indices,us,True,NasdaqGIDS
I:NOMXNCOSEKNI,NASDAQ OMX Nordic Consumer SEK Net Index,indices,us,True,NasdaqGIDS
I:NOMXNCR,NASDAQ OMX Nordic Construction & Real Estate,indices,us,True,NasdaqGIDS
I:NOMXNCRGI,NASDAQ OMX Nordic Construction & Real Estate GI,indices,us,True,NasdaqGIDS
I:NOMXNCRNI,NASDAQ OMX Nordic Construction & Real Estate NI,indices,us,True,NasdaqGIDS
I:NOMXNCRSEK,NASDAQ OMX Nordic Const & Real Est SEK,indices,us,True,NasdaqGIDS
I:NOMXNCRSEKGI,NASDAQ OMX Nordic Const & Real Est SEK Gross Index,indices,us,True,NasdaqGIDS
I:NOMXNCRSEKNI,NASDAQ OMX Nordic Const & Real Est SEK Net Index,indices,us,True,NasdaqGIDS
I:NOMXNEN,NASDAQ OMX Nordic Energy,indices,us,True,NasdaqGIDS
I:NOMXNENGI,NASDAQ OMX Nordic Energy Gross Index,indices,us,True,NasdaqGIDS
I:NOMXNENNI,NASDAQ OMX Nordic Energy Net Index,indices,us,True,NasdaqGIDS
I:NOMXNENSEK,NASDAQ OMX Nordic Energy SEK,indices,us,True,NasdaqGIDS
I:NOMXNENSEKGI,NASDAQ OMX Nordic Energy SEK Gross Index,indices,us,True,NasdaqGIDS
I:NOMXNENSEKNI,NASDAQ OMX Nordic Energy SEK Net Index,indices,us,True,NasdaqGIDS
I:NOMXNHC,NASDAQ OMX Nordic Health Care,indices,us,True,NasdaqGIDS
I:NOMXNHCGI,NASDAQ OMX Nordic Health Care Gross Index,indices,us,True,NasdaqGIDS
I:NOMXNHCNI,NASDAQ OMX Nordic Health Care Net Index,indices,us,True,NasdaqGIDS
I:NOMXNHCSEK,NASDAQ OMX Nordic Health Care SEK,indices,us,True,NasdaqGIDS
I:NOMXNHCSEKGI,NASDAQ OMX Nordic Health Care SEK Gross Index,indices,us,True,NasdaqGIDS
I:NOMXNHCSEKNI,NASDAQ OMX Nordic Health Care SEK Net Index,indices,us,True,NasdaqGIDS
I:NOMXNIC,NASDAQ OMX Nordic Investment Companies,indices,us,True,NasdaqGIDS
I:NOMXNICGI,NASDAQ OMX Nordic Investment Companies Gross Index,indices,us,True,NasdaqGIDS
I:NOMXNICNI,NASDAQ OMX Nordic Investment Companies Net Index,indices,us,True,NasdaqGIDS
I:NOMXNICSEK,NASDAQ OMX Nordic Invest Companies SEK,indices,us,True,NasdaqGIDS
I:NOMXNICSEKGI,NASDAQ OMX Nordic Invest Companies SEK Gross Index,indices,us,True,NasdaqGIDS
I:NOMXNICSEKNI,NASDAQ OMX Nordic Invest Companies SEK Net Index,indices,us,True,NasdaqGIDS
I:NOMXNIN,NASDAQ OMX Nordic Industrials,indices,us,True,NasdaqGIDS
I:NOMXNINGI,NASDAQ OMX Nordic Industrials Gross Index,indices,us,True,NasdaqGIDS
I:NOMXNINNI,NASDAQ OMX Nordic Industrials Net Index,indices,us,True,NasdaqGIDS
I:NOMXNINSEK,NASDAQ OMX Nordic Industrials SEK,indices,us,True,NasdaqGIDS
I:NOMXNINSEKGI,NASDAQ OMX Nordic Industrials SEK Gross Index,indices,us,True,NasdaqGIDS
I:NOMXNINSEKNI,NASDAQ OMX Nordic Industrials SEK Net Index,indices,us,True,NasdaqGIDS
I:NOMXNMA,NASDAQ OMX Nordic Materials,indices,us,True,NasdaqGIDS
I:NOMXNMAGI,NASDAQ OMX Nordic Materials Gross Index,indices,us,True,NasdaqGIDS
I:NOMXNMANI,NASDAQ OMX Nordic Materials Net Index,indices,us,True,NasdaqGIDS
I:NOMXNMASEK,NASDAQ OMX Nordic Materials SEK,indices,us,True,NasdaqGIDS
I:NOMXNMASEKGI,NASDAQ OMX Nordic Materials SEK Gross Index,indices,us,True,NasdaqGIDS
I:NOMXNMASEKNI,NASDAQ OMX Nordic Materials SEK Net Index,indices,us,True,NasdaqGIDS
I:NOMXNTI,NASDAQ OMX Nordic Telecom & InfoTech,indices,us,True,NasdaqGIDS
I:NOMXNTIGI,NASDAQ OMX Nordic Telecom & InfoTech Gross Index,indices,us,True,NasdaqGIDS
I:NOMXNTINI,NASDAQ OMX Nordic Telecom & InfoTech Net Index,indices,us,True,NasdaqGIDS
I:NOMXNTISEK,NASDAQ OMX Nordic Tele & InfoTech SEK,indices,us,True,NasdaqGIDS
I:NOMXNTISEKGI,NASDAQ OMX Nordic Tele & InfoTech SEK Gross Index,indices,us,True,NasdaqGIDS
I:NOMXNTISEKNI,NASDAQ OMX Nordic Tele & InfoTech SEK Net Index,indices,us,True,NasdaqGIDS
I:NOMXNTP,NASDAQ OMX Nordic Transportation,indices,us,True,NasdaqGIDS
I:NOMXNTPGI,NASDAQ OMX Nordic Transportation Gross Index,indices,us,True,NasdaqGIDS
I:NOMXNTPNI,NASDAQ OMX Nordic Transportation Net Index,indices,us,True,NasdaqGIDS
I:NOMXNTPSEK,NASDAQ OMX Nordic Transportation SEK,indices,us,True,NasdaqGIDS
I:NOMXNTPSEKGI,NASDAQ OMX Nordic Transportation SEK Gross Index,indices,us,True,NasdaqGIDS
I:NOMXNTPSEKNI,NASDAQ OMX Nordic Transportation SEK Net Index,indices,us,True,NasdaqGIDS
I:NOMXSCSEGI,NASDAQ OMX Small Cap Sweden GI,indices,us,True,NasdaqGIDS
I:NOMXSCSENI,NASDAQ OMX Small Cap Sweden NI,indices,us,True,NasdaqGIDS
I:NOMXSCSEPI,NASDAQ OMX Small Cap Sweden PI,indices,us,True,NasdaqGIDS
I:NOVZIV,TrueShares Structured Outcome (November) ETF Intraday Indicative Value,indices,us,True,CboeGlobalIndicesINAV
I:NPI,Nasdaq Innovative Pharmaceutica,indices,us,True,NasdaqGIDS
I:NPIN,Nasdaq Innovative Pharmaceutica,indices,us,True,NasdaqGIDS
I:NPIT,Nasdaq Innovative Pharmaceutica,indices,us,True,NasdaqGIDS
I:NQ10HANDLL,Nasdaq 10HANDL PR Index,indices,us,True,NasdaqGIDS
I:NQ10HANDLLE,10HANDL Price Excess Return Index (PER),indices,us,True,NasdaqGIDS
I:NQ10HANDLNL,Nasdaq 10HANDL NTR Index,indices,us,True,NasdaqGIDS
I:NQ10HANDLNLE,10HANDL Net Excess Return Index (NER),indices,us,True,NasdaqGIDS
I:NQ10HANDLTL,Nasdaq 10HANDL Index,indices,us,True,NasdaqGIDS
I:NQ10HANDLTLE,10HANDL Total Excess Return Index (TER),indices,us,True,NasdaqGIDS
I:NQ2045,Nasdaq Singularity Index,indices,us,True,NasdaqGIDS
I:NQ2045N,Nasdaq Singularity Net Total Return Index,indices,us,True,NasdaqGIDS
I:NQ2045T,Nasdaq Singularity Total Return Index,indices,us,True,NasdaqGIDS
I:NQ5HANDL,Nasdaq 5HANDL Index,indices,us,True,NasdaqGIDS
I:NQ5HANDLE,Nasdaq 5HANDL PER Index,indices,us,True,NasdaqGIDS
I:NQ5HANDLN,Nasdaq 5HANDL NTR Index,indices,us,True,NasdaqGIDS
I:NQ5HANDLNE,Nasdaq 5HANDL NER Index,indices,us,True,NasdaqGIDS
I:NQ5HANDLT,Nasdaq 5HANDL TR Index,indices,us,True,NasdaqGIDS
I:NQ5HANDLTE,Nasdaq 5HANDL TER Index,indices,us,True,NasdaqGIDS
I:NQ7HANDL,Nasdaq HANDL Base Index,indices,us,True,NasdaqGIDS
I:NQ7HANDLL,Nasdaq 7HANDL PR Index,indices,us,True,NasdaqGIDS
I:NQ7HANDLLE,Nasdaq 7HANDL PER Index,indices,us,True,NasdaqGIDS
I:NQ7HANDLN,Nasdaq 7HANDL Base NTR Index,indices,us,True,NasdaqGIDS
I:NQ7HANDLNL,Nasdaq 7HANDL NTR Return Index,indices,us,True,NasdaqGIDS
I:NQ7HANDLNLE,Nasdaq 7HANDL NER Index,indices,us,True,NasdaqGIDS
I:NQ7HANDLT,Nasdaq HANDL Base TR Index,indices,us,True,NasdaqGIDS
I:NQ7HANDLTL,Nasdaq 7HANDL Index,indices,us,True,NasdaqGIDS
I:NQ7HANDLTLE,Nasdaq 7HANDL TER Index,indices,us,True,NasdaqGIDS
I:NQ96DIVUS,NASDAQ Technology Dividend Index,indices,us,True,NasdaqGIDS
I:NQ96DIVUSX,NASDAQ Technology Dividend TR Index,indices,us,True,NasdaqGIDS
I:NQADA,Nasdaq Cardano Reference Price,indices,us,True,NasdaqGIDS
I:NQASIA,NASDAQ Asia Index,indices,us,True,NasdaqGIDS
I:NQASIA10,Nasdaq Asia Technology Index,indices,us,True,NasdaqGIDS
I:NQASIA10LM,Nasdaq Asia Technology Large Mid Cap Index,indices,us,True,NasdaqGIDS
I:NQASIA10LMN,Nasdaq Asia Technology Large Mid Cap NTR Index,indices,us,True,NasdaqGIDS
I:NQASIA10LMT,Nasdaq Asia Technology Large Mid Cap TR Index,indices,us,True,NasdaqGIDS
I:NQASIA10N,Nasdaq Asia Technology NTR Index,indices,us,True,NasdaqGIDS
I:NQASIA10T,Nasdaq Asia Technology TR Index,indices,us,True,NasdaqGIDS
I:NQASIA15,Nasdaq Asia Telecommunications Index,indices,us,True,NasdaqGIDS
I:NQASIA15LM,Nasdaq Asia Telecommunications Large Mid Cap Index,indices,us,True,NasdaqGIDS
I:NQASIA15LMN,Nasdaq Asia Telecommunications Large Mid Cap NTR Index,indices,us,True,NasdaqGIDS
I:NQASIA15LMT,Nasdaq Asia Telecommunications Large Mid Cap TR Index,indices,us,True,NasdaqGIDS
I:NQASIA15N,Nasdaq Asia Telecommunications NTR Index,indices,us,True,NasdaqGIDS
I:NQASIA15T,Nasdaq Asia Telecommunications TR Index,indices,us,True,NasdaqGIDS
I:NQASIA20,NASDAQ Asia Health Care Index,indices,us,True,NasdaqGIDS
I:NQASIA20LM,Nasdaq Asia Health Care Large Mid Cap Index,indices,us,True,NasdaqGIDS
I:NQASIA20LMN,NASDAQ Asia Health Care Large Mid Cap NTR Index,indices,us,True,NasdaqGIDS
I:NQASIA20LMT,NASDAQ Asia Health Care Large Mid Cap TR Index,indices,us,True,NasdaqGIDS
I:NQASIA20N,NASDAQ Asia Health Care NTR Index,indices,us,True,NasdaqGIDS
I:NQASIA20T,NASDAQ Asia Health Care TR Index,indices,us,True,NasdaqGIDS
I:NQASIA30,NASDAQ Asia Financials Index,indices,us,True,NasdaqGIDS
I:NQASIA30LM,Nasdaq Asia Financials Large Mid Cap Index,indices,us,True,NasdaqGIDS
I:NQASIA30LMN,NASDAQ Asia Financials Large Mid Cap NTR Index,indices,us,True,NasdaqGIDS
I:NQASIA30LMT,NASDAQ Asia Financials Large Mid Cap TR Index,indices,us,True,NasdaqGIDS
I:NQASIA30N,NASDAQ Asia Financials NTR Index,indices,us,True,NasdaqGIDS
I:NQASIA30T,NASDAQ Asia Financials TR Index,indices,us,True,NasdaqGIDS
I:NQASIA35,Nasdaq Asia Real Estate Index,indices,us,True,NasdaqGIDS
I:NQASIA35LM,Nasdaq Asia Real Estate Large Mid Cap Index,indices,us,True,NasdaqGIDS
I:NQASIA35LMN,Nasdaq Asia Real Estate Large Mid Cap NTR Index,indices,us,True,NasdaqGIDS
I:NQASIA35LMT,Nasdaq Asia Real Estate Large Mid Cap TR Index,indices,us,True,NasdaqGIDS
I:NQASIA35N,Nasdaq Asia Real Estate NTR Index,indices,us,True,NasdaqGIDS
I:NQASIA35T,Nasdaq Asia Real Estate TR Index,indices,us,True,NasdaqGIDS
I:NQASIA40,Nasdaq Asia Consumer Discretionary Index,indices,us,True,NasdaqGIDS
I:NQASIA40LM,Nasdaq Asia Consumer Discretionary Large Mid Cap Index,indices,us,True,NasdaqGIDS
I:NQASIA40LMN,Nasdaq Asia Consumer Discretionary Large Mid Cap NTR Index,indices,us,True,NasdaqGIDS
I:NQASIA40LMT,Nasdaq Asia Consumer Discretionary Large Mid Cap TR Index,indices,us,True,NasdaqGIDS
I:NQASIA40N,Nasdaq Asia Consumer Discretionary NTR Index,indices,us,True,NasdaqGIDS
I:NQASIA40T,Nasdaq Asia Consumer Discretionary TR Index,indices,us,True,NasdaqGIDS
I:NQASIA45,Nasdaq Asia Consumer Staples Index,indices,us,True,NasdaqGIDS
I:NQASIA45LM,Nasdaq Asia Consumer Staples Large Mid Cap Index,indices,us,True,NasdaqGIDS
I:NQASIA45LMN,Nasdaq Asia Consumer Staples Large Mid Cap NTR Index,indices,us,True,NasdaqGIDS
I:NQASIA45LMT,Nasdaq Asia Consumer Staples Large Mid Cap TR Index,indices,us,True,NasdaqGIDS
I:NQASIA45N,Nasdaq Asia Consumer Staples NTR Index,indices,us,True,NasdaqGIDS
I:NQASIA45T,Nasdaq Asia Consumer Staples TR Index,indices,us,True,NasdaqGIDS
I:NQASIA50,Nasdaq Asia Industrials Index,indices,us,True,NasdaqGIDS
I:NQASIA50LM,Nasdaq Asia Industrials Large Mid Cap Index,indices,us,True,NasdaqGIDS
I:NQASIA50LMN,Nasdaq Asia Industrials Large Mid Cap NTR Index,indices,us,True,NasdaqGIDS
I:NQASIA50LMT,Nasdaq Asia Industrials Large Mid Cap TR Index,indices,us,True,NasdaqGIDS
I:NQASIA50N,Nasdaq Asia Industrials NTR Index,indices,us,True,NasdaqGIDS
I:NQASIA50T,Nasdaq Asia Industrials TR Index,indices,us,True,NasdaqGIDS
I:NQASIA55,Nasdaq Asia Basic Materials Index,indices,us,True,NasdaqGIDS
I:NQASIA55LM,Nasdaq Asia Basic Materials Large Mid Cap Index,indices,us,True,NasdaqGIDS
I:NQASIA55LMN,Nasdaq Asia Basic Materials Large Mid Cap NTR Index,indices,us,True,NasdaqGIDS
I:NQASIA55LMT,Nasdaq Asia Basic Materials Large Mid Cap TR Index,indices,us,True,NasdaqGIDS
I:NQASIA55N,Nasdaq Asia Basic Materials NTR Index,indices,us,True,NasdaqGIDS
I:NQASIA55T,Nasdaq Asia Basic Materials TR Index,indices,us,True,NasdaqGIDS
I:NQASIA60,Nasdaq Asia Energy Index,indices,us,True,NasdaqGIDS
I:NQASIA60LM,Nasdaq Asia Energy Large Mid Cap Index,indices,us,True,NasdaqGIDS
I:NQASIA60LMN,Nasdaq Asia Energy Large Mid Cap NTR Index,indices,us,True,NasdaqGIDS
I:NQASIA60LMT,Nasdaq Asia Energy Large Mid Cap TR Index,indices,us,True,NasdaqGIDS
I:NQASIA60N,Nasdaq Asia Energy NTR Index,indices,us,True,NasdaqGIDS
I:NQASIA60T,Nasdaq Asia Energy TR Index,indices,us,True,NasdaqGIDS
I:NQASIA65,NASDAQ Asia Utilities Index,indices,us,True,NasdaqGIDS
I:NQASIA65LM,Nasdaq Asia Utilities Large Mid Cap Index,indices,us,True,NasdaqGIDS
I:NQASIA65LMN,NASDAQ Asia Utilities Large Mid Cap NTR Index,indices,us,True,NasdaqGIDS
I:NQASIA65LMT,NASDAQ Asia Utilities Large Mid Cap TR Index,indices,us,True,NasdaqGIDS
I:NQASIA65N,NASDAQ Asia Utilities NTR Index,indices,us,True,NasdaqGIDS
I:NQASIA65T,NASDAQ Asia Utilities TR Index,indices,us,True,NasdaqGIDS
I:NQASIALM,NASDAQ Asia Large Mid Cap Index,indices,us,True,NasdaqGIDS
I:NQASIALMN,NASDAQ Asia Large Mid Cap NTR Index,indices,us,True,NasdaqGIDS
I:NQASIALMT,NASDAQ Asia Large Mid Cap TR Index,indices,us,True,NasdaqGIDS
I:NQASIAN,NASDAQ Asia NTR Index,indices,us,True,NasdaqGIDS
I:NQASIAT,NASDAQ Asia TR Index,indices,us,True,NasdaqGIDS
I:NQASPA,NASDAQ ASPA Index,indices,us,True,NasdaqGIDS
I:NQASPA10,Nasdaq ASPA Technology Index,indices,us,True,NasdaqGIDS
I:NQASPA10LM,Nasdaq ASPA Technology Large Mid Cap Index,indices,us,True,NasdaqGIDS
I:NQASPA10LMN,Nasdaq ASPA Technology Large Mid Cap NTR Index,indices,us,True,NasdaqGIDS
I:NQASPA10LMT,Nasdaq ASPA Technology Large Mid Cap TR Index,indices,us,True,NasdaqGIDS
I:NQASPA10N,Nasdaq ASPA Technology NTR Index,indices,us,True,NasdaqGIDS
I:NQASPA10T,Nasdaq ASPA Technology TR Index,indices,us,True,NasdaqGIDS
I:NQASPA15,Nasdaq ASPA Telecommunications Index,indices,us,True,NasdaqGIDS
I:NQASPA15LM,Nasdaq ASPA Telecommunications Large Mid Cap Index,indices,us,True,NasdaqGIDS
I:NQASPA15LMN,Nasdaq ASPA Telecommunications Large Mid Cap NTR Index,indices,us,True,NasdaqGIDS
I:NQASPA15LMT,Nasdaq ASPA Telecommunications Large Mid Cap TR Index,indices,us,True,NasdaqGIDS
I:NQASPA15N,Nasdaq ASPA Telecommunications NTR Index,indices,us,True,NasdaqGIDS
I:NQASPA15T,Nasdaq ASPA Telecommunications TR Index,indices,us,True,NasdaqGIDS
I:NQASPA20,NASDAQ ASPA Health Care Index,indices,us,True,NasdaqGIDS
I:NQASPA20LM,Nasdaq ASPA Health Care Large Mid Cap Index,indices,us,True,NasdaqGIDS
I:NQASPA20LMN,NASDAQ ASPA Health Care Large Mid Cap NTR Index,indices,us,True,NasdaqGIDS
I:NQASPA20LMT,NASDAQ ASPA Health Care Large Mid Cap TR Index,indices,us,True,NasdaqGIDS
I:NQASPA20N,NASDAQ ASPA Health Care NTR Index,indices,us,True,NasdaqGIDS
I:NQASPA20T,NASDAQ ASPA Health Care TR Index,indices,us,True,NasdaqGIDS
I:NQASPA30,NASDAQ ASPA Financials Index,indices,us,True,NasdaqGIDS
I:NQASPA3010,NASDAQ ASPA Banks Index,indices,us,True,NasdaqGIDS
I:NQASPA3010LM,Nasdaq ASPA Banks Large Mid Cap Index,indices,us,True,NasdaqGIDS
I:NQASPA3010LMN,NASDAQ ASPA Banks Large Mid Cap NTR Index,indices,us,True,NasdaqGIDS
I:NQASPA3010LMT,NASDAQ ASPA Banks Large Mid Cap TR Index,indices,us,True,NasdaqGIDS
I:NQASPA3010N,NASDAQ ASPA Banks NTR Index,indices,us,True,NasdaqGIDS
I:NQASPA3010T,NASDAQ ASPA Banks TR Index,indices,us,True,NasdaqGIDS
I:NQASPA3020,Nasdaq ASPA Financial Services Index,indices,us,True,NasdaqGIDS
I:NQASPA3020LM,Nasdaq ASPA Financial Services Large Mid Cap Index,indices,us,True,NasdaqGIDS
I:NQASPA3020LMN,Nasdaq ASPA Financial Services Large Mid Cap NTR Index,indices,us,True,NasdaqGIDS
I:NQASPA3020LMT,Nasdaq ASPA Financial Services Large Mid Cap TR Index,indices,us,True,NasdaqGIDS
I:NQASPA3020N,Nasdaq ASPA Financial Services NTR Index,indices,us,True,NasdaqGIDS
I:NQASPA3020T,Nasdaq ASPA Financial Services TR Index,indices,us,True,NasdaqGIDS
I:NQASPA3030,Nasdaq ASPA Insurance Index,indices,us,True,NasdaqGIDS
I:NQASPA3030LM,Nasdaq ASPA Insurance Large Mid Cap Index,indices,us,True,NasdaqGIDS
I:NQASPA3030LMN,Nasdaq ASPA Insurance Large Mid Cap NTR Index,indices,us,True,NasdaqGIDS
I:NQASPA3030LMT,Nasdaq ASPA Insurance Large Mid Cap TR Index,indices,us,True,NasdaqGIDS
I:NQASPA3030N,Nasdaq ASPA Insurance NTR Index,indices,us,True,NasdaqGIDS
I:NQASPA3030T,Nasdaq ASPA Insurance TR Index,indices,us,True,NasdaqGIDS
I:NQASPA30LM,Nasdaq ASPA Financials Large Mid Cap Index,indices,us,True,NasdaqGIDS
I:NQASPA30LMN,NASDAQ ASPA Financials Large Mid Cap NTR Index,indices,us,True,NasdaqGIDS
I:NQASPA30LMT,NASDAQ ASPA Financials Large Mid Cap TR Index,indices,us,True,NasdaqGIDS
I:NQASPA30N,NASDAQ ASPA Financials NTR Index,indices,us,True,NasdaqGIDS
I:NQASPA30T,NASDAQ ASPA Financials TR Index,indices,us,True,NasdaqGIDS
I:NQASPA35,NASDAQ ASPA Real Estate Index,indices,us,True,NasdaqGIDS
I:NQASPA35LM,Nasdaq ASPA Real Estate Large Mid Cap Index,indices,us,True,NasdaqGIDS
I:NQASPA35LMN,NASDAQ ASPA Real Estate Large Mid Cap NTR Index,indices,us,True,NasdaqGIDS
I:NQASPA35LMT,NASDAQ ASPA Real Estate Large Mid Cap TR Index,indices,us,True,NasdaqGIDS
I:NQASPA35N,NASDAQ ASPA Real Estate NTR Index,indices,us,True,NasdaqGIDS
I:NQASPA35T,NASDAQ ASPA Real Estate TR Index,indices,us,True,NasdaqGIDS
I:NQASPA40,Nasdaq ASPA Consumer Discretionary Index,indices,us,True,NasdaqGIDS
I:NQASPA4010,Nasdaq ASPA Automobiles and Parts Index,indices,us,True,NasdaqGIDS
I:NQASPA4010LM,Nasdaq ASPA Automobiles and Parts Large Mid Cap Index,indices,us,True,NasdaqGIDS
I:NQASPA4010LMN,Nasdaq ASPA Automobiles and Parts Large Mid Cap NTR Index,indices,us,True,NasdaqGIDS
I:NQASPA4010LMT,Nasdaq ASPA Automobiles and Parts Large Mid Cap TR Index,indices,us,True,NasdaqGIDS
I:NQASPA4010N,Nasdaq ASPA Automobiles and Parts NTR Index,indices,us,True,NasdaqGIDS
I:NQASPA4010T,Nasdaq ASPA Automobiles and Parts TR Index,indices,us,True,NasdaqGIDS
I:NQASPA4020,Nasdaq ASPA Consumer Products and Services Index,indices,us,True,NasdaqGIDS
I:NQASPA4020LM,Nasdaq ASPA Consumer Products and Services Large Mid Cap Index,indices,us,True,NasdaqGIDS
I:NQASPA4020LMN,Nasdaq ASPA Consumer Products and Services Large Mid Cap NTR Index,indices,us,True,NasdaqGIDS
I:NQASPA4020LMT,Nasdaq ASPA Consumer Products and Services Large Mid Cap TR Index,indices,us,True,NasdaqGIDS
I:NQASPA4020N,Nasdaq ASPA Consumer Products and Services NTR Index,indices,us,True,NasdaqGIDS
I:NQASPA4020T,Nasdaq ASPA Consumer Products and Services TR Index,indices,us,True,NasdaqGIDS
I:NQASPA4030,NASDAQ ASPA Media Index,indices,us,True,NasdaqGIDS
I:NQASPA4030LM,Nasdaq ASPA Media Large Mid Cap Index,indices,us,True,NasdaqGIDS
I:NQASPA4030LMN,NASDAQ ASPA Media Large Mid Cap NTR Index,indices,us,True,NasdaqGIDS
I:NQASPA4030LMT,NASDAQ ASPA Media Large Mid Cap TR Index,indices,us,True,NasdaqGIDS
I:NQASPA4030N,NASDAQ ASPA Media NTR Index,indices,us,True,NasdaqGIDS
I:NQASPA4030T,NASDAQ ASPA Media TR Index,indices,us,True,NasdaqGIDS
I:NQASPA4040,NASDAQ ASPA Retail Index,indices,us,True,NasdaqGIDS
I:NQASPA4040LM,Nasdaq ASPA Retail Large Mid Cap Index,indices,us,True,NasdaqGIDS
I:NQASPA4040LMN,NASDAQ ASPA Retail Large Mid Cap NTR Index,indices,us,True,NasdaqGIDS
I:NQASPA4040LMT,NASDAQ ASPA Retail Large Mid Cap TR Index,indices,us,True,NasdaqGIDS
I:NQASPA4040N,NASDAQ ASPA Retail NTR Index,indices,us,True,NasdaqGIDS
I:NQASPA4040T,NASDAQ ASPA Retail TR Index,indices,us,True,NasdaqGIDS
I:NQASPA4050,Nasdaq ASPA Travel and Leisure Index,indices,us,True,NasdaqGIDS
I:NQASPA4050LM,Nasdaq ASPA Travel and Leisure Large Mid Cap Index,indices,us,True,NasdaqGIDS
I:NQASPA4050LMN,Nasdaq ASPA Travel and Leisure Large Mid Cap NTR Index,indices,us,True,NasdaqGIDS
I:NQASPA4050LMT,Nasdaq ASPA Travel and Leisure Large Mid Cap TR Index,indices,us,True,NasdaqGIDS
I:NQASPA4050N,Nasdaq ASPA Travel and Leisure NTR Index,indices,us,True,NasdaqGIDS
I:NQASPA4050T,Nasdaq ASPA Travel and Leisure TR Index,indices,us,True,NasdaqGIDS
I:NQASPA40LM,Nasdaq ASPA Consumer Discretionary Large Mid Cap Index,indices,us,True,NasdaqGIDS
I:NQASPA40LMN,Nasdaq ASPA Consumer Discretionary Large Mid Cap NTR Index,indices,us,True,NasdaqGIDS
I:NQASPA40LMT,Nasdaq ASPA Consumer Discretionary Large Mid Cap TR Index,indices,us,True,NasdaqGIDS
I:NQASPA40N,Nasdaq ASPA Consumer Discretionary NTR Index,indices,us,True,NasdaqGIDS
I:NQASPA40T,Nasdaq ASPA Consumer Discretionary TR Index,indices,us,True,NasdaqGIDS
I:NQASPA45,Nasdaq ASPA Consumer Staples Index,indices,us,True,NasdaqGIDS
I:NQASPA4510,"Nasdaq ASPA Food, Beverage and Tobacco Index",indices,us,True,NasdaqGIDS
I:NQASPA4510LM,"Nasdaq ASPA Food, Beverage and Tobacco Large Mid Cap Index",indices,us,True,NasdaqGIDS
I:NQASPA4510LMN,"Nasdaq ASPA Food, Beverage and Tobacco Large Mid Cap NTR Index",indices,us,True,NasdaqGIDS
I:NQASPA4510LMT,"Nasdaq ASPA Food, Beverage and Tobacco Large Mid Cap TR Index",indices,us,True,NasdaqGIDS
I:NQASPA4510N,"Nasdaq ASPA Food, Beverage and Tobacco NTR Index",indices,us,True,NasdaqGIDS
I:NQASPA4510T,"Nasdaq ASPA Food, Beverage and Tobacco TR Index",indices,us,True,NasdaqGIDS
I:NQASPA4520,"Nasdaq ASPA Personal Care, Drug and Grocery Stores Index",indices,us,True,NasdaqGIDS
I:NQASPA4520LM,"Nasdaq ASPA Personal Care, Drug and Grocery Stores Large Mid Cap Index",indices,us,True,NasdaqGIDS
I:NQASPA4520LMN,"Nasdaq ASPA Personal Care, Drug and Grocery Stores Large Mid Cap NTR Index",indices,us,True,NasdaqGIDS
I:NQASPA4520LMT,"Nasdaq ASPA Personal Care, Drug and Grocery Stores Large Mid Cap TR Index",indices,us,True,NasdaqGIDS
I:NQASPA4520N,"Nasdaq ASPA Personal Care, Drug and Grocery Stores NTR Index",indices,us,True,NasdaqGIDS
I:NQASPA4520T,"Nasdaq ASPA Personal Care, Drug and Grocery Stores TR Index",indices,us,True,NasdaqGIDS
I:NQASPA45LM,Nasdaq ASPA Consumer Staples Large Mid Cap Index,indices,us,True,NasdaqGIDS
I:NQASPA45LMN,Nasdaq ASPA Consumer Staples Large Mid Cap NTR Index,indices,us,True,NasdaqGIDS
I:NQASPA45LMT,Nasdaq ASPA Consumer Staples Large Mid Cap TR Index,indices,us,True,NasdaqGIDS
I:NQASPA45N,Nasdaq ASPA Consumer Staples NTR Index,indices,us,True,NasdaqGIDS
I:NQASPA45T,Nasdaq ASPA Consumer Staples TR Index,indices,us,True,NasdaqGIDS
I:NQASPA50,Nasdaq ASPA Industrials Index,indices,us,True,NasdaqGIDS
I:NQASPA5010,Nasdaq ASPA Construction and Materials Index,indices,us,True,NasdaqGIDS
I:NQASPA5010LM,Nasdaq ASPA Construction and Materials Large Mid Cap Index,indices,us,True,NasdaqGIDS
I:NQASPA5010LMN,Nasdaq ASPA Construction and Materials Large Mid Cap NTR Index,indices,us,True,NasdaqGIDS
I:NQASPA5010LMT,Nasdaq ASPA Construction and Materials Large Mid Cap TR Index,indices,us,True,NasdaqGIDS
I:NQASPA5010N,Nasdaq ASPA Construction and Materials NTR Index,indices,us,True,NasdaqGIDS
I:NQASPA5010T,Nasdaq ASPA Construction and Materials TR Index,indices,us,True,NasdaqGIDS
I:NQASPA5020,Nasdaq ASPA Industrial Goods and Services Index,indices,us,True,NasdaqGIDS
I:NQASPA5020LM,Nasdaq ASPA Industrial Goods and Services Large Mid Cap Index,indices,us,True,NasdaqGIDS
I:NQASPA5020LMN,Nasdaq ASPA Industrial Goods and Services Large Mid Cap NTR Index,indices,us,True,NasdaqGIDS
I:NQASPA5020LMT,Nasdaq ASPA Industrial Goods and Services Large Mid Cap TR Index,indices,us,True,NasdaqGIDS
I:NQASPA5020N,Nasdaq ASPA Industrial Goods and Services NTR Index,indices,us,True,NasdaqGIDS
I:NQASPA5020T,Nasdaq ASPA Industrial Goods and Services TR Index,indices,us,True,NasdaqGIDS
I:NQASPA50LM,Nasdaq ASPA Industrials Large Mid Cap Index,indices,us,True,NasdaqGIDS
I:NQASPA50LMN,Nasdaq ASPA Industrials Large Mid Cap NTR Index,indices,us,True,NasdaqGIDS
I:NQASPA50LMT,Nasdaq ASPA Industrials Large Mid Cap TR Index,indices,us,True,NasdaqGIDS
I:NQASPA50N,Nasdaq ASPA Industrials NTR Index,indices,us,True,NasdaqGIDS
I:NQASPA50T,Nasdaq ASPA Industrials TR Index,indices,us,True,NasdaqGIDS
I:NQASPA55,Nasdaq ASPA Basic Materials Index,indices,us,True,NasdaqGIDS
I:NQASPA5510,NASDAQ ASPA Basic Resources Index,indices,us,True,NasdaqGIDS
I:NQASPA5510LM,Nasdaq ASPA Basic Resources Large Mid Cap Index,indices,us,True,NasdaqGIDS
I:NQASPA5510LMN,Nasdaq ASPA Basic Resources Large Mid Cap NTR Index,indices,us,True,NasdaqGIDS
I:NQASPA5510LMT,Nasdaq ASPA Basic Resources Large Mid Cap TR Index,indices,us,True,NasdaqGIDS
I:NQASPA5510N,NASDAQ ASPA Basic Resources NTR Index,indices,us,True,NasdaqGIDS
I:NQASPA5510T,NASDAQ ASPA Basic Resources TR Index,indices,us,True,NasdaqGIDS
I:NQASPA5520,NASDAQ ASPA Chemicals Index,indices,us,True,NasdaqGIDS
I:NQASPA5520LM,Nasdaq ASPA Chemicals Large Mid Cap Index,indices,us,True,NasdaqGIDS
I:NQASPA5520LMN,NASDAQ ASPA Chemicals Large Mid Cap NTR Index,indices,us,True,NasdaqGIDS
I:NQASPA5520LMT,NASDAQ ASPA Chemicals Large Mid Cap TR Index,indices,us,True,NasdaqGIDS
I:NQASPA5520N,NASDAQ ASPA Chemicals NTR Index,indices,us,True,NasdaqGIDS
I:NQASPA5520T,NASDAQ ASPA Chemicals TR Index,indices,us,True,NasdaqGIDS
I:NQASPA55LM,Nasdaq ASPA Basic Materials Large Mid Cap Index,indices,us,True,NasdaqGIDS
I:NQASPA55LMN,Nasdaq ASPA Basic Materials Large Mid Cap NTR Index,indices,us,True,NasdaqGIDS
I:NQASPA55LMT,Nasdaq ASPA Basic Materials Large Mid Cap TR Index,indices,us,True,NasdaqGIDS
I:NQASPA55N,Nasdaq ASPA Basic Materials NTR Index,indices,us,True,NasdaqGIDS
I:NQASPA55T,Nasdaq ASPA Basic Materials TR Index,indices,us,True,NasdaqGIDS
I:NQASPA60,Nasdaq ASPA Energy Index,indices,us,True,NasdaqGIDS
I:NQASPA60LM,Nasdaq ASPA Energy Large Mid Cap Index,indices,us,True,NasdaqGIDS
I:NQASPA60LMN,Nasdaq ASPA Energy Large Mid Cap NTR Index,indices,us,True,NasdaqGIDS
I:NQASPA60LMT,Nasdaq ASPA Energy Large Mid Cap TR Index,indices,us,True,NasdaqGIDS
I:NQASPA60N,Nasdaq ASPA Energy NTR Index,indices,us,True,NasdaqGIDS
I:NQASPA60T,Nasdaq ASPA Energy TR Index,indices,us,True,NasdaqGIDS
I:NQASPA65,NASDAQ ASPA Utilities Index,indices,us,True,NasdaqGIDS
I:NQASPA65LM,Nasdaq ASPA Utilities Large Mid Cap Index,indices,us,True,NasdaqGIDS
I:NQASPA65LMN,NASDAQ ASPA Utilities Large Mid Cap NTR Index,indices,us,True,NasdaqGIDS
I:NQASPA65LMT,NASDAQ ASPA Utilities Large Mid Cap TR Index,indices,us,True,NasdaqGIDS
I:NQASPA65N,NASDAQ ASPA Utilities NTR Index,indices,us,True,NasdaqGIDS
I:NQASPA65T,NASDAQ ASPA Utilities TR Index,indices,us,True,NasdaqGIDS
I:NQASPALC,NASDAQ ASPA Large Cap Index,indices,us,True,NasdaqGIDS
I:NQASPALCN,NASDAQ ASPA Large Cap NTR Index,indices,us,True,NasdaqGIDS
I:NQASPALCT,NASDAQ ASPA Large Cap TR Index,indices,us,True,NasdaqGIDS
I:NQASPALM,NASDAQ ASPA Large Mid Cap Index,indices,us,True,NasdaqGIDS
I:NQASPALMN,NASDAQ ASPA Large Mid Cap NTR Index,indices,us,True,NasdaqGIDS
I:NQASPALMT,NASDAQ ASPA Large Mid Cap TR Index,indices,us,True,NasdaqGIDS
I:NQASPAMC,NASDAQ ASPA Mid Cap Index,indices,us,True,NasdaqGIDS
I:NQASPAMCN,NASDAQ ASPA Mid Cap NTR Index,indices,us,True,NasdaqGIDS
I:NQASPAMCT,NASDAQ ASPA Mid Cap TR Index,indices,us,True,NasdaqGIDS
I:NQASPAN,NASDAQ ASPA NTR Index,indices,us,True,NasdaqGIDS
I:NQASPASC,NASDAQ ASPA Small Cap Index,indices,us,True,NasdaqGIDS
I:NQASPASCN,NASDAQ ASPA Small Cap NTR Index,indices,us,True,NasdaqGIDS
I:NQASPASCT,NASDAQ ASPA Small Cap TR Index,indices,us,True,NasdaqGIDS
I:NQASPAT,NASDAQ ASPA TR Index,indices,us,True,NasdaqGIDS
I:NQASPAXJP,NASDAQ ASPA Ex Japan Index,indices,us,True,NasdaqGIDS
I:NQASPAXJPLM,NASDAQ ASPA Ex Japan Large Mid Cap Index,indices,us,True,NasdaqGIDS
I:NQASPAXJPLMN,NASDAQ ASPA Ex Japan Large Mid Cap NTR Index,indices,us,True,NasdaqGIDS
I:NQASPAXJPLMT,NASDAQ ASPA Ex Japan Large Mid Cap TR Index,indices,us,True,NasdaqGIDS
I:NQASPAXJPN,NASDAQ ASPA Ex Japan NTR Index,indices,us,True,NasdaqGIDS
I:NQASPAXJPT,NASDAQ ASPA Ex Japan TR Index,indices,us,True,NasdaqGIDS
I:NQAT,NASDAQ Austria Index,indices,us,True,NasdaqGIDS
I:NQAT30,NASDAQ Austria Financials Index,indices,us,True,NasdaqGIDS
I:NQAT30N,NASDAQ Austria Financials NTR Index,indices,us,True,NasdaqGIDS
I:NQAT30T,NASDAQ Austria Financials TR Index,indices,us,True,NasdaqGIDS
I:NQAT50,Nasdaq Austria Industrials Index,indices,us,True,NasdaqGIDS
I:NQAT50N,Nasdaq Austria Industrials NTR Index,indices,us,True,NasdaqGIDS
I:NQAT50T,Nasdaq Austria Industrials TR Index,indices,us,True,NasdaqGIDS
I:NQATLM,NASDAQ Austria Large Mid Cap Index,indices,us,True,NasdaqGIDS
I:NQATLMN,NASDAQ Austria Large Mid Cap NTR Index,indices,us,True,NasdaqGIDS
I:NQATLMT,NASDAQ Austria Large Mid Cap TR Index,indices,us,True,NasdaqGIDS
I:NQATMC,NASDAQ Austria Mid Cap Index,indices,us,True,NasdaqGIDS
I:NQATMCN,NASDAQ Austria Mid Cap NTR Index,indices,us,True,NasdaqGIDS
I:NQATMCT,NASDAQ Austria Mid Cap TR Index,indices,us,True,NasdaqGIDS
I:NQATN,NASDAQ Austria NTR Index,indices,us,True,NasdaqGIDS
I:NQATSC,NASDAQ Austria Small Cap Index,indices,us,True,NasdaqGIDS
I:NQATSCN,NASDAQ Austria Small Cap NTR Index,indices,us,True,NasdaqGIDS
I:NQATSCT,NASDAQ Austria Small Cap TR Index,indices,us,True,NasdaqGIDS
I:NQATT,NASDAQ Austria TR Index,indices,us,True,NasdaqGIDS
I:NQAU,NASDAQ Australia Index,indices,us,True,NasdaqGIDS
I:NQAU10,Nasdaq Australia Technology Index,indices,us,True,NasdaqGIDS
I:NQAU10N,Nasdaq Australia Technology NTR Index,indices,us,True,NasdaqGIDS
I:NQAU10T,Nasdaq Australia Technology TR Index,indices,us,True,NasdaqGIDS
I:NQAU15,Nasdaq Australia Telecommunications Index,indices,us,True,NasdaqGIDS
I:NQAU15N,Nasdaq Australia Telecommunications NTR Index,indices,us,True,NasdaqGIDS
I:NQAU15T,Nasdaq Australia Telecommunications TR Index,indices,us,True,NasdaqGIDS
I:NQAU20,NASDAQ Australia Health Care Index,indices,us,True,NasdaqGIDS
I:NQAU20LM,Nasdaq Australia Health Care Large Mid Cap Index,indices,us,True,NasdaqGIDS
I:NQAU20LMN,Nasdaq Australia Health Care Large Mid Cap NTR Index,indices,us,True,NasdaqGIDS
I:NQAU20LMT,Nasdaq Australia Health Care Large Mid Cap TR Index,indices,us,True,NasdaqGIDS
I:NQAU20N,NASDAQ Australia Health Care NTR Index,indices,us,True,NasdaqGIDS
I:NQAU20T,NASDAQ Australia Health Care TR Index,indices,us,True,NasdaqGIDS
I:NQAU30,NASDAQ Australia Financials Index,indices,us,True,NasdaqGIDS
I:NQAU30LM,Nasdaq Australia Financials Large Mid Cap Index,indices,us,True,NasdaqGIDS
I:NQAU30LMN,Nasdaq Australia Financials Large Mid Cap NTR Index,indices,us,True,NasdaqGIDS
I:NQAU30LMT,Nasdaq Australia Financials Large Mid Cap TR Index,indices,us,True,NasdaqGIDS
I:NQAU30N,NASDAQ Australia Financials NTR Index,indices,us,True,NasdaqGIDS
I:NQAU30T,NASDAQ Australia Financials TR Index,indices,us,True,NasdaqGIDS
I:NQAU35,Nasdaq Australia Real Estate Index,indices,us,True,NasdaqGIDS
I:NQAU35LM,Nasdaq Australia Real Estate Large Mid Cap Index,indices,us,True,NasdaqGIDS
I:NQAU35LMN,Nasdaq Australia Real Estate Large Mid Cap NTR Index,indices,us,True,NasdaqGIDS
I:NQAU35LMT,Nasdaq Australia Real Estate Large Mid Cap TR Index,indices,us,True,NasdaqGIDS
I:NQAU35N,Nasdaq Australia Real Estate NTR Index,indices,us,True,NasdaqGIDS
I:NQAU35T,Nasdaq Australia Real Estate TR Index,indices,us,True,NasdaqGIDS
I:NQAU40,Nasdaq Australia Consumer Discretionary Index,indices,us,True,NasdaqGIDS
I:NQAU40LM,Nasdaq Australia Consumer Discretionary Large Mid Cap Index,indices,us,True,NasdaqGIDS
I:NQAU40LMN,Nasdaq Australia Consumer Discretionary Large Mid Cap NTR Index,indices,us,True,NasdaqGIDS
I:NQAU40LMT,Nasdaq Australia Consumer Discretionary Large Mid Cap TR Index,indices,us,True,NasdaqGIDS
I:NQAU40N,Nasdaq Australia Consumer Discretionary NTR Index,indices,us,True,NasdaqGIDS
I:NQAU40T,Nasdaq Australia Consumer Discretionary TR Index,indices,us,True,NasdaqGIDS
I:NQAU45,Nasdaq Australia Consumer Staples Index,indices,us,True,NasdaqGIDS
I:NQAU45N,Nasdaq Australia Consumer Staples NTR Index,indices,us,True,NasdaqGIDS
I:NQAU45T,Nasdaq Australia Consumer Staples TR Index,indices,us,True,NasdaqGIDS
I:NQAU50,Nasdaq Australia Industrials Index,indices,us,True,NasdaqGIDS
I:NQAU50LM,Nasdaq Australia Industrials Large Mid Cap Index,indices,us,True,NasdaqGIDS
I:NQAU50LMN,Nasdaq Australia Industrials Large Mid Cap NTR Index,indices,us,True,NasdaqGIDS
I:NQAU50LMT,Nasdaq Australia Industrials Large Mid Cap TR Index,indices,us,True,NasdaqGIDS
I:NQAU50N,Nasdaq Australia Industrials NTR Index,indices,us,True,NasdaqGIDS
I:NQAU50T,Nasdaq Australia Industrials TR Index,indices,us,True,NasdaqGIDS
I:NQAU55,Nasdaq Australia Basic Materials Index,indices,us,True,NasdaqGIDS
I:NQAU55LM,Nasdaq Australia Basic Materials Large Mid Cap Index,indices,us,True,NasdaqGIDS
I:NQAU55LMN,Nasdaq Australia Basic Materials Large Mid Cap NTR Index,indices,us,True,NasdaqGIDS
I:NQAU55LMT,Nasdaq Australia Basic Materials Large Mid Cap TR Index,indices,us,True,NasdaqGIDS
I:NQAU55N,Nasdaq Australia Basic Materials NTR Index,indices,us,True,NasdaqGIDS
I:NQAU55T,Nasdaq Australia Basic Materials TR Index,indices,us,True,NasdaqGIDS
I:NQAU60,Nasdaq Australia Energy Index,indices,us,True,NasdaqGIDS
I:NQAU60LM,Nasdaq Australia Energy Large Mid Cap Index,indices,us,True,NasdaqGIDS
I:NQAU60LMN,Nasdaq Australia Energy Large Mid Cap NTR Index,indices,us,True,NasdaqGIDS
I:NQAU60LMT,Nasdaq Australia Energy Large Mid Cap TR Index,indices,us,True,NasdaqGIDS
I:NQAU60N,Nasdaq Australia Energy NTR Index,indices,us,True,NasdaqGIDS
I:NQAU60T,Nasdaq Australia Energy TR Index,indices,us,True,NasdaqGIDS
I:NQAU65,NASDAQ Australia Utilities Index,indices,us,True,NasdaqGIDS
I:NQAU65LM,Nasdaq Australia Utilities Large Mid Cap Index,indices,us,True,NasdaqGIDS
I:NQAU65LMN,NASDAQ Australia Utilities Large Mid Cap NTR Index,indices,us,True,NasdaqGIDS
I:NQAU65LMT,NASDAQ Australia Utilities Large Mid Cap TR Index,indices,us,True,NasdaqGIDS
I:NQAU65N,NASDAQ Australia Utilities NTR Index,indices,us,True,NasdaqGIDS
I:NQAU65T,NASDAQ Australia Utilities TR Index,indices,us,True,NasdaqGIDS
I:NQAULC,NASDAQ Australia Large Cap Index,indices,us,True,NasdaqGIDS
I:NQAULCN,NASDAQ Australia Large Cap NTR Index,indices,us,True,NasdaqGIDS
I:NQAULCT,NASDAQ Australia Large Cap TR Index,indices,us,True,NasdaqGIDS
I:NQAULM,NASDAQ Australia Large Mid Cap Index,indices,us,True,NasdaqGIDS
I:NQAULMN,NASDAQ Australia Large Mid Cap NTR Index,indices,us,True,NasdaqGIDS
I:NQAULMT,NASDAQ Australia Large Mid Cap TR Index,indices,us,True,NasdaqGIDS
I:NQAUMC,NASDAQ Australia Mid Cap Index,indices,us,True,NasdaqGIDS
I:NQAUMCN,NASDAQ Australia Mid Cap NTR Index,indices,us,True,NasdaqGIDS
I:NQAUMCT,NASDAQ Australia Mid Cap TR Index,indices,us,True,NasdaqGIDS
I:NQAUN,NASDAQ Australia NTR Index,indices,us,True,NasdaqGIDS
I:NQAUSC,NASDAQ Australia Small Cap Index,indices,us,True,NasdaqGIDS
I:NQAUSCN,NASDAQ Australia Small Cap NTR Index,indices,us,True,NasdaqGIDS
I:NQAUSCT,NASDAQ Australia Small Cap TR Index,indices,us,True,NasdaqGIDS
I:NQAUT,NASDAQ Australia TR Index,indices,us,True,NasdaqGIDS
I:NQAVAX,Nasdaq Avalanche Reference Pric,indices,us,True,NasdaqGIDS
I:NQBE,NASDAQ Belgium Index,indices,us,True,NasdaqGIDS
I:NQBE20,NASDAQ Belgium Health Care Index,indices,us,True,NasdaqGIDS
I:NQBE20N,NASDAQ Belgium Health Care NTR Index,indices,us,True,NasdaqGIDS
I:NQBE20T,NASDAQ Belgium Health Care TR Index,indices,us,True,NasdaqGIDS
I:NQBE30,NASDAQ Belgium Financials Index,indices,us,True,NasdaqGIDS
I:NQBE30LM,Nasdaq Belgium Financials Large Mid Cap Index,indices,us,True,NasdaqGIDS
I:NQBE30LMN,NASDAQ Belgium Financials Large Mid Cap NTR Index,indices,us,True,NasdaqGIDS
I:NQBE30LMT,NASDAQ Belgium Financials Large Mid Cap TR Index,indices,us,True,NasdaqGIDS
I:NQBE30N,NASDAQ Belgium Financials NTR Index,indices,us,True,NasdaqGIDS
I:NQBE30T,NASDAQ Belgium Financials TR Index,indices,us,True,NasdaqGIDS
I:NQBE35,Nasdaq Belgium Real Estate Index,indices,us,True,NasdaqGIDS
I:NQBE35N,Nasdaq Belgium Real Estate NTR Index,indices,us,True,NasdaqGIDS
I:NQBE35T,Nasdaq Belgium Real Estate TR Index,indices,us,True,NasdaqGIDS
I:NQBE50,Nasdaq Belgium Industrials Index,indices,us,True,NasdaqGIDS
I:NQBE50N,Nasdaq Belgium Industrials NTR Index,indices,us,True,NasdaqGIDS
I:NQBE50T,Nasdaq Belgium Industrials TR Index,indices,us,True,NasdaqGIDS
I:NQBE55,Nasdaq Belgium Basic Materials Index,indices,us,True,NasdaqGIDS
I:NQBE55N,Nasdaq Belgium Basic Materials NTR Index,indices,us,True,NasdaqGIDS
I:NQBE55T,Nasdaq Belgium Basic Materials TR Index,indices,us,True,NasdaqGIDS
I:NQBELC,NASDAQ Belgium Large Cap Index,indices,us,True,NasdaqGIDS
I:NQBELCN,NASDAQ Belgium Large Cap NTR Index,indices,us,True,NasdaqGIDS
I:NQBELCT,NASDAQ Belgium Large Cap TR Index,indices,us,True,NasdaqGIDS
I:NQBELM,NASDAQ Belgium Large Mid Cap Index,indices,us,True,NasdaqGIDS
I:NQBELMN,NASDAQ Belgium Large Mid Cap NTR Index,indices,us,True,NasdaqGIDS
I:NQBELMT,NASDAQ Belgium Large Mid Cap TR Index,indices,us,True,NasdaqGIDS
I:NQBEMC,NASDAQ Belgium Mid Cap Index,indices,us,True,NasdaqGIDS
I:NQBEMCN,NASDAQ Belgium Mid Cap NTR Index,indices,us,True,NasdaqGIDS
I:NQBEMCT,NASDAQ Belgium Mid Cap TR Index,indices,us,True,NasdaqGIDS
I:NQBEN,NASDAQ Belgium NTR Index,indices,us,True,NasdaqGIDS
I:NQBESC,NASDAQ Belgium Small Cap Index,indices,us,True,NasdaqGIDS
I:NQBESCN,NASDAQ Belgium Small Cap NTR Index,indices,us,True,NasdaqGIDS
I:NQBESCT,NASDAQ Belgium Small Cap TR Index,indices,us,True,NasdaqGIDS
I:NQBET,NASDAQ Belgium TR Index,indices,us,True,NasdaqGIDS
I:NQBR,NASDAQ Brazil Index,indices,us,True,NasdaqGIDS
I:NQBR15,Nasdaq Brazil Telecommunications Index,indices,us,True,NasdaqGIDS
I:NQBR15N,Nasdaq Brazil Telecommunications NTR Index,indices,us,True,NasdaqGIDS
I:NQBR15T,Nasdaq Brazil Telecommunications TR Index,indices,us,True,NasdaqGIDS
I:NQBR20,NASDAQ Brazil Health Care Index,indices,us,True,NasdaqGIDS
I:NQBR20LM,Nasdaq Brazil Health Care Large Mid Cap Index,indices,us,True,NasdaqGIDS
I:NQBR20LMN,NASDAQ Brazil Health Care Large Mid Cap NTR Index,indices,us,True,NasdaqGIDS
I:NQBR20LMT,NASDAQ Brazil Health Care Large Mid Cap TR Index,indices,us,True,NasdaqGIDS
I:NQBR20N,NASDAQ Brazil Health Care NTR Index,indices,us,True,NasdaqGIDS
I:NQBR20T,NASDAQ Brazil Health Care TR Index,indices,us,True,NasdaqGIDS
I:NQBR30,NASDAQ Brazil Financials Index,indices,us,True,NasdaqGIDS
I:NQBR30LM,Nasdaq Brazil Financials Large Mid Cap Index,indices,us,True,NasdaqGIDS
I:NQBR30LMN,NASDAQ Brazil Financials Large Mid Cap NTR Index,indices,us,True,NasdaqGIDS
I:NQBR30LMT,NASDAQ Brazil Financials Large Mid Cap TR Index,indices,us,True,NasdaqGIDS
I:NQBR30N,NASDAQ Brazil Financials NTR Index,indices,us,True,NasdaqGIDS
I:NQBR30T,NASDAQ Brazil Financials TR Index,indices,us,True,NasdaqGIDS
I:NQBR35,Nasdaq Brazil Real Estate Index,indices,us,True,NasdaqGIDS
I:NQBR35N,Nasdaq Brazil Real Estate NTR Index,indices,us,True,NasdaqGIDS
I:NQBR35T,Nasdaq Brazil Real Estate TR Index,indices,us,True,NasdaqGIDS
I:NQBR40,Nasdaq Brazil Consumer Discretionary Index,indices,us,True,NasdaqGIDS
I:NQBR40LM,Nasdaq Brazil Consumer Discretionary Large Mid Cap Index,indices,us,True,NasdaqGIDS
I:NQBR40LMN,Nasdaq Brazil Consumer Discretionary Large Mid Cap NTR Index,indices,us,True,NasdaqGIDS
I:NQBR40LMT,Nasdaq Brazil Consumer Discretionary Large Mid Cap TR Index,indices,us,True,NasdaqGIDS
I:NQBR40N,Nasdaq Brazil Consumer Discretionary NTR Index,indices,us,True,NasdaqGIDS
I:NQBR40T,Nasdaq Brazil Consumer Discretionary TR Index,indices,us,True,NasdaqGIDS
I:NQBR45,Nasdaq Brazil Consumer Staples Index,indices,us,True,NasdaqGIDS
I:NQBR45LM,Nasdaq Brazil Consumer Staples Large Mid Cap Index,indices,us,True,NasdaqGIDS
I:NQBR45LMN,Nasdaq Brazil Consumer Staples Large Mid Cap NTR Index,indices,us,True,NasdaqGIDS
I:NQBR45LMT,Nasdaq Brazil Consumer Staples Large Mid Cap TR Index,indices,us,True,NasdaqGIDS
I:NQBR45N,Nasdaq Brazil Consumer Staples NTR Index,indices,us,True,NasdaqGIDS
I:NQBR45T,Nasdaq Brazil Consumer Staples TR Index,indices,us,True,NasdaqGIDS
I:NQBR50,Nasdaq Brazil Industrials Index,indices,us,True,NasdaqGIDS
I:NQBR50LM,Nasdaq Brazil Industrials Large Mid Cap Index,indices,us,True,NasdaqGIDS
I:NQBR50LMN,Nasdaq Brazil Industrials Large Mid Cap NTR Index,indices,us,True,NasdaqGIDS
I:NQBR50LMT,Nasdaq Brazil Industrials Large Mid Cap TR Index,indices,us,True,NasdaqGIDS
I:NQBR50N,Nasdaq Brazil Industrials NTR Index,indices,us,True,NasdaqGIDS
I:NQBR50T,Nasdaq Brazil Industrials TR Index,indices,us,True,NasdaqGIDS
I:NQBR55,Nasdaq Brazil Basic Materials Index,indices,us,True,NasdaqGIDS
I:NQBR55LM,Nasdaq Brazil Basic Materials Large Mid Cap Index,indices,us,True,NasdaqGIDS
I:NQBR55LMN,Nasdaq Brazil Basic Materials Large Mid Cap NTR Index,indices,us,True,NasdaqGIDS
I:NQBR55LMT,Nasdaq Brazil Basic Materials Large Mid Cap TR Index,indices,us,True,NasdaqGIDS
I:NQBR55N,Nasdaq Brazil Basic Materials NTR Index,indices,us,True,NasdaqGIDS
I:NQBR55T,Nasdaq Brazil Basic Materials TR Index,indices,us,True,NasdaqGIDS
I:NQBR60,Nasdaq Brazil Energy Index,indices,us,True,NasdaqGIDS
I:NQBR60LM,Nasdaq Brazil Energy Large Mid Cap Index,indices,us,True,NasdaqGIDS
I:NQBR60LMN,Nasdaq Brazil Energy Large Mid Cap NTR Index,indices,us,True,NasdaqGIDS
I:NQBR60LMT,Nasdaq Brazil Energy Large Mid Cap TR Index,indices,us,True,NasdaqGIDS
I:NQBR60N,Nasdaq Brazil Energy NTR Index,indices,us,True,NasdaqGIDS
I:NQBR60T,Nasdaq Brazil Energy TR Index,indices,us,True,NasdaqGIDS
I:NQBR65,NASDAQ Brazil Utilities Index,indices,us,True,NasdaqGIDS
I:NQBR65LM,Nasdaq Brazil Utilities Large Mid Cap Index,indices,us,True,NasdaqGIDS
I:NQBR65LMN,NASDAQ Brazil Utilities Large Mid Cap NTR Index,indices,us,True,NasdaqGIDS
I:NQBR65LMT,NASDAQ Brazil Utilities Large Mid Cap TR Index,indices,us,True,NasdaqGIDS
I:NQBR65N,NASDAQ Brazil Utilities NTR Index,indices,us,True,NasdaqGIDS
I:NQBR65T,NASDAQ Brazil Utilities TR Index,indices,us,True,NasdaqGIDS
I:NQBRAND,,indices,us,True,NasdaqGIDS
I:NQBRANDE,,indices,us,True,NasdaqGIDS
I:NQBRANDEN,,indices,us,True,NasdaqGIDS
I:NQBRANDET,,indices,us,True,NasdaqGIDS
I:NQBRANDN,,indices,us,True,NasdaqGIDS
I:NQBRANDT,,indices,us,True,NasdaqGIDS
I:NQBRIC,NASDAQ BRIC Index,indices,us,True,NasdaqGIDS
I:NQBRIC10,Nasdaq BRIC Technology Index,indices,us,True,NasdaqGIDS
I:NQBRIC10LM,Nasdaq BRIC Technology Large Mid Cap Index,indices,us,True,NasdaqGIDS
I:NQBRIC10LMN,Nasdaq BRIC Technology Large Mid Cap NTR Index,indices,us,True,NasdaqGIDS
I:NQBRIC10LMT,Nasdaq BRIC Technology Large Mid Cap TR Index,indices,us,True,NasdaqGIDS
I:NQBRIC10N,Nasdaq BRIC Technology NTR Index,indices,us,True,NasdaqGIDS
I:NQBRIC10T,Nasdaq BRIC Technology TR Index,indices,us,True,NasdaqGIDS
I:NQBRIC15,Nasdaq BRIC Telecommunications Index,indices,us,True,NasdaqGIDS
I:NQBRIC15LM,Nasdaq BRIC Telecommunications Large Mid Cap Index,indices,us,True,NasdaqGIDS
I:NQBRIC15LMN,Nasdaq BRIC Telecommunications Large Mid Cap NTR Index,indices,us,True,NasdaqGIDS
I:NQBRIC15LMT,Nasdaq BRIC Telecommunications Large Mid Cap TR Index,indices,us,True,NasdaqGIDS
I:NQBRIC15N,Nasdaq BRIC Telecommunications NTR Index,indices,us,True,NasdaqGIDS
I:NQBRIC15T,Nasdaq BRIC Telecommunications TR Index,indices,us,True,NasdaqGIDS
I:NQBRIC20,NASDAQ BRIC Health Care Index,indices,us,True,NasdaqGIDS
I:NQBRIC20LM,Nasdaq BRIC Health Care Large Mid Cap Index,indices,us,True,NasdaqGIDS
I:NQBRIC20LMN,NASDAQ BRIC Health Care Large Mid Cap NTR Index,indices,us,True,NasdaqGIDS
I:NQBRIC20LMT,NASDAQ BRIC Health Care Large Mid Cap TR Index,indices,us,True,NasdaqGIDS
I:NQBRIC20N,NASDAQ BRIC Health Care NTR Index,indices,us,True,NasdaqGIDS
I:NQBRIC20T,NASDAQ BRIC Health Care TR Index,indices,us,True,NasdaqGIDS
I:NQBRIC30,NASDAQ BRIC Financials Index,indices,us,True,NasdaqGIDS
I:NQBRIC30LM,Nasdaq BRIC Financials Large Mid Cap Index,indices,us,True,NasdaqGIDS
I:NQBRIC30LMN,NASDAQ BRIC Financials Large Mid Cap NTR Index,indices,us,True,NasdaqGIDS
I:NQBRIC30LMT,NASDAQ BRIC Financials Large Mid Cap TR Index,indices,us,True,NasdaqGIDS
I:NQBRIC30N,NASDAQ BRIC Financials NTR Index,indices,us,True,NasdaqGIDS
I:NQBRIC30T,NASDAQ BRIC Financials TR Index,indices,us,True,NasdaqGIDS
I:NQBRIC35,Nasdaq BRIC Real Estate Index,indices,us,True,NasdaqGIDS
I:NQBRIC35LM,Nasdaq BRIC Real Estate Large Mid Cap Index,indices,us,True,NasdaqGIDS
I:NQBRIC35LMN,Nasdaq BRIC Real Estate Large Mid Cap NTR Index,indices,us,True,NasdaqGIDS
I:NQBRIC35LMT,Nasdaq BRIC Real Estate Large Mid Cap TR Index,indices,us,True,NasdaqGIDS
I:NQBRIC35N,Nasdaq BRIC Real Estate NTR Index,indices,us,True,NasdaqGIDS
I:NQBRIC35T,Nasdaq BRIC Real Estate TR Index,indices,us,True,NasdaqGIDS
I:NQBRIC40,Nasdaq BRIC Consumer Discretionary Index,indices,us,True,NasdaqGIDS
I:NQBRIC40LM,Nasdaq BRIC Consumer Discretionary Large Mid Cap Index,indices,us,True,NasdaqGIDS
I:NQBRIC40LMN,Nasdaq BRIC Consumer Discretionary Large Mid Cap NTR Index,indices,us,True,NasdaqGIDS
I:NQBRIC40LMT,Nasdaq BRIC Consumer Discretionary Large Mid Cap TR Index,indices,us,True,NasdaqGIDS
I:NQBRIC40N,Nasdaq BRIC Consumer Discretionary NTR Index,indices,us,True,NasdaqGIDS
I:NQBRIC40T,Nasdaq BRIC Consumer Discretionary TR Index,indices,us,True,NasdaqGIDS
I:NQBRIC45,Nasdaq BRIC Consumer Staples Index,indices,us,True,NasdaqGIDS
I:NQBRIC45LM,Nasdaq BRIC Consumer Staples Large Mid Cap Index,indices,us,True,NasdaqGIDS
I:NQBRIC45LMN,Nasdaq BRIC Consumer Staples Large Mid Cap NTR Index,indices,us,True,NasdaqGIDS
I:NQBRIC45LMT,Nasdaq BRIC Consumer Staples Large Mid Cap TR Index,indices,us,True,NasdaqGIDS
I:NQBRIC45N,Nasdaq BRIC Consumer Staples NTR Index,indices,us,True,NasdaqGIDS
I:NQBRIC45T,Nasdaq BRIC Consumer Staples TR Index,indices,us,True,NasdaqGIDS
I:NQBRIC50,Nasdaq BRIC Industrials Index,indices,us,True,NasdaqGIDS
I:NQBRIC50LM,Nasdaq BRIC Industrials Large Mid Cap Index,indices,us,True,NasdaqGIDS
I:NQBRIC50LMN,Nasdaq BRIC Industrials Large Mid Cap NTR Index,indices,us,True,NasdaqGIDS
I:NQBRIC50LMT,Nasdaq BRIC Industrials Large Mid Cap TR Index,indices,us,True,NasdaqGIDS
I:NQBRIC50N,Nasdaq BRIC Industrials NTR Index,indices,us,True,NasdaqGIDS
I:NQBRIC50T,Nasdaq BRIC Industrials TR Index,indices,us,True,NasdaqGIDS
I:NQBRIC55,Nasdaq BRIC Basic Materials Index,indices,us,True,NasdaqGIDS
I:NQBRIC55LM,Nasdaq BRIC Basic Materials Large Mid Cap Index,indices,us,True,NasdaqGIDS
I:NQBRIC55LMN,Nasdaq BRIC Basic Materials Large Mid Cap NTR Index,indices,us,True,NasdaqGIDS
I:NQBRIC55LMT,Nasdaq BRIC Basic Materials Large Mid Cap TR Index,indices,us,True,NasdaqGIDS
I:NQBRIC55N,Nasdaq BRIC Basic Materials NTR Index,indices,us,True,NasdaqGIDS
I:NQBRIC55T,Nasdaq BRIC Basic Materials TR Index,indices,us,True,NasdaqGIDS
I:NQBRIC60,Nasdaq BRIC Energy Index,indices,us,True,NasdaqGIDS
I:NQBRIC60LM,Nasdaq BRIC Energy Large Mid Cap Index,indices,us,True,NasdaqGIDS
I:NQBRIC60LMN,Nasdaq BRIC Energy Large Mid Cap NTR Index,indices,us,True,NasdaqGIDS
I:NQBRIC60LMT,Nasdaq BRIC Energy Large Mid Cap TR Index,indices,us,True,NasdaqGIDS
I:NQBRIC60N,Nasdaq BRIC Energy NTR Index,indices,us,True,NasdaqGIDS
I:NQBRIC60T,Nasdaq BRIC Energy TR Index,indices,us,True,NasdaqGIDS
I:NQBRIC65,NASDAQ BRIC Utilities Index,indices,us,True,NasdaqGIDS
I:NQBRIC65LM,Nasdaq BRIC Utilities Large Mid Cap Index,indices,us,True,NasdaqGIDS
I:NQBRIC65LMN,NASDAQ BRIC Utilities Large Mid Cap NTR Index,indices,us,True,NasdaqGIDS
I:NQBRIC65LMT,NASDAQ BRIC Utilities Large Mid Cap TR Index,indices,us,True,NasdaqGIDS
I:NQBRIC65N,NASDAQ BRIC Utilities NTR Index,indices,us,True,NasdaqGIDS
I:NQBRIC65T,NASDAQ BRIC Utilities TR Index,indices,us,True,NasdaqGIDS
I:NQBRICLM,NASDAQ BRIC Large Mid Cap Index,indices,us,True,NasdaqGIDS
I:NQBRICLMN,NASDAQ BRIC Large Mid Cap NTR Index,indices,us,True,NasdaqGIDS
I:NQBRICLMT,NASDAQ BRIC Large Mid Cap TR Index,indices,us,True,NasdaqGIDS
I:NQBRICN,NASDAQ BRIC NTR Index,indices,us,True,NasdaqGIDS
I:NQBRICT,NASDAQ BRIC TR Index,indices,us,True,NasdaqGIDS
I:NQBRLC,NASDAQ Brazil Large Cap Index,indices,us,True,NasdaqGIDS
I:NQBRLCN,NASDAQ Brazil Large Cap NTR Index,indices,us,True,NasdaqGIDS
I:NQBRLCT,NASDAQ Brazil Large Cap TR Index,indices,us,True,NasdaqGIDS
I:NQBRLM,NASDAQ Brazil Large Mid Cap Index,indices,us,True,NasdaqGIDS
I:NQBRLMN,NASDAQ Brazil Large Mid Cap NTR Index,indices,us,True,NasdaqGIDS
I:NQBRLMT,NASDAQ Brazil Large Mid Cap TR Index,indices,us,True,NasdaqGIDS
I:NQBRMC,NASDAQ Brazil Mid Cap Index,indices,us,True,NasdaqGIDS
I:NQBRMCN,NASDAQ Brazil Mid Cap NTR Index,indices,us,True,NasdaqGIDS
I:NQBRMCT,NASDAQ Brazil Mid Cap TR Index,indices,us,True,NasdaqGIDS
I:NQBRN,NASDAQ Brazil NTR Index,indices,us,True,NasdaqGIDS
I:NQBRSC,NASDAQ Brazil Small Cap Index,indices,us,True,NasdaqGIDS
I:NQBRSCN,NASDAQ Brazil Small Cap NTR Index,indices,us,True,NasdaqGIDS
I:NQBRSCT,NASDAQ Brazil Small Cap TR Index,indices,us,True,NasdaqGIDS
I:NQBRT,NASDAQ Brazil TR Index,indices,us,True,NasdaqGIDS
I:NQBTC,Nasdaq Bitcoin Reference Price,indices,us,True,NasdaqGIDS
I:NQCA,NASDAQ Canada Index,indices,us,True,NasdaqGIDS
I:NQCA10,Nasdaq Canada Technology Index,indices,us,True,NasdaqGIDS
I:NQCA10LM,Nasdaq Canada Technology Large Mid Cap Index,indices,us,True,NasdaqGIDS
I:NQCA10LMN,Nasdaq Canada Technology Large Mid Cap NTR Index,indices,us,True,NasdaqGIDS
I:NQCA10LMT,Nasdaq Canada Technology Large Mid Cap TR Index,indices,us,True,NasdaqGIDS
I:NQCA10N,Nasdaq Canada Technology NTR Index,indices,us,True,NasdaqGIDS
I:NQCA10T,Nasdaq Canada Technology TR Index,indices,us,True,NasdaqGIDS
I:NQCA15,Nasdaq Canada Telecommunications Index,indices,us,True,NasdaqGIDS
I:NQCA15N,Nasdaq Canada Telecommunications NTR Index,indices,us,True,NasdaqGIDS
I:NQCA15T,Nasdaq Canada Telecommunications TR Index,indices,us,True,NasdaqGIDS
I:NQCA20,NASDAQ Canada Health Care Index,indices,us,True,NasdaqGIDS
I:NQCA20N,NASDAQ Canada Health Care NTR Index,indices,us,True,NasdaqGIDS
I:NQCA20T,NASDAQ Canada Health Care TR Index,indices,us,True,NasdaqGIDS
I:NQCA30,NASDAQ Canada Financials Index,indices,us,True,NasdaqGIDS
I:NQCA30LM,Nasdaq Canada Financials Large Mid Cap Index,indices,us,True,NasdaqGIDS
I:NQCA30LMN,NASDAQ Canada Financials Large Mid Cap NTR Index,indices,us,True,NasdaqGIDS
I:NQCA30LMT,NASDAQ Canada Financials Large Mid Cap TR Index,indices,us,True,NasdaqGIDS
I:NQCA30N,NASDAQ Canada Financials NTR Index,indices,us,True,NasdaqGIDS
I:NQCA30T,NASDAQ Canada Financials TR Index,indices,us,True,NasdaqGIDS
I:NQCA35,Nasdaq Canada Real Estate Index,indices,us,True,NasdaqGIDS
I:NQCA35LM,Nasdaq Canada Real Estate Large Mid Cap Index,indices,us,True,NasdaqGIDS
I:NQCA35LMN,Nasdaq Canada Real Estate Large Mid Cap NTR Index,indices,us,True,NasdaqGIDS
I:NQCA35LMT,Nasdaq Canada Real Estate Large Mid Cap TR Index,indices,us,True,NasdaqGIDS
I:NQCA35N,Nasdaq Canada Real Estate NTR Index,indices,us,True,NasdaqGIDS
I:NQCA35T,Nasdaq Canada Real Estate TR Index,indices,us,True,NasdaqGIDS
I:NQCA40,Nasdaq Canada Consumer Discretionary Index,indices,us,True,NasdaqGIDS
I:NQCA40LM,Nasdaq Canada Consumer Discretionary Large Mid Cap Index,indices,us,True,NasdaqGIDS
I:NQCA40LMN,Nasdaq Canada Consumer Discretionary Large Mid Cap NTR Index,indices,us,True,NasdaqGIDS
I:NQCA40LMT,Nasdaq Canada Consumer Discretionary Large Mid Cap TR Index,indices,us,True,NasdaqGIDS
I:NQCA40N,Nasdaq Canada Consumer Discretionary NTR Index,indices,us,True,NasdaqGIDS
I:NQCA40T,Nasdaq Canada Consumer Discretionary TR Index,indices,us,True,NasdaqGIDS
I:NQCA45,Nasdaq Canada Consumer Staples Index,indices,us,True,NasdaqGIDS
I:NQCA45LM,Nasdaq Canada Consumer Staples Large Mid Cap Index,indices,us,True,NasdaqGIDS
I:NQCA45LMN,Nasdaq Canada Consumer Staples Large Mid Cap NTR Index,indices,us,True,NasdaqGIDS
I:NQCA45LMT,Nasdaq Canada Consumer Staples Large Mid Cap TR Index,indices,us,True,NasdaqGIDS
I:NQCA45N,Nasdaq Canada Consumer Staples NTR Index,indices,us,True,NasdaqGIDS
I:NQCA45T,Nasdaq Canada Consumer Staples TR Index,indices,us,True,NasdaqGIDS
I:NQCA50,Nasdaq Canada Industrials Index,indices,us,True,NasdaqGIDS
I:NQCA50LM,Nasdaq Canada Industrials Large Mid Cap Index,indices,us,True,NasdaqGIDS
I:NQCA50LMN,Nasdaq Canada Industrials Large Mid Cap NTR Index,indices,us,True,NasdaqGIDS
I:NQCA50LMT,Nasdaq Canada Industrials Large Mid Cap TR Index,indices,us,True,NasdaqGIDS
I:NQCA50N,Nasdaq Canada Industrials NTR Index,indices,us,True,NasdaqGIDS
I:NQCA50T,Nasdaq Canada Industrials TR Index,indices,us,True,NasdaqGIDS
I:NQCA55,Nasdaq Canada Basic Materials Index,indices,us,True,NasdaqGIDS
I:NQCA55LM,Nasdaq Canada Basic Materials Large Mid Cap Index,indices,us,True,NasdaqGIDS
I:NQCA55LMN,Nasdaq Canada Basic Materials Large Mid Cap NTR Index,indices,us,True,NasdaqGIDS
I:NQCA55LMT,Nasdaq Canada Basic Materials Large Mid Cap TR Index,indices,us,True,NasdaqGIDS
I:NQCA55N,Nasdaq Canada Basic Materials NTR Index,indices,us,True,NasdaqGIDS
I:NQCA55T,Nasdaq Canada Basic Materials TR Index,indices,us,True,NasdaqGIDS
I:NQCA60,Nasdaq Canada Energy Index,indices,us,True,NasdaqGIDS
I:NQCA60LM,Nasdaq Canada Energy Large Mid Cap Index,indices,us,True,NasdaqGIDS
I:NQCA60LMN,Nasdaq Canada Energy Large Mid Cap NTR Index,indices,us,True,NasdaqGIDS
I:NQCA60LMT,Nasdaq Canada Energy Large Mid Cap TR Index,indices,us,True,NasdaqGIDS
I:NQCA60N,Nasdaq Canada Energy NTR Index,indices,us,True,NasdaqGIDS
I:NQCA60T,Nasdaq Canada Energy TR Index,indices,us,True,NasdaqGIDS
I:NQCA65,NASDAQ Canada Utilities Index,indices,us,True,NasdaqGIDS
I:NQCA65LM,Nasdaq Canada Utilities Large Mid Cap Index,indices,us,True,NasdaqGIDS
I:NQCA65LMN,NASDAQ Canada Utilities Large Mid Cap NTR Index,indices,us,True,NasdaqGIDS
I:NQCA65LMT,NASDAQ Canada Utilities Large Mid Cap TR Index,indices,us,True,NasdaqGIDS
I:NQCA65N,NASDAQ Canada Utilities NTR Index,indices,us,True,NasdaqGIDS
I:NQCA65T,NASDAQ Canada Utilities TR Index,indices,us,True,NasdaqGIDS
I:NQCADIV,NASDAQ Select Canadian Dividend Index,indices,us,True,NasdaqGIDS
I:NQCADIVT,NASDAQ Select Canadian Dividend Index TR,indices,us,True,NasdaqGIDS
I:NQCALC,NASDAQ Canada Large Cap Index,indices,us,True,NasdaqGIDS
I:NQCALCN,NASDAQ Canada Large Cap NTR Index,indices,us,True,NasdaqGIDS
I:NQCALCT,NASDAQ Canada Large Cap TR Index,indices,us,True,NasdaqGIDS
I:NQCALM,NASDAQ Canada Large Mid Cap Index,indices,us,True,NasdaqGIDS
I:NQCALMN,NASDAQ Canada Large Mid Cap NTR Index,indices,us,True,NasdaqGIDS
I:NQCALMT,NASDAQ Canada Large Mid Cap TR Index,indices,us,True,NasdaqGIDS
I:NQCAMC,NASDAQ Canada Mid Cap Index,indices,us,True,NasdaqGIDS
I:NQCAMCN,NASDAQ Canada Mid Cap NTR Index,indices,us,True,NasdaqGIDS
I:NQCAMCT,NASDAQ Canada Mid Cap TR Index,indices,us,True,NasdaqGIDS
I:NQCAN,NASDAQ Canada NTR Index,indices,us,True,NasdaqGIDS
I:NQCAPSG,The Growth Strength Index,indices,us,True,NasdaqGIDS
I:NQCAPSGDMEU,,indices,us,True,NasdaqGIDS
I:NQCAPSGDMEUE,,indices,us,True,NasdaqGIDS
I:NQCAPSGDMEUEN,,indices,us,True,NasdaqGIDS
I:NQCAPSGDMEUET,,indices,us,True,NasdaqGIDS
I:NQCAPSGDMEUN,,indices,us,True,NasdaqGIDS
I:NQCAPSGDMEUT,,indices,us,True,NasdaqGIDS
I:NQCAPSGN,The Growth Strength Net Total Return Index,indices,us,True,NasdaqGIDS
I:NQCAPSGSM,The SMID Growth Strength Index,indices,us,True,NasdaqGIDS
I:NQCAPSGSMN,The SMID Growth Strength Net To,indices,us,True,NasdaqGIDS
I:NQCAPSGSMT,The SMID Growth Strength Total,indices,us,True,NasdaqGIDS
I:NQCAPSGT,The Growth Strength Total Return Index,indices,us,True,NasdaqGIDS
I:NQCAPST,The Capital Strength Index,indices,us,True,NasdaqGIDS
I:NQCAPSTDMEU,,indices,us,True,NasdaqGIDS
I:NQCAPSTDMEUE,,indices,us,True,NasdaqGIDS
I:NQCAPSTDMEUEN,,indices,us,True,NasdaqGIDS
I:NQCAPSTDMEUET,,indices,us,True,NasdaqGIDS
I:NQCAPSTDMEUN,,indices,us,True,NasdaqGIDS
I:NQCAPSTDMEUT,,indices,us,True,NasdaqGIDS
I:NQCAPSTDMXUS,The International Developed Capital Strength Index,indices,us,True,NasdaqGIDS
I:NQCAPSTDMXUSN,The International Developed Capital Strength NTR,indices,us,True,NasdaqGIDS
I:NQCAPSTDMXUST,The International Developed Capital Strength TR,indices,us,True,NasdaqGIDS
I:NQCAPSTN,The Capital Strength Net Total Return Index,indices,us,True,NasdaqGIDS
I:NQCAPSTNF,NQCAPSTNF,indices,us,True,NasdaqGIDS
I:NQCAPSTSM,The SMID Capital Strength Index,indices,us,True,NasdaqGIDS
I:NQCAPSTSMN,The SMID Capital Strength Net T,indices,us,True,NasdaqGIDS
I:NQCAPSTSMT,The SMID Capital Strength Total,indices,us,True,NasdaqGIDS
I:NQCAPSTT,The Capital Strength Total Return Index,indices,us,True,NasdaqGIDS
I:NQCASC,NASDAQ Canada Small Cap Index,indices,us,True,NasdaqGIDS
I:NQCASCN,NASDAQ Canada Small Cap NTR Index,indices,us,True,NasdaqGIDS
I:NQCASCT,NASDAQ Canada Small Cap TR Index,indices,us,True,NasdaqGIDS
I:NQCASH,NASDAQ US T-Bill Index,indices,us,True,NasdaqGIDS
I:NQCASH2,NASDAQ US T-Bill V2 Index,indices,us,True,NasdaqGIDS
I:NQCAT,NASDAQ Canada TR Index,indices,us,True,NasdaqGIDS
I:NQCH,NASDAQ Switzerland Index,indices,us,True,NasdaqGIDS
I:NQCH10,Nasdaq Switzerland Technology Index,indices,us,True,NasdaqGIDS
I:NQCH10N,Nasdaq Switzerland Technology NTR Index,indices,us,True,NasdaqGIDS
I:NQCH10T,Nasdaq Switzerland Technology TR Index,indices,us,True,NasdaqGIDS
I:NQCH20,NASDAQ Switzerland Health Care Index,indices,us,True,NasdaqGIDS
I:NQCH20LM,Nasdaq Switzerland Health Care Large Mid Cap Index,indices,us,True,NasdaqGIDS
I:NQCH20LMN,Nasdaq Switzerland Health Care Large Mid Cap NTR Index,indices,us,True,NasdaqGIDS
I:NQCH20LMT,Nasdaq Switzerland Health Care Large Mid Cap TR Index,indices,us,True,NasdaqGIDS
I:NQCH20N,NASDAQ Switzerland Health Care NTR Index,indices,us,True,NasdaqGIDS
I:NQCH20T,NASDAQ Switzerland Health Care TR Index,indices,us,True,NasdaqGIDS
I:NQCH30,NASDAQ Switzerland Financials Index,indices,us,True,NasdaqGIDS
I:NQCH30LM,Nasdaq Switzerland Financials Large Mid Cap Index,indices,us,True,NasdaqGIDS
I:NQCH30LMN,Nasdaq Switzerland Financials Large Mid Cap NTR Index,indices,us,True,NasdaqGIDS
I:NQCH30LMT,Nasdaq Switzerland Financials Large Mid Cap TR Index,indices,us,True,NasdaqGIDS
I:NQCH30N,NASDAQ Switzerland Financials NTR Index,indices,us,True,NasdaqGIDS
I:NQCH30T,NASDAQ Switzerland Financials TR Index,indices,us,True,NasdaqGIDS
I:NQCH35,Nasdaq Switzerland Real Estate Index,indices,us,True,NasdaqGIDS
I:NQCH35N,Nasdaq Switzerland Real Estate NTR Index,indices,us,True,NasdaqGIDS
I:NQCH35T,Nasdaq Switzerland Real Estate TR Index,indices,us,True,NasdaqGIDS
I:NQCH40,Nasdaq Switzerland Consumer Discretionary Index,indices,us,True,NasdaqGIDS
I:NQCH40N,Nasdaq Switzerland Consumer Discretionary NTR Index,indices,us,True,NasdaqGIDS
I:NQCH40T,Nasdaq Switzerland Consumer Discretionary TR Index,indices,us,True,NasdaqGIDS
I:NQCH45,Nasdaq Switzerland Consumer Staples Index,indices,us,True,NasdaqGIDS
I:NQCH45LM,Nasdaq Switzerland Consumer Staples Large Mid Cap Index,indices,us,True,NasdaqGIDS
I:NQCH45LMN,Nasdaq Switzerland Consumer Staples Large Mid Cap NTR Index,indices,us,True,NasdaqGIDS
I:NQCH45LMT,Nasdaq Switzerland Consumer Staples Large Mid Cap TR Index,indices,us,True,NasdaqGIDS
I:NQCH45N,Nasdaq Switzerland Consumer Staples NTR Index,indices,us,True,NasdaqGIDS
I:NQCH45T,Nasdaq Switzerland Consumer Staples TR Index,indices,us,True,NasdaqGIDS
I:NQCH50,Nasdaq Switzerland Industrials Index,indices,us,True,NasdaqGIDS
I:NQCH50LM,Nasdaq Switzerland Industrials Large Mid Cap Index,indices,us,True,NasdaqGIDS
I:NQCH50LMN,Nasdaq Switzerland Industrials Large Mid Cap NTR Index,indices,us,True,NasdaqGIDS
I:NQCH50LMT,Nasdaq Switzerland Industrials Large Mid Cap TR Index,indices,us,True,NasdaqGIDS
I:NQCH50N,Nasdaq Switzerland Industrials NTR Index,indices,us,True,NasdaqGIDS
I:NQCH50T,Nasdaq Switzerland Industrials TR Index,indices,us,True,NasdaqGIDS
I:NQCH55,Nasdaq Switzerland Basic Materials Index,indices,us,True,NasdaqGIDS
I:NQCH55N,Nasdaq Switzerland Basic Materials NTR Index,indices,us,True,NasdaqGIDS
I:NQCH55T,Nasdaq Switzerland Basic Materials TR Index,indices,us,True,NasdaqGIDS
I:NQCHLC,NASDAQ Switzerland Large Cap Index,indices,us,True,NasdaqGIDS
I:NQCHLCN,NASDAQ Switzerland Large Cap NTR Index,indices,us,True,NasdaqGIDS
I:NQCHLCT,NASDAQ Switzerland Large Cap TR Index,indices,us,True,NasdaqGIDS
I:NQCHLM,NASDAQ Switzerland Large Mid Cap Index,indices,us,True,NasdaqGIDS
I:NQCHLMN,NASDAQ Switzerland Large Mid Cap NTR Index,indices,us,True,NasdaqGIDS
I:NQCHLMT,NASDAQ Switzerland Large Mid Cap TR Index,indices,us,True,NasdaqGIDS
I:NQCHMC,NASDAQ Switzerland Mid Cap Index,indices,us,True,NasdaqGIDS
I:NQCHMCN,NASDAQ Switzerland Mid Cap NTR Index,indices,us,True,NasdaqGIDS
I:NQCHMCT,NASDAQ Switzerland Mid Cap TR Index,indices,us,True,NasdaqGIDS
I:NQCHN,NASDAQ Switzerland NTR Index,indices,us,True,NasdaqGIDS
I:NQCHSC,NASDAQ Switzerland Small Cap Index,indices,us,True,NasdaqGIDS
I:NQCHSCN,NASDAQ Switzerland Small Cap NTR Index,indices,us,True,NasdaqGIDS
I:NQCHSCT,NASDAQ Switzerland Small Cap TR Index,indices,us,True,NasdaqGIDS
I:NQCHT,NASDAQ Switzerland TR Index,indices,us,True,NasdaqGIDS
I:NQCL,NASDAQ Chile Index,indices,us,True,NasdaqGIDS
I:NQCL30,NASDAQ Chile Financials Index,indices,us,True,NasdaqGIDS
I:NQCL30LM,Nasdaq Chile Financials Large Mid Cap Index,indices,us,True,NasdaqGIDS
I:NQCL30LMN,NASDAQ Chile Financials Large Mid Cap NTR Index,indices,us,True,NasdaqGIDS
I:NQCL30LMT,NASDAQ Chile Financials Large Mid Cap TR Index,indices,us,True,NasdaqGIDS
I:NQCL30N,NASDAQ Chile Financials NTR Index,indices,us,True,NasdaqGIDS
I:NQCL30T,NASDAQ Chile Financials TR Index,indices,us,True,NasdaqGIDS
I:NQCL40,Nasdaq Chile Consumer Discretionary Index,indices,us,True,NasdaqGIDS
I:NQCL40N,Nasdaq Chile Consumer Discretionary NTR Index,indices,us,True,NasdaqGIDS
I:NQCL40T,Nasdaq Chile Consumer Discretionary TR Index,indices,us,True,NasdaqGIDS
I:NQCL45,Nasdaq Chile Consumer Staples Index,indices,us,True,NasdaqGIDS
I:NQCL45N,Nasdaq Chile Consumer Staples NTR Index,indices,us,True,NasdaqGIDS
I:NQCL45T,Nasdaq Chile Consumer Staples TR Index,indices,us,True,NasdaqGIDS
I:NQCL50,Nasdaq Chile Industrials Index,indices,us,True,NasdaqGIDS
I:NQCL50N,Nasdaq Chile Industrials NTR Index,indices,us,True,NasdaqGIDS
I:NQCL50T,Nasdaq Chile Industrials TR Index,indices,us,True,NasdaqGIDS
I:NQCL65,NASDAQ Chile Utilities Index,indices,us,True,NasdaqGIDS
I:NQCL65LM,Nasdaq Chile Utilities Large Mid Cap Index,indices,us,True,NasdaqGIDS
I:NQCL65LMN,NASDAQ Chile Utilities Large Mid Cap NTR Index,indices,us,True,NasdaqGIDS
I:NQCL65LMT,NASDAQ Chile Utilities Large Mid Cap TR Index,indices,us,True,NasdaqGIDS
I:NQCL65N,NASDAQ Chile Utilities NTR Index,indices,us,True,NasdaqGIDS
I:NQCL65T,NASDAQ Chile Utilities TR Index,indices,us,True,NasdaqGIDS
I:NQCLLC,NASDAQ Chile Large Cap Index,indices,us,True,NasdaqGIDS
I:NQCLLCN,NASDAQ Chile Large Cap NTR Index,indices,us,True,NasdaqGIDS
I:NQCLLCT,NASDAQ Chile Large Cap TR Index,indices,us,True,NasdaqGIDS
I:NQCLLM,NASDAQ Chile Large Mid Cap Index,indices,us,True,NasdaqGIDS
I:NQCLLMN,NASDAQ Chile Large Mid Cap NTR Index,indices,us,True,NasdaqGIDS
I:NQCLLMT,NASDAQ Chile Large Mid Cap TR Index,indices,us,True,NasdaqGIDS
I:NQCLMC,NASDAQ Chile Mid Cap Index,indices,us,True,NasdaqGIDS
I:NQCLMCN,NASDAQ Chile Mid Cap NTR Index,indices,us,True,NasdaqGIDS
I:NQCLMCT,NASDAQ Chile Mid Cap TR Index,indices,us,True,NasdaqGIDS
I:NQCLN,NASDAQ Chile NTR Index,indices,us,True,NasdaqGIDS
I:NQCLRI,Nasdaq-100 Quarterly Collar 95-110 Index,indices,us,True,NasdaqGIDS
I:NQCLSC,NASDAQ Chile Small Cap Index,indices,us,True,NasdaqGIDS
I:NQCLSCN,NASDAQ Chile Small Cap NTR Index,indices,us,True,NasdaqGIDS
I:NQCLSCT,NASDAQ Chile Small Cap TR Index,indices,us,True,NasdaqGIDS
I:NQCLT,NASDAQ Chile TR Index,indices,us,True,NasdaqGIDS
I:NQCN,NASDAQ China Index,indices,us,True,NasdaqGIDS
I:NQCN10,Nasdaq China Technology Index,indices,us,True,NasdaqGIDS
I:NQCN10LM,Nasdaq China Technology Large Mid Cap Index,indices,us,True,NasdaqGIDS
I:NQCN10LMN,Nasdaq China Technology Large Mid Cap NTR Index,indices,us,True,NasdaqGIDS
I:NQCN10LMT,Nasdaq China Technology Large Mid Cap TR Index,indices,us,True,NasdaqGIDS
I:NQCN10N,Nasdaq China Technology NTR Index,indices,us,True,NasdaqGIDS
I:NQCN10T,Nasdaq China Technology TR Index,indices,us,True,NasdaqGIDS
I:NQCN20,NASDAQ China Health Care Index,indices,us,True,NasdaqGIDS
I:NQCN20LM,Nasdaq China Health Care Large Mid Cap Index,indices,us,True,NasdaqGIDS
I:NQCN20LMN,NASDAQ China Health Care Large Mid Cap NTR Index,indices,us,True,NasdaqGIDS
I:NQCN20LMT,NASDAQ China Health Care Large Mid Cap TR Index,indices,us,True,NasdaqGIDS
I:NQCN20N,NASDAQ China Health Care NTR Index,indices,us,True,NasdaqGIDS
I:NQCN20T,NASDAQ China Health Care TR Index,indices,us,True,NasdaqGIDS
I:NQCN30,NASDAQ China Financials Index,indices,us,True,NasdaqGIDS
I:NQCN30LM,Nasdaq China Financials Large Mid Cap Index,indices,us,True,NasdaqGIDS
I:NQCN30LMN,NASDAQ China Financials Large Mid Cap NTR Index,indices,us,True,NasdaqGIDS
I:NQCN30LMT,NASDAQ China Financials Large Mid Cap TR Index,indices,us,True,NasdaqGIDS
I:NQCN30N,NASDAQ China Financials NTR Index,indices,us,True,NasdaqGIDS
I:NQCN30T,NASDAQ China Financials TR Index,indices,us,True,NasdaqGIDS
I:NQCN35,Nasdaq China Real Estate Index,indices,us,True,NasdaqGIDS
I:NQCN35LM,Nasdaq China Real Estate Large Mid Cap Index,indices,us,True,NasdaqGIDS
I:NQCN35LMN,Nasdaq China Real Estate Large Mid Cap NTR Index,indices,us,True,NasdaqGIDS
I:NQCN35LMT,Nasdaq China Real Estate Large Mid Cap TR Index,indices,us,True,NasdaqGIDS
I:NQCN35N,Nasdaq China Real Estate NTR Index,indices,us,True,NasdaqGIDS
I:NQCN35T,Nasdaq China Real Estate TR Index,indices,us,True,NasdaqGIDS
I:NQCN40,Nasdaq China Consumer Discretionary Index,indices,us,True,NasdaqGIDS
I:NQCN40LM,Nasdaq China Consumer Discretionary Large Mid Cap Index,indices,us,True,NasdaqGIDS
I:NQCN40LMN,Nasdaq China Consumer Discretionary Large Mid Cap NTR Index,indices,us,True,NasdaqGIDS
I:NQCN40LMT,Nasdaq China Consumer Discretionary Large Mid Cap TR Index,indices,us,True,NasdaqGIDS
I:NQCN40N,Nasdaq China Consumer Discretionary NTR Index,indices,us,True,NasdaqGIDS
I:NQCN40T,Nasdaq China Consumer Discretionary TR Index,indices,us,True,NasdaqGIDS
I:NQCN45,Nasdaq China Consumer Staples Index,indices,us,True,NasdaqGIDS
I:NQCN45LM,Nasdaq China Consumer Staples Large Mid Cap Index,indices,us,True,NasdaqGIDS
I:NQCN45LMN,Nasdaq China Consumer Staples Large Mid Cap NTR Index,indices,us,True,NasdaqGIDS
I:NQCN45LMT,Nasdaq China Consumer Staples Large Mid Cap TR Index,indices,us,True,NasdaqGIDS
I:NQCN45N,Nasdaq China Consumer Staples NTR Index,indices,us,True,NasdaqGIDS
I:NQCN45T,Nasdaq China Consumer Staples TR Index,indices,us,True,NasdaqGIDS
I:NQCN50,Nasdaq China Industrials Index,indices,us,True,NasdaqGIDS
I:NQCN50LM,Nasdaq China Industrials Large Mid Cap Index,indices,us,True,NasdaqGIDS
I:NQCN50LMN,Nasdaq China Industrials Large Mid Cap NTR Index,indices,us,True,NasdaqGIDS
I:NQCN50LMT,Nasdaq China Industrials Large Mid Cap TR Index,indices,us,True,NasdaqGIDS
I:NQCN50N,Nasdaq China Industrials NTR Index,indices,us,True,NasdaqGIDS
I:NQCN50T,Nasdaq China Industrials TR Index,indices,us,True,NasdaqGIDS
I:NQCN55,Nasdaq China Basic Materials Index,indices,us,True,NasdaqGIDS
I:NQCN55LM,Nasdaq China Basic Materials Large Mid Cap Index,indices,us,True,NasdaqGIDS
I:NQCN55LMN,Nasdaq China Basic Materials Large Mid Cap NTR Index,indices,us,True,NasdaqGIDS
I:NQCN55LMT,Nasdaq China Basic Materials Large Mid Cap TR Index,indices,us,True,NasdaqGIDS
I:NQCN55N,Nasdaq China Basic Materials NTR Index,indices,us,True,NasdaqGIDS
I:NQCN55T,Nasdaq China Basic Materials TR Index,indices,us,True,NasdaqGIDS
I:NQCN60,Nasdaq China Energy Index,indices,us,True,NasdaqGIDS
I:NQCN60LM,Nasdaq China Energy Large Mid Cap Index,indices,us,True,NasdaqGIDS
I:NQCN60LMN,Nasdaq China Energy Large Mid Cap NTR Index,indices,us,True,NasdaqGIDS
I:NQCN60LMT,Nasdaq China Energy Large Mid Cap TR Index,indices,us,True,NasdaqGIDS
I:NQCN60N,Nasdaq China Energy NTR Index,indices,us,True,NasdaqGIDS
I:NQCN60T,Nasdaq China Energy TR Index,indices,us,True,NasdaqGIDS
I:NQCN65,NASDAQ China Utilities Index,indices,us,True,NasdaqGIDS
I:NQCN65LM,Nasdaq China Utilities Large Mid Cap Index,indices,us,True,NasdaqGIDS
I:NQCN65LMN,NASDAQ China Utilities Large Mid Cap NTR Index,indices,us,True,NasdaqGIDS
I:NQCN65LMT,NASDAQ China Utilities Large Mid Cap TR Index,indices,us,True,NasdaqGIDS
I:NQCN65N,NASDAQ China Utilities NTR Index,indices,us,True,NasdaqGIDS
I:NQCN65T,NASDAQ China Utilities TR Index,indices,us,True,NasdaqGIDS
I:NQCNAN,NASDAQ China A Shares NTR Index,indices,us,True,NasdaqGIDS
I:NQCNAP,NASDAQ China A Shares Index,indices,us,True,NasdaqGIDS
I:NQCNAT,NASDAQ China A Shares TR Index,indices,us,True,NasdaqGIDS
I:NQCNLC,NASDAQ China Large Cap Index,indices,us,True,NasdaqGIDS
I:NQCNLCN,NASDAQ China Large Cap NTR Index,indices,us,True,NasdaqGIDS
I:NQCNLCT,NASDAQ China Large Cap TR Index,indices,us,True,NasdaqGIDS
I:NQCNLM,NASDAQ China Large Mid Cap Index,indices,us,True,NasdaqGIDS
I:NQCNLMN,NASDAQ China Large Mid Cap NTR Index,indices,us,True,NasdaqGIDS
I:NQCNLMT,NASDAQ China Large Mid Cap TR Index,indices,us,True,NasdaqGIDS
I:NQCNMC,NASDAQ China Mid Cap Index,indices,us,True,NasdaqGIDS
I:NQCNMCN,NASDAQ China Mid Cap NTR Index,indices,us,True,NasdaqGIDS
I:NQCNMCT,NASDAQ China Mid Cap TR Index,indices,us,True,NasdaqGIDS
I:NQCNN,NASDAQ China NTR Index,indices,us,True,NasdaqGIDS
I:NQCNNEW,Nasdaq Overseas China New Economy Top 50,indices,us,True,NasdaqGIDS
I:NQCNNEWCNY,Nasdaq Overseas China New Economy Top 50 CNY,indices,us,True,NasdaqGIDS
I:NQCNNEWCNYN,Nasdaq Overseas China New Economy Top 50 CNY NTR,indices,us,True,NasdaqGIDS
I:NQCNNEWCNYT,Nasdaq Overseas China New Economy Top 50 CNY TR,indices,us,True,NasdaqGIDS
I:NQCNNEWHKD,Nasdaq Overseas China New Economy Top 50 HKD,indices,us,True,NasdaqGIDS
I:NQCNNEWHKDN,Nasdaq Overseas China New Economy Top 50 HKD NTR,indices,us,True,NasdaqGIDS
I:NQCNNEWHKDT,Nasdaq Overseas China New Economy Top 50 HKD TR,indices,us,True,NasdaqGIDS
I:NQCNNEWN,Nasdaq Overseas China New Economy Top 50 NTR,indices,us,True,NasdaqGIDS
I:NQCNNEWT,Nasdaq Overseas China New Economy Top 50 TR,indices,us,True,NasdaqGIDS
I:NQCNSC,NASDAQ China Small Cap Index,indices,us,True,NasdaqGIDS
I:NQCNSCN,NASDAQ China Small Cap NTR Index,indices,us,True,NasdaqGIDS
I:NQCNSCT,NASDAQ China Small Cap TR Index,indices,us,True,NasdaqGIDS
I:NQCNT,NASDAQ China TR Index,indices,us,True,NasdaqGIDS
I:NQCO,NASDAQ Colombia Index,indices,us,True,NasdaqGIDS
I:NQCO30,NASDAQ Colombia Financials Index,indices,us,True,NasdaqGIDS
I:NQCO30LM,Nasdaq Colombia Financials Large Mid Cap Index,indices,us,True,NasdaqGIDS
I:NQCO30LMN,NASDAQ Colombia Financials Large Mid Cap NTR Index,indices,us,True,NasdaqGIDS
I:NQCO30LMT,NASDAQ Colombia Financials Large Mid Cap TR Index,indices,us,True,NasdaqGIDS
I:NQCO30N,NASDAQ Colombia Financials NTR Index,indices,us,True,NasdaqGIDS
I:NQCO30T,NASDAQ Colombia Financials TR Index,indices,us,True,NasdaqGIDS
I:NQCO50,Nasdaq Colombia Industrials Index,indices,us,True,NasdaqGIDS
I:NQCO50N,Nasdaq Colombia Industrials NTR Index,indices,us,True,NasdaqGIDS
I:NQCO50T,Nasdaq Colombia Industrials TR Index,indices,us,True,NasdaqGIDS
I:NQCOLC,NASDAQ Colombia Large Cap Index,indices,us,True,NasdaqGIDS
I:NQCOLCN,NASDAQ Colombia Large Cap NTR Index,indices,us,True,NasdaqGIDS
I:NQCOLCT,NASDAQ Colombia Large Cap TR Index,indices,us,True,NasdaqGIDS
I:NQCOLM,NASDAQ Colombia Large Mid Cap Index,indices,us,True,NasdaqGIDS
I:NQCOLMN,NASDAQ Colombia Large Mid Cap NTR Index,indices,us,True,NasdaqGIDS
I:NQCOLMT,NASDAQ Colombia Large Mid Cap TR Index,indices,us,True,NasdaqGIDS
I:NQCOMC,NASDAQ Colombia Mid Cap Index,indices,us,True,NasdaqGIDS
I:NQCOMCN,NASDAQ Colombia Mid Cap NTR Index,indices,us,True,NasdaqGIDS
I:NQCOMCT,NASDAQ Colombia Mid Cap TR Index,indices,us,True,NasdaqGIDS
I:NQCON,NASDAQ Colombia NTR Index,indices,us,True,NasdaqGIDS
I:NQCOT,NASDAQ Colombia TR Index,indices,us,True,NasdaqGIDS
I:NQCYBR,Nasdaq CTA Cybersecurity Index,indices,us,True,NasdaqGIDS
I:NQCYBRE,Nasdaq CTA Cybersecurity Exclus,indices,us,True,NasdaqGIDS
I:NQCYBREN,Nasdaq CTA Cybersecurity Exclus,indices,us,True,NasdaqGIDS
I:NQCYBRET,Nasdaq CTA Cybersecurity Exclus,indices,us,True,NasdaqGIDS
I:NQCYBRN,Nasdaq CTA Cybersecurity Net Total Return Index,indices,us,True,NasdaqGIDS
I:NQCYBRT,Nasdaq CTA Cybersecurity Total Return Index,indices,us,True,NasdaqGIDS
I:NQCZ,NASDAQ Czech Republic Index,indices,us,True,NasdaqGIDS
I:NQCZN,NASDAQ Czech Republic NTR Index,indices,us,True,NasdaqGIDS
I:NQCZT,NASDAQ Czech Republic TR Index,indices,us,True,NasdaqGIDS
I:NQDALI,Nasdaq Dorsey Wright DALI1 Index,indices,us,True,NasdaqGIDS
I:NQDALIDE,Nasdaq Dorsey Wright DALI1 Domestic Equity,indices,us,True,NasdaqGIDS
I:NQDALIDET,Nasdaq Dorsey Wright DALI1 Domestic Equity TR,indices,us,True,NasdaqGIDS
I:NQDALIIE,Nasdaq Dorsey Wright DALI1 Int'l Equity,indices,us,True,NasdaqGIDS
I:NQDALIIET,Nasdaq Dorsey Wright DALI1 Int'l Equity TR,indices,us,True,NasdaqGIDS
I:NQDALIT,Nasdaq Dorsey Wright DALI1 Total Return Index,indices,us,True,NasdaqGIDS
I:NQDE,NASDAQ Germany Index,indices,us,True,NasdaqGIDS
I:NQDE10,Nasdaq Germany Technology Index,indices,us,True,NasdaqGIDS
I:NQDE10LM,Nasdaq Germany Technology Large Mid Cap Index,indices,us,True,NasdaqGIDS
I:NQDE10LMN,Nasdaq Germany Technology Large Mid Cap NTR Index,indices,us,True,NasdaqGIDS
I:NQDE10LMT,Nasdaq Germany Technology Large Mid Cap TR Index,indices,us,True,NasdaqGIDS
I:NQDE10N,Nasdaq Germany Technology NTR Index,indices,us,True,NasdaqGIDS
I:NQDE10T,Nasdaq Germany Technology TR Index,indices,us,True,NasdaqGIDS
I:NQDE20,NASDAQ Germany Health Care Index,indices,us,True,NasdaqGIDS
I:NQDE20LM,Nasdaq Germany Health Care Large Mid Cap Index,indices,us,True,NasdaqGIDS
I:NQDE20LMN,NASDAQ Germany Health Care Large Mid Cap NTR Index,indices,us,True,NasdaqGIDS
I:NQDE20LMT,NASDAQ Germany Health Care Large Mid Cap TR Index,indices,us,True,NasdaqGIDS
I:NQDE20N,NASDAQ Germany Health Care NTR Index,indices,us,True,NasdaqGIDS
I:NQDE20T,NASDAQ Germany Health Care TR Index,indices,us,True,NasdaqGIDS
I:NQDE30,NASDAQ Germany Financials Index,indices,us,True,NasdaqGIDS
I:NQDE30LM,Nasdaq Germany Financials Large Mid Cap Index,indices,us,True,NasdaqGIDS
I:NQDE30LMN,NASDAQ Germany Financials Large Mid Cap NTR Index,indices,us,True,NasdaqGIDS
I:NQDE30LMT,NASDAQ Germany Financials Large Mid Cap TR Index,indices,us,True,NasdaqGIDS
I:NQDE30N,NASDAQ Germany Financials NTR Index,indices,us,True,NasdaqGIDS
I:NQDE30T,NASDAQ Germany Financials TR Index,indices,us,True,NasdaqGIDS
I:NQDE35,Nasdaq Germany Real Estate Index,indices,us,True,NasdaqGIDS
I:NQDE35LM,Nasdaq Germany Real Estate Large Mid Cap Index,indices,us,True,NasdaqGIDS
I:NQDE35LMN,Nasdaq Germany Real Estate Large Mid Cap NTR Index,indices,us,True,NasdaqGIDS
I:NQDE35LMT,Nasdaq Germany Real Estate Large Mid Cap TR Index,indices,us,True,NasdaqGIDS
I:NQDE35N,Nasdaq Germany Real Estate NTR Index,indices,us,True,NasdaqGIDS
I:NQDE35T,Nasdaq Germany Real Estate TR Index,indices,us,True,NasdaqGIDS
I:NQDE40,Nasdaq Germany Consumer Discretionary Index,indices,us,True,NasdaqGIDS
I:NQDE40LM,Nasdaq Germany Consumer Discretionary Large Mid Cap Index,indices,us,True,NasdaqGIDS
I:NQDE40LMN,Nasdaq Germany Consumer Discretionary Large Mid Cap NTR Index,indices,us,True,NasdaqGIDS
I:NQDE40LMT,Nasdaq Germany Consumer Discretionary Large Mid Cap TR Index,indices,us,True,NasdaqGIDS
I:NQDE40N,Nasdaq Germany Consumer Discretionary NTR Index,indices,us,True,NasdaqGIDS
I:NQDE40T,Nasdaq Germany Consumer Discretionary TR Index,indices,us,True,NasdaqGIDS
I:NQDE45,Nasdaq Germany Consumer Staples Index,indices,us,True,NasdaqGIDS
I:NQDE45N,Nasdaq Germany Consumer Staples NTR Index,indices,us,True,NasdaqGIDS
I:NQDE45T,Nasdaq Germany Consumer Staples TR Index,indices,us,True,NasdaqGIDS
I:NQDE50,Nasdaq Germany Industrials Index,indices,us,True,NasdaqGIDS
I:NQDE50LM,Nasdaq Germany Industrials Large Mid Cap Index,indices,us,True,NasdaqGIDS
I:NQDE50LMN,Nasdaq Germany Industrials Large Mid Cap NTR Index,indices,us,True,NasdaqGIDS
I:NQDE50LMT,Nasdaq Germany Industrials Large Mid Cap TR Index,indices,us,True,NasdaqGIDS
I:NQDE50N,Nasdaq Germany Industrials NTR Index,indices,us,True,NasdaqGIDS
I:NQDE50T,Nasdaq Germany Industrials TR Index,indices,us,True,NasdaqGIDS
I:NQDE55,Nasdaq Germany Basic Materials Index,indices,us,True,NasdaqGIDS
I:NQDE55LM,Nasdaq Germany Basic Materials Large Mid Cap Index,indices,us,True,NasdaqGIDS
I:NQDE55LMN,Nasdaq Germany Basic Materials Large Mid Cap NTR Index,indices,us,True,NasdaqGIDS
I:NQDE55LMT,Nasdaq Germany Basic Materials Large Mid Cap TR Index,indices,us,True,NasdaqGIDS
I:NQDE55N,Nasdaq Germany Basic Materials NTR Index,indices,us,True,NasdaqGIDS
I:NQDE55T,Nasdaq Germany Basic Materials TR Index,indices,us,True,NasdaqGIDS
I:NQDE60,Nasdaq Germany Energy Index,indices,us,True,NasdaqGIDS
I:NQDE60N,Nasdaq Germany Energy NTR Index,indices,us,True,NasdaqGIDS
I:NQDE60T,Nasdaq Germany Energy TR Index,indices,us,True,NasdaqGIDS
I:NQDELC,NASDAQ Germany Large Cap Index,indices,us,True,NasdaqGIDS
I:NQDELCN,NASDAQ Germany Large Cap NTR Index,indices,us,True,NasdaqGIDS
I:NQDELCT,NASDAQ Germany Large Cap TR Index,indices,us,True,NasdaqGIDS
I:NQDELM,NASDAQ Germany Large Mid Cap Index,indices,us,True,NasdaqGIDS
I:NQDELMAUD,NASDAQ Germany Large Mid Cap AUD Index,indices,us,True,NasdaqGIDS
I:NQDELMAUDN,NASDAQ Germany Large Mid Cap AUD NTR Index,indices,us,True,NasdaqGIDS
I:NQDELMAUDT,NASDAQ Germany Large Mid Cap AUD TR Index,indices,us,True,NasdaqGIDS
I:NQDELMCAD,NASDAQ Germany Large Mid Cap CAD Index,indices,us,True,NasdaqGIDS
I:NQDELMCADN,NASDAQ Germany Large Mid Cap CAD NTR Index,indices,us,True,NasdaqGIDS
I:NQDELMCADT,NASDAQ Germany Large Mid Cap CAD TR Index,indices,us,True,NasdaqGIDS
I:NQDELMEUR,NASDAQ Germany Large Mid Cap EUR Index,indices,us,True,NasdaqGIDS
I:NQDELMEURN,NASDAQ Germany Large Mid Cap EUR NTR Index,indices,us,True,NasdaqGIDS
I:NQDELMEURT,NASDAQ Germany Large Mid Cap EUR TR Index,indices,us,True,NasdaqGIDS
I:NQDELMGBP,NASDAQ Germany Large Mid Cap GBP Index,indices,us,True,NasdaqGIDS
I:NQDELMGBPN,NASDAQ Germany Large Mid Cap GBP NTR Index,indices,us,True,NasdaqGIDS
I:NQDELMGBPT,NASDAQ Germany Large Mid Cap GBP TR Index,indices,us,True,NasdaqGIDS
I:NQDELMJPY,NASDAQ Germany Large Mid Cap JPY Index,indices,us,True,NasdaqGIDS
I:NQDELMJPYN,NASDAQ Germany Large Mid Cap JPY NTR Index,indices,us,True,NasdaqGIDS
I:NQDELMJPYT,NASDAQ Germany Large Mid Cap JPY TR Index,indices,us,True,NasdaqGIDS
I:NQDELMN,NASDAQ Germany Large Mid Cap NTR Index,indices,us,True,NasdaqGIDS
I:NQDELMT,NASDAQ Germany Large Mid Cap TR Index,indices,us,True,NasdaqGIDS
I:NQDEMC,NASDAQ Germany Mid Cap Index,indices,us,True,NasdaqGIDS
I:NQDEMCN,NASDAQ Germany Mid Cap NTR Index,indices,us,True,NasdaqGIDS
I:NQDEMCT,NASDAQ Germany Mid Cap TR Index,indices,us,True,NasdaqGIDS
I:NQDEN,NASDAQ Germany NTR Index,indices,us,True,NasdaqGIDS
I:NQDESC,NASDAQ Germany Small Cap Index,indices,us,True,NasdaqGIDS
I:NQDESCN,NASDAQ Germany Small Cap NTR Index,indices,us,True,NasdaqGIDS
I:NQDESCT,NASDAQ Germany Small Cap TR Index,indices,us,True,NasdaqGIDS
I:NQDET,NASDAQ Germany TR Index,indices,us,True,NasdaqGIDS
I:NQDIVST,The Dividend Strength Index,indices,us,True,NasdaqGIDS
I:NQDIVSTN,The Dividend Strength Net Total Return Index,indices,us,True,NasdaqGIDS
I:NQDIVSTT,The Dividend Strength Total Return Index,indices,us,True,NasdaqGIDS
I:NQDK,NASDAQ Denmark Index,indices,us,True,NasdaqGIDS
I:NQDK20,NASDAQ Denmark Health Care Index,indices,us,True,NasdaqGIDS
I:NQDK20LM,Nasdaq Denmark Health Care Large Mid Cap Index,indices,us,True,NasdaqGIDS
I:NQDK20LMN,NASDAQ Denmark Health Care Large Mid Cap NTR Index,indices,us,True,NasdaqGIDS
I:NQDK20LMT,NASDAQ Denmark Health Care Large Mid Cap TR Index,indices,us,True,NasdaqGIDS
I:NQDK20N,NASDAQ Denmark Health Care NTR Index,indices,us,True,NasdaqGIDS
I:NQDK20T,NASDAQ Denmark Health Care TR Index,indices,us,True,NasdaqGIDS
I:NQDK30,NASDAQ Denmark Financials Index,indices,us,True,NasdaqGIDS
I:NQDK30N,NASDAQ Denmark Financials NTR Index,indices,us,True,NasdaqGIDS
I:NQDK30T,NASDAQ Denmark Financials TR Index,indices,us,True,NasdaqGIDS
I:NQDK50,Nasdaq Denmark Industrials Index,indices,us,True,NasdaqGIDS
I:NQDK50LM,Nasdaq Denmark Industrials Large Mid Cap Index,indices,us,True,NasdaqGIDS
I:NQDK50LMN,Nasdaq Denmark Industrials Large Mid Cap NTR Index,indices,us,True,NasdaqGIDS
I:NQDK50LMT,Nasdaq Denmark Industrials Large Mid Cap TR Index,indices,us,True,NasdaqGIDS
I:NQDK50N,Nasdaq Denmark Industrials NTR Index,indices,us,True,NasdaqGIDS
I:NQDK50T,Nasdaq Denmark Industrials TR Index,indices,us,True,NasdaqGIDS
I:NQDKLC,NASDAQ Denmark Large Cap Index,indices,us,True,NasdaqGIDS
I:NQDKLCN,NASDAQ Denmark Large Cap NTR Index,indices,us,True,NasdaqGIDS
I:NQDKLCT,NASDAQ Denmark Large Cap TR Index,indices,us,True,NasdaqGIDS
I:NQDKLM,NASDAQ Denmark Large Mid Cap Index,indices,us,True,NasdaqGIDS
I:NQDKLMN,NASDAQ Denmark Large Mid Cap NTR Index,indices,us,True,NasdaqGIDS
I:NQDKLMT,NASDAQ Denmark Large Mid Cap TR Index,indices,us,True,NasdaqGIDS
I:NQDKMC,NASDAQ Denmark Mid Cap Index,indices,us,True,NasdaqGIDS
I:NQDKMCN,NASDAQ Denmark Mid Cap NTR Index,indices,us,True,NasdaqGIDS
I:NQDKMCT,NASDAQ Denmark Mid Cap TR Index,indices,us,True,NasdaqGIDS
I:NQDKN,NASDAQ Denmark NTR Index,indices,us,True,NasdaqGIDS
I:NQDKSC,NASDAQ Denmark Small Cap Index,indices,us,True,NasdaqGIDS
I:NQDKSCN,NASDAQ Denmark Small Cap NTR Index,indices,us,True,NasdaqGIDS
I:NQDKSCT,NASDAQ Denmark Small Cap TR Index,indices,us,True,NasdaqGIDS
I:NQDKT,NASDAQ Denmark TR Index,indices,us,True,NasdaqGIDS
I:NQDM,NASDAQ Developed Markets Index,indices,us,True,NasdaqGIDS
I:NQDM10,Nasdaq Developed Markets Technology Index,indices,us,True,NasdaqGIDS
I:NQDM10LM,Nasdaq Developed Markets Technology Large Mid Cap Index,indices,us,True,NasdaqGIDS
I:NQDM10LMN,Nasdaq Developed Markets Technology Large Mid Cap NTR Index,indices,us,True,NasdaqGIDS
I:NQDM10LMT,Nasdaq Developed Markets Technology Large Mid Cap TR Index,indices,us,True,NasdaqGIDS
I:NQDM10N,Nasdaq Developed Markets Technology NTR Index,indices,us,True,NasdaqGIDS
I:NQDM10T,Nasdaq Developed Markets Technology TR Index,indices,us,True,NasdaqGIDS
I:NQDM15,Nasdaq Developed Markets Telecommunications Index,indices,us,True,NasdaqGIDS
I:NQDM15LM,Nasdaq Developed Markets Telecommunications Large Mid Cap Index,indices,us,True,NasdaqGIDS
I:NQDM15LMN,Nasdaq Developed Markets Telecommunications Large Mid Cap NTR Index,indices,us,True,NasdaqGIDS
I:NQDM15LMT,Nasdaq Developed Markets Telecommunications Large Mid Cap TR Index,indices,us,True,NasdaqGIDS
I:NQDM15N,Nasdaq Developed Markets Telecommunications NTR Index,indices,us,True,NasdaqGIDS
I:NQDM15T,Nasdaq Developed Markets Telecommunications TR Index,indices,us,True,NasdaqGIDS
I:NQDM20,Nasdaq Developed Markets Health Care Index,indices,us,True,NasdaqGIDS
I:NQDM20LM,Nasdaq Developed Markets Health Care Large Mid Cap Index,indices,us,True,NasdaqGIDS
I:NQDM20LMN,Nasdaq Developed Markets Health Care Large Mid Cap NTR Index,indices,us,True,NasdaqGIDS
I:NQDM20LMT,Nasdaq Developed Markets Health Care Large Mid Cap TR Index,indices,us,True,NasdaqGIDS
I:NQDM20N,Nasdaq Developed Markets Health Care NTR Index,indices,us,True,NasdaqGIDS
I:NQDM20T,Nasdaq Developed Markets Health Care TR Index,indices,us,True,NasdaqGIDS
I:NQDM30,Nasdaq Developed Markets Financials Index,indices,us,True,NasdaqGIDS
I:NQDM3010,Nasdaq Developed Markets Banks Index,indices,us,True,NasdaqGIDS
I:NQDM3010LM,Nasdaq Developed Markets Banks Large Mid Cap Index,indices,us,True,NasdaqGIDS
I:NQDM3010LMN,Nasdaq Developed Markets Banks Large Mid Cap NTR Index,indices,us,True,NasdaqGIDS
I:NQDM3010LMT,Nasdaq Developed Markets Banks Large Mid Cap TR Index,indices,us,True,NasdaqGIDS
I:NQDM3010N,Nasdaq Developed Markets Banks NTR Index,indices,us,True,NasdaqGIDS
I:NQDM3010T,Nasdaq Developed Markets Banks TR Index,indices,us,True,NasdaqGIDS
I:NQDM3020,Nasdaq Developed Markets Financial Services Index,indices,us,True,NasdaqGIDS
I:NQDM3020LM,Nasdaq Developed Markets Financial Services Large Mid Cap Index,indices,us,True,NasdaqGIDS
I:NQDM3020LMN,Nasdaq Developed Markets Financial Services Large Mid Cap NTR Index,indices,us,True,NasdaqGIDS
I:NQDM3020LMT,Nasdaq Developed Markets Financial Services Large Mid Cap TR Index,indices,us,True,NasdaqGIDS
I:NQDM3020N,Nasdaq Developed Markets Financial Services NTR Index,indices,us,True,NasdaqGIDS
I:NQDM3020T,Nasdaq Developed Markets Financial Services TR Index,indices,us,True,NasdaqGIDS
I:NQDM3030,Nasdaq Developed Markets Insurance Index,indices,us,True,NasdaqGIDS
I:NQDM3030LM,Nasdaq Developed Markets Insurance Large Mid Cap Index,indices,us,True,NasdaqGIDS
I:NQDM3030LMN,Nasdaq Developed Markets Insurance Large Mid Cap NTR Index,indices,us,True,NasdaqGIDS
I:NQDM3030LMT,Nasdaq Developed Markets Insurance Large Mid Cap TR Index,indices,us,True,NasdaqGIDS
I:NQDM3030N,Nasdaq Developed Markets Insurance NTR Index,indices,us,True,NasdaqGIDS
I:NQDM3030T,Nasdaq Developed Markets Insurance TR Index,indices,us,True,NasdaqGIDS
I:NQDM30LM,Nasdaq Developed Markets Financials Large Mid Cap Index,indices,us,True,NasdaqGIDS
I:NQDM30LMN,Nasdaq Developed Markets Financials Large Mid Cap NTR Index,indices,us,True,NasdaqGIDS
I:NQDM30LMT,Nasdaq Developed Markets Financials Large Mid Cap TR Index,indices,us,True,NasdaqGIDS
I:NQDM30N,Nasdaq Developed Markets Financials NTR Index,indices,us,True,NasdaqGIDS
I:NQDM30T,Nasdaq Developed Markets Financials TR Index,indices,us,True,NasdaqGIDS
I:NQDM35,Nasdaq Developed Markets Real Estate Index,indices,us,True,NasdaqGIDS
I:NQDM35LM,Nasdaq Developed Markets Real Estate Large Mid Cap Index,indices,us,True,NasdaqGIDS
I:NQDM35LMN,Nasdaq Developed Markets Real Estate Large Mid Cap NTR Index,indices,us,True,NasdaqGIDS
I:NQDM35LMT,Nasdaq Developed Markets Real Estate Large Mid Cap TR Index,indices,us,True,NasdaqGIDS
I:NQDM35N,Nasdaq Developed Markets Real Estate NTR Index,indices,us,True,NasdaqGIDS
I:NQDM35T,Nasdaq Developed Markets Real Estate TR Index,indices,us,True,NasdaqGIDS
I:NQDM40,Nasdaq Developed Markets Consumer Discretionary Index,indices,us,True,NasdaqGIDS
I:NQDM4010,Nasdaq Developed Markets Automobiles and Parts Index,indices,us,True,NasdaqGIDS
I:NQDM4010LM,Nasdaq Developed Markets Automobiles and Parts Large Mid Cap Index,indices,us,True,NasdaqGIDS
I:NQDM4010LMN,Nasdaq Developed Markets Automobiles and Parts Large Mid Cap NTR Index,indices,us,True,NasdaqGIDS
I:NQDM4010LMT,Nasdaq Developed Markets Automobiles and Parts Large Mid Cap TR Index,indices,us,True,NasdaqGIDS
I:NQDM4010N,Nasdaq Developed Markets Automobiles and Parts NTR Index,indices,us,True,NasdaqGIDS
I:NQDM4010T,Nasdaq Developed Markets Automobiles and Parts TR Index,indices,us,True,NasdaqGIDS
I:NQDM4020,Nasdaq Developed Markets Consumer Products and Services Index,indices,us,True,NasdaqGIDS
I:NQDM4020LM,Nasdaq Developed Markets Consumer Products and Services Large Mid Cap Index,indices,us,True,NasdaqGIDS
I:NQDM4020LMN,Nasdaq Developed Markets Consumer Products and Services Large Mid Cap NTR Index,indices,us,True,NasdaqGIDS
I:NQDM4020LMT,Nasdaq Developed Markets Consumer Products and Services Large Mid Cap TR Index,indices,us,True,NasdaqGIDS
I:NQDM4020N,Nasdaq Developed Markets Consumer Products and Services NTR Index,indices,us,True,NasdaqGIDS
I:NQDM4020T,Nasdaq Developed Markets Consumer Products and Services TR Index,indices,us,True,NasdaqGIDS
I:NQDM4030,Nasdaq Developed Markets Media Index,indices,us,True,NasdaqGIDS
I:NQDM4030LM,Nasdaq Developed Markets Media Large Mid Cap Index,indices,us,True,NasdaqGIDS
I:NQDM4030LMN,Nasdaq Developed Markets Media Large Mid Cap NTR Index,indices,us,True,NasdaqGIDS
I:NQDM4030LMT,Nasdaq Developed Markets Media Large Mid Cap TR Index,indices,us,True,NasdaqGIDS
I:NQDM4030N,Nasdaq Developed Markets Media NTR Index,indices,us,True,NasdaqGIDS
I:NQDM4030T,Nasdaq Developed Markets Media TR Index,indices,us,True,NasdaqGIDS
I:NQDM4040,Nasdaq Developed Markets Retail Index,indices,us,True,NasdaqGIDS
I:NQDM4040LM,Nasdaq Developed Markets Retail Large Mid Cap Index,indices,us,True,NasdaqGIDS
I:NQDM4040LMN,Nasdaq Developed Markets Retail Large Mid Cap NTR Index,indices,us,True,NasdaqGIDS
I:NQDM4040LMT,Nasdaq Developed Markets Retail Large Mid Cap TR Index,indices,us,True,NasdaqGIDS
I:NQDM4040N,Nasdaq Developed Markets Retail NTR Index,indices,us,True,NasdaqGIDS
I:NQDM4040T,Nasdaq Developed Markets Retail TR Index,indices,us,True,NasdaqGIDS
I:NQDM4050,Nasdaq Developed Markets Travel and Leisure Index,indices,us,True,NasdaqGIDS
I:NQDM4050LM,Nasdaq Developed Markets Travel and Leisure Large Mid Cap Index,indices,us,True,NasdaqGIDS
I:NQDM4050LMN,Nasdaq Developed Markets Travel and Leisure Large Mid Cap NTR Index,indices,us,True,NasdaqGIDS
I:NQDM4050LMT,Nasdaq Developed Markets Travel and Leisure Large Mid Cap TR Index,indices,us,True,NasdaqGIDS
I:NQDM4050N,Nasdaq Developed Markets Travel and Leisure NTR Index,indices,us,True,NasdaqGIDS
I:NQDM4050T,Nasdaq Developed Markets Travel and Leisure TR Index,indices,us,True,NasdaqGIDS
I:NQDM40LM,Nasdaq Developed Markets Consumer Discretionary Large Mid Cap Index,indices,us,True,NasdaqGIDS
I:NQDM40LMN,Nasdaq Developed Markets Consumer Discretionary Large Mid Cap NTR Index,indices,us,True,NasdaqGIDS
I:NQDM40LMT,Nasdaq Developed Markets Consumer Discretionary Large Mid Cap TR Index,indices,us,True,NasdaqGIDS
I:NQDM40N,Nasdaq Developed Markets Consumer Discretionary NTR Index,indices,us,True,NasdaqGIDS
I:NQDM40T,Nasdaq Developed Markets Consumer Discretionary TR Index,indices,us,True,NasdaqGIDS
I:NQDM45,Nasdaq Developed Markets Consumer Staples Index,indices,us,True,NasdaqGIDS
I:NQDM4510,"Nasdaq Developed Markets Food, Beverage and Tobacco Index",indices,us,True,NasdaqGIDS
I:NQDM4510LM,"Nasdaq Developed Markets Food, Beverage and Tobacco Large Mid Cap Index",indices,us,True,NasdaqGIDS
I:NQDM4510LMN,"Nasdaq Developed Markets Food, Beverage and Tobacco Large Mid Cap NTR Index",indices,us,True,NasdaqGIDS
I:NQDM4510LMT,"Nasdaq Developed Markets Food, Beverage and Tobacco Large Mid Cap TR Index",indices,us,True,NasdaqGIDS
I:NQDM4510N,"Nasdaq Developed Markets Food, Beverage and Tobacco NTR Index",indices,us,True,NasdaqGIDS
I:NQDM4510T,"Nasdaq Developed Markets Food, Beverage and Tobacco TR Index",indices,us,True,NasdaqGIDS
I:NQDM4520,"Nasdaq Developed Markets Personal Care, Drug and Grocery Stores Index",indices,us,True,NasdaqGIDS
I:NQDM4520LM,"Nasdaq Developed Markets Personal Care, Drug and Grocery Stores Large Mid Cap Index",indices,us,True,NasdaqGIDS
I:NQDM4520LMN,"Nasdaq Developed Markets Personal Care, Drug and Grocery Stores Large Mid Cap NTR Index",indices,us,True,NasdaqGIDS
I:NQDM4520LMT,"Nasdaq Developed Markets Personal Care, Drug and Grocery Stores Large Mid Cap TR Index",indices,us,True,NasdaqGIDS
I:NQDM4520N,"Nasdaq Developed Markets Personal Care, Drug and Grocery Stores NTR Index",indices,us,True,NasdaqGIDS
I:NQDM4520T,"Nasdaq Developed Markets Personal Care, Drug and Grocery Stores TR Index",indices,us,True,NasdaqGIDS
I:NQDM45LM,Nasdaq Developed Markets Consumer Staples Large Mid Cap Index,indices,us,True,NasdaqGIDS
I:NQDM45LMN,Nasdaq Developed Markets Consumer Staples Large Mid Cap NTR Index,indices,us,True,NasdaqGIDS
I:NQDM45LMT,Nasdaq Developed Markets Consumer Staples Large Mid Cap TR Index,indices,us,True,NasdaqGIDS
I:NQDM45N,Nasdaq Developed Markets Consumer Staples NTR Index,indices,us,True,NasdaqGIDS
I:NQDM45T,Nasdaq Developed Markets Consumer Staples TR Index,indices,us,True,NasdaqGIDS
I:NQDM50,Nasdaq Developed Markets Industrials Index,indices,us,True,NasdaqGIDS
I:NQDM5010,Nasdaq Developed Markets Construction and Materials Index,indices,us,True,NasdaqGIDS
I:NQDM5010LM,Nasdaq Developed Markets Construction and Materials Large Mid Cap Index,indices,us,True,NasdaqGIDS
I:NQDM5010LMN,Nasdaq Developed Markets Construction and Materials Large Mid Cap NTR Index,indices,us,True,NasdaqGIDS
I:NQDM5010LMT,Nasdaq Developed Markets Construction and Materials Large Mid Cap TR Index,indices,us,True,NasdaqGIDS
I:NQDM5010N,Nasdaq Developed Markets Construction and Materials NTR Index,indices,us,True,NasdaqGIDS
I:NQDM5010T,Nasdaq Developed Markets Construction and Materials TR Index,indices,us,True,NasdaqGIDS
I:NQDM5020,Nasdaq Developed Markets Industrial Goods and Services Index,indices,us,True,NasdaqGIDS
I:NQDM5020LM,Nasdaq Developed Markets Industrial Goods and Services Large Mid Cap Index,indices,us,True,NasdaqGIDS
I:NQDM5020LMN,Nasdaq Developed Markets Industrial Goods and Services Large Mid Cap NTR Index,indices,us,True,NasdaqGIDS
I:NQDM5020LMT,Nasdaq Developed Markets Industrial Goods and Services Large Mid Cap TR Index,indices,us,True,NasdaqGIDS
I:NQDM5020N,Nasdaq Developed Markets Industrial Goods and Services NTR Index,indices,us,True,NasdaqGIDS
I:NQDM5020T,Nasdaq Developed Markets Industrial Goods and Services TR Index,indices,us,True,NasdaqGIDS
I:NQDM50LM,Nasdaq Developed Markets Industrials Large Mid Cap Index,indices,us,True,NasdaqGIDS
I:NQDM50LMN,Nasdaq Developed Markets Industrials Large Mid Cap NTR Index,indices,us,True,NasdaqGIDS
I:NQDM50LMT,Nasdaq Developed Markets Industrials Large Mid Cap TR Index,indices,us,True,NasdaqGIDS
I:NQDM50N,Nasdaq Developed Markets Industrials NTR Index,indices,us,True,NasdaqGIDS
I:NQDM50T,Nasdaq Developed Markets Industrials TR Index,indices,us,True,NasdaqGIDS
I:NQDM55,Nasdaq Developed Markets Basic Materials Index,indices,us,True,NasdaqGIDS
I:NQDM5510,Nasdaq Developed Markets Basic Resources Index,indices,us,True,NasdaqGIDS
I:NQDM5510LM,Nasdaq Developed Markets Basic Resources Large Mid Cap Index,indices,us,True,NasdaqGIDS
I:NQDM5510LMN,Nasdaq Developed Markets Basic Resources Large Mid Cap NTR Index,indices,us,True,NasdaqGIDS
I:NQDM5510LMT,Nasdaq Developed Markets Basic Resources Large Mid Cap TR Index,indices,us,True,NasdaqGIDS
I:NQDM5510N,Nasdaq Developed Markets Basic Resources NTR Index,indices,us,True,NasdaqGIDS
I:NQDM5510T,Nasdaq Developed Markets Basic Resources TR Index,indices,us,True,NasdaqGIDS
I:NQDM5520,Nasdaq Developed Markets Chemicals Index,indices,us,True,NasdaqGIDS
I:NQDM5520LM,Nasdaq Developed Markets Chemicals Large Mid Cap Index,indices,us,True,NasdaqGIDS
I:NQDM5520LMN,Nasdaq Developed Markets Chemicals Large Mid Cap NTR Index,indices,us,True,NasdaqGIDS
I:NQDM5520LMT,Nasdaq Developed Markets Chemicals Large Mid Cap TR Index,indices,us,True,NasdaqGIDS
I:NQDM5520N,Nasdaq Developed Markets Chemicals NTR Index,indices,us,True,NasdaqGIDS
I:NQDM5520T,Nasdaq Developed Markets Chemicals TR Index,indices,us,True,NasdaqGIDS
I:NQDM55LM,Nasdaq Developed Markets Basic Materials Large Mid Cap Index,indices,us,True,NasdaqGIDS
I:NQDM55LMN,Nasdaq Developed Markets Basic Materials Large Mid Cap NTR Index,indices,us,True,NasdaqGIDS
I:NQDM55LMT,Nasdaq Developed Markets Basic Materials Large Mid Cap TR Index,indices,us,True,NasdaqGIDS
I:NQDM55N,Nasdaq Developed Markets Basic Materials NTR Index,indices,us,True,NasdaqGIDS
I:NQDM55T,Nasdaq Developed Markets Basic Materials TR Index,indices,us,True,NasdaqGIDS
I:NQDM60,Nasdaq Developed Markets Energy Index,indices,us,True,NasdaqGIDS
I:NQDM60LM,Nasdaq Developed Markets Energy Large Mid Cap Index,indices,us,True,NasdaqGIDS
I:NQDM60LMN,Nasdaq Developed Markets Energy Large Mid Cap NTR Index,indices,us,True,NasdaqGIDS
I:NQDM60LMT,Nasdaq Developed Markets Energy Large Mid Cap TR Index,indices,us,True,NasdaqGIDS
I:NQDM60N,Nasdaq Developed Markets Energy NTR Index,indices,us,True,NasdaqGIDS
I:NQDM60T,Nasdaq Developed Markets Energy TR Index,indices,us,True,NasdaqGIDS
I:NQDM65,Nasdaq Developed Markets Utilities Index,indices,us,True,NasdaqGIDS
I:NQDM65LM,Nasdaq Developed Markets Utilities Large Mid Cap Index,indices,us,True,NasdaqGIDS
I:NQDM65LMN,Nasdaq Developed Markets Utilities Large Mid Cap NTR Index,indices,us,True,NasdaqGIDS
I:NQDM65LMT,Nasdaq Developed Markets Utilities Large Mid Cap TR Index,indices,us,True,NasdaqGIDS
I:NQDM65N,Nasdaq Developed Markets Utilities NTR Index,indices,us,True,NasdaqGIDS
I:NQDM65T,Nasdaq Developed Markets Utilities TR Index,indices,us,True,NasdaqGIDS
I:NQDMASIA,NASDAQ DM Asia Index,indices,us,True,NasdaqGIDS
I:NQDMASIA10,Nasdaq DM Asia Technology Index,indices,us,True,NasdaqGIDS
I:NQDMASIA10LM,Nasdaq DM Asia Technology Large Mid Cap Index,indices,us,True,NasdaqGIDS
I:NQDMASIA10LMN,Nasdaq DM Asia Technology Large Mid Cap NTR Index,indices,us,True,NasdaqGIDS
I:NQDMASIA10LMT,Nasdaq DM Asia Technology Large Mid Cap TR Index,indices,us,True,NasdaqGIDS
I:NQDMASIA10N,Nasdaq DM Asia Technology NTR Index,indices,us,True,NasdaqGIDS
I:NQDMASIA10T,Nasdaq DM Asia Technology TR Index,indices,us,True,NasdaqGIDS
I:NQDMASIA15,Nasdaq DM Asia Telecommunications Index,indices,us,True,NasdaqGIDS
I:NQDMASIA15LM,Nasdaq DM Asia Telecommunications Large Mid Cap Index,indices,us,True,NasdaqGIDS
I:NQDMASIA15LMN,Nasdaq DM Asia Telecommunications Large Mid Cap NTR Index,indices,us,True,NasdaqGIDS
I:NQDMASIA15LMT,Nasdaq DM Asia Telecommunications Large Mid Cap TR Index,indices,us,True,NasdaqGIDS
I:NQDMASIA15N,Nasdaq DM Asia Telecommunications NTR Index,indices,us,True,NasdaqGIDS
I:NQDMASIA15T,Nasdaq DM Asia Telecommunications TR Index,indices,us,True,NasdaqGIDS
I:NQDMASIA20,NASDAQ DM Asia Health Care Index,indices,us,True,NasdaqGIDS
I:NQDMASIA20LM,Nasdaq DM Asia Health Care Large Mid Cap Index,indices,us,True,NasdaqGIDS
I:NQDMASIA20LMN,NASDAQ DM Asia Health Care Large Mid Cap NTR Index,indices,us,True,NasdaqGIDS
I:NQDMASIA20LMT,NASDAQ DM Asia Health Care Large Mid Cap TR Index,indices,us,True,NasdaqGIDS
I:NQDMASIA20N,NASDAQ DM Asia Health Care NTR Index,indices,us,True,NasdaqGIDS
I:NQDMASIA20T,NASDAQ DM Asia Health Care TR Index,indices,us,True,NasdaqGIDS
I:NQDMASIA30,NASDAQ DM Asia Financials Index,indices,us,True,NasdaqGIDS
I:NQDMASIA3010,NASDAQ DM Asia Banks Index,indices,us,True,NasdaqGIDS
I:NQDMASIA3010LM,Nasdaq DM Asia Banks Large Mid Cap Index,indices,us,True,NasdaqGIDS
I:NQDMASIA3010LMN,NASDAQ DM Asia Banks Large Mid Cap NTR Index,indices,us,True,NasdaqGIDS
I:NQDMASIA3010LMT,NASDAQ DM Asia Banks Large Mid Cap TR Index,indices,us,True,NasdaqGIDS
I:NQDMASIA3010N,NASDAQ DM Asia Banks NTR Index,indices,us,True,NasdaqGIDS
I:NQDMASIA3010T,NASDAQ DM Asia Banks TR Index,indices,us,True,NasdaqGIDS
I:NQDMASIA3020,Nasdaq DM Asia Financial Services Index,indices,us,True,NasdaqGIDS
I:NQDMASIA3020LM,Nasdaq DM Asia Financial Services Large Mid Cap Index,indices,us,True,NasdaqGIDS
I:NQDMASIA3020LMN,Nasdaq DM Asia Financial Services Large Mid Cap NTR Index,indices,us,True,NasdaqGIDS
I:NQDMASIA3020LMT,Nasdaq DM Asia Financial Services Large Mid Cap TR Index,indices,us,True,NasdaqGIDS
I:NQDMASIA3020N,Nasdaq DM Asia Financial Services NTR Index,indices,us,True,NasdaqGIDS
I:NQDMASIA3020T,Nasdaq DM Asia Financial Services TR Index,indices,us,True,NasdaqGIDS
I:NQDMASIA3030,Nasdaq DM Asia Insurance Index,indices,us,True,NasdaqGIDS
I:NQDMASIA3030LM,Nasdaq DM Asia Insurance Large Mid Cap Index,indices,us,True,NasdaqGIDS
I:NQDMASIA3030LMN,Nasdaq DM Asia Insurance Large Mid Cap NTR Index,indices,us,True,NasdaqGIDS
I:NQDMASIA3030LMT,Nasdaq DM Asia Insurance Large Mid Cap TR Index,indices,us,True,NasdaqGIDS
I:NQDMASIA3030N,Nasdaq DM Asia Insurance NTR Index,indices,us,True,NasdaqGIDS
I:NQDMASIA3030T,Nasdaq DM Asia Insurance TR Index,indices,us,True,NasdaqGIDS
I:NQDMASIA30LM,Nasdaq DM Asia Financials Large Mid Cap Index,indices,us,True,NasdaqGIDS
I:NQDMASIA30LMN,NASDAQ DM Asia Financials Large Mid Cap NTR Index,indices,us,True,NasdaqGIDS
I:NQDMASIA30LMT,NASDAQ DM Asia Financials Large Mid Cap TR Index,indices,us,True,NasdaqGIDS
I:NQDMASIA30N,NASDAQ DM Asia Financials NTR Index,indices,us,True,NasdaqGIDS
I:NQDMASIA30T,NASDAQ DM Asia Financials TR Index,indices,us,True,NasdaqGIDS
I:NQDMASIA35,NASDAQ DM Asia Real Estate Index,indices,us,True,NasdaqGIDS
I:NQDMASIA35LM,Nasdaq DM Asia Real Estate Large Mid Cap Index,indices,us,True,NasdaqGIDS
I:NQDMASIA35LMN,NASDAQ DM Asia Real Estate Large Mid Cap NTR Index,indices,us,True,NasdaqGIDS
I:NQDMASIA35LMT,NASDAQ DM Asia Real Estate Large Mid Cap TR Index,indices,us,True,NasdaqGIDS
I:NQDMASIA35N,NASDAQ DM Asia Real Estate NTR Index,indices,us,True,NasdaqGIDS
I:NQDMASIA35T,NASDAQ DM Asia Real Estate TR Index,indices,us,True,NasdaqGIDS
I:NQDMASIA40,Nasdaq DM Asia Consumer Discretionary Index,indices,us,True,NasdaqGIDS
I:NQDMASIA4010,Nasdaq DM Asia Automobiles and Parts Index,indices,us,True,NasdaqGIDS
I:NQDMASIA4010LM,Nasdaq DM Asia Automobiles and Parts Large Mid Cap Index,indices,us,True,NasdaqGIDS
I:NQDMASIA4010LMN,Nasdaq DM Asia Automobiles and Parts Large Mid Cap NTR Index,indices,us,True,NasdaqGIDS
I:NQDMASIA4010LMT,Nasdaq DM Asia Automobiles and Parts Large Mid Cap TR Index,indices,us,True,NasdaqGIDS
I:NQDMASIA4010N,Nasdaq DM Asia Automobiles and Parts NTR Index,indices,us,True,NasdaqGIDS
I:NQDMASIA4010T,Nasdaq DM Asia Automobiles and Parts TR Index,indices,us,True,NasdaqGIDS
I:NQDMASIA4020,Nasdaq DM Asia Consumer Products and Services Index,indices,us,True,NasdaqGIDS
I:NQDMASIA4020LM,Nasdaq DM Asia Consumer Products and Services Large Mid Cap Index,indices,us,True,NasdaqGIDS
I:NQDMASIA4020LMN,Nasdaq DM Asia Consumer Products and Services Large Mid Cap NTR Index,indices,us,True,NasdaqGIDS
I:NQDMASIA4020LMT,Nasdaq DM Asia Consumer Products and Services Large Mid Cap TR Index,indices,us,True,NasdaqGIDS
I:NQDMASIA4020N,Nasdaq DM Asia Consumer Products and Services NTR Index,indices,us,True,NasdaqGIDS
I:NQDMASIA4020T,Nasdaq DM Asia Consumer Products and Services TR Index,indices,us,True,NasdaqGIDS
I:NQDMASIA4030,NASDAQ DM Asia Media Index,indices,us,True,NasdaqGIDS
I:NQDMASIA4030LM,Nasdaq DM Asia Media Large Mid Cap Index,indices,us,True,NasdaqGIDS
I:NQDMASIA4030LMN,NASDAQ DM Asia Media Large Mid Cap NTR Index,indices,us,True,NasdaqGIDS
I:NQDMASIA4030LMT,NASDAQ DM Asia Media Large Mid Cap TR Index,indices,us,True,NasdaqGIDS
I:NQDMASIA4030N,NASDAQ DM Asia Media NTR Index,indices,us,True,NasdaqGIDS
I:NQDMASIA4030T,NASDAQ DM Asia Media TR Index,indices,us,True,NasdaqGIDS
I:NQDMASIA4040,NASDAQ DM Asia Retail Index,indices,us,True,NasdaqGIDS
I:NQDMASIA4040LM,Nasdaq DM Asia Retail Large Mid Cap Index,indices,us,True,NasdaqGIDS
I:NQDMASIA4040LMN,NASDAQ DM Asia Retail Large Mid Cap NTR Index,indices,us,True,NasdaqGIDS
I:NQDMASIA4040LMT,NASDAQ DM Asia Retail Large Mid Cap TR Index,indices,us,True,NasdaqGIDS
I:NQDMASIA4040N,NASDAQ DM Asia Retail NTR Index,indices,us,True,NasdaqGIDS
I:NQDMASIA4040T,NASDAQ DM Asia Retail TR Index,indices,us,True,NasdaqGIDS
I:NQDMASIA4050,Nasdaq DM Asia Travel and Leisure Index,indices,us,True,NasdaqGIDS
I:NQDMASIA4050LM,Nasdaq DM Asia Travel and Leisure Large Mid Cap Index,indices,us,True,NasdaqGIDS
I:NQDMASIA4050LMN,Nasdaq DM Asia Travel and Leisure Large Mid Cap NTR Index,indices,us,True,NasdaqGIDS
I:NQDMASIA4050LMT,Nasdaq DM Asia Travel and Leisure Large Mid Cap TR Index,indices,us,True,NasdaqGIDS
I:NQDMASIA4050N,Nasdaq DM Asia Travel and Leisure NTR Index,indices,us,True,NasdaqGIDS
I:NQDMASIA4050T,Nasdaq DM Asia Travel and Leisure TR Index,indices,us,True,NasdaqGIDS
I:NQDMASIA40LM,Nasdaq DM Asia Consumer Discretionary Large Mid Cap Index,indices,us,True,NasdaqGIDS
I:NQDMASIA40LMN,Nasdaq DM Asia Consumer Discretionary Large Mid Cap NTR Index,indices,us,True,NasdaqGIDS
I:NQDMASIA40LMT,Nasdaq DM Asia Consumer Discretionary Large Mid Cap TR Index,indices,us,True,NasdaqGIDS
I:NQDMASIA40N,Nasdaq DM Asia Consumer Discretionary NTR Index,indices,us,True,NasdaqGIDS
I:NQDMASIA40T,Nasdaq DM Asia Consumer Discretionary TR Index,indices,us,True,NasdaqGIDS
I:NQDMASIA45,Nasdaq DM Asia Consumer Staples Index,indices,us,True,NasdaqGIDS
I:NQDMASIA4510,"Nasdaq DM Asia Food, Beverage and Tobacco Index",indices,us,True,NasdaqGIDS
I:NQDMASIA4510LM,"Nasdaq DM Asia Food, Beverage and Tobacco Large Mid Cap Index",indices,us,True,NasdaqGIDS
I:NQDMASIA4510LMN,"Nasdaq DM Asia Food, Beverage and Tobacco Large Mid Cap NTR Index",indices,us,True,NasdaqGIDS
I:NQDMASIA4510LMT,"Nasdaq DM Asia Food, Beverage and Tobacco Large Mid Cap TR Index",indices,us,True,NasdaqGIDS
I:NQDMASIA4510N,"Nasdaq DM Asia Food, Beverage and Tobacco NTR Index",indices,us,True,NasdaqGIDS
I:NQDMASIA4510T,"Nasdaq DM Asia Food, Beverage and Tobacco TR Index",indices,us,True,NasdaqGIDS
I:NQDMASIA4520,"Nasdaq DM Asia Personal Care, Drug and Grocery Stores Index",indices,us,True,NasdaqGIDS
I:NQDMASIA4520LM,"Nasdaq DM Asia Personal Care, Drug and Grocery Stores Large Mid Cap Index",indices,us,True,NasdaqGIDS
I:NQDMASIA4520LMN,"Nasdaq DM Asia Personal Care, Drug and Grocery Stores Large Mid Cap NTR Index",indices,us,True,NasdaqGIDS
I:NQDMASIA4520LMT,"Nasdaq DM Asia Personal Care, Drug and Grocery Stores Large Mid Cap TR Index",indices,us,True,NasdaqGIDS
I:NQDMASIA4520N,"Nasdaq DM Asia Personal Care, Drug and Grocery Stores NTR Index",indices,us,True,NasdaqGIDS
I:NQDMASIA4520T,"Nasdaq DM Asia Personal Care, Drug and Grocery Stores TR Index",indices,us,True,NasdaqGIDS
I:NQDMASIA45LM,Nasdaq DM Asia Consumer Staples Large Mid Cap Index,indices,us,True,NasdaqGIDS
I:NQDMASIA45LMN,Nasdaq DM Asia Consumer Staples Large Mid Cap NTR Index,indices,us,True,NasdaqGIDS
I:NQDMASIA45LMT,Nasdaq DM Asia Consumer Staples Large Mid Cap TR Index,indices,us,True,NasdaqGIDS
I:NQDMASIA45N,Nasdaq DM Asia Consumer Staples NTR Index,indices,us,True,NasdaqGIDS
I:NQDMASIA45T,Nasdaq DM Asia Consumer Staples TR Index,indices,us,True,NasdaqGIDS
I:NQDMASIA50,Nasdaq DM Asia Industrials Index,indices,us,True,NasdaqGIDS
I:NQDMASIA5010,Nasdaq DM Asia Construction and Materials Index,indices,us,True,NasdaqGIDS
I:NQDMASIA5010LM,Nasdaq DM Asia Construction and Materials Large Mid Cap Index,indices,us,True,NasdaqGIDS
I:NQDMASIA5010LMN,Nasdaq DM Asia Construction and Materials Large Mid Cap NTR Index,indices,us,True,NasdaqGIDS
I:NQDMASIA5010LMT,Nasdaq DM Asia Construction and Materials Large Mid Cap TR Index,indices,us,True,NasdaqGIDS
I:NQDMASIA5010N,Nasdaq DM Asia Construction and Materials NTR Index,indices,us,True,NasdaqGIDS
I:NQDMASIA5010T,Nasdaq DM Asia Construction and Materials TR Index,indices,us,True,NasdaqGIDS
I:NQDMASIA5020,Nasdaq DM Asia Industrial Goods and Services Index,indices,us,True,NasdaqGIDS
I:NQDMASIA5020LM,Nasdaq DM Asia Industrial Goods and Services Large Mid Cap Index,indices,us,True,NasdaqGIDS
I:NQDMASIA5020LMN,Nasdaq DM Asia Industrial Goods and Services Large Mid Cap NTR Index,indices,us,True,NasdaqGIDS
I:NQDMASIA5020LMT,Nasdaq DM Asia Industrial Goods and Services Large Mid Cap TR Index,indices,us,True,NasdaqGIDS
I:NQDMASIA5020N,Nasdaq DM Asia Industrial Goods and Services NTR Index,indices,us,True,NasdaqGIDS
I:NQDMASIA5020T,Nasdaq DM Asia Industrial Goods and Services TR Index,indices,us,True,NasdaqGIDS
I:NQDMASIA50LM,Nasdaq DM Asia Industrials Large Mid Cap Index,indices,us,True,NasdaqGIDS
I:NQDMASIA50LMN,Nasdaq DM Asia Industrials Large Mid Cap NTR Index,indices,us,True,NasdaqGIDS
I:NQDMASIA50LMT,Nasdaq DM Asia Industrials Large Mid Cap TR Index,indices,us,True,NasdaqGIDS
I:NQDMASIA50N,Nasdaq DM Asia Industrials NTR Index,indices,us,True,NasdaqGIDS
I:NQDMASIA50T,Nasdaq DM Asia Industrials TR Index,indices,us,True,NasdaqGIDS
I:NQDMASIA55,Nasdaq DM Asia Basic Materials Index,indices,us,True,NasdaqGIDS
I:NQDMASIA5510,NASDAQ DM Asia Basic Resources Index,indices,us,True,NasdaqGIDS
I:NQDMASIA5510LM,Nasdaq DM Asia Basic Resources Large Mid Cap Index,indices,us,True,NasdaqGIDS
I:NQDMASIA5510LMN,Nasdaq DM Asia Basic Resources Large Mid Cap NTR Index,indices,us,True,NasdaqGIDS
I:NQDMASIA5510LMT,Nasdaq DM Asia Basic Resources Large Mid Cap TR Index,indices,us,True,NasdaqGIDS
I:NQDMASIA5510N,NASDAQ DM Asia Basic Resources NTR Index,indices,us,True,NasdaqGIDS
I:NQDMASIA5510T,NASDAQ DM Asia Basic Resources TR Index,indices,us,True,NasdaqGIDS
I:NQDMASIA5520,NASDAQ DM Asia Chemicals Index,indices,us,True,NasdaqGIDS
I:NQDMASIA5520LM,Nasdaq DM Asia Chemicals Large Mid Cap Index,indices,us,True,NasdaqGIDS
I:NQDMASIA5520LMN,NASDAQ DM Asia Chemicals Large Mid Cap NTR Index,indices,us,True,NasdaqGIDS
I:NQDMASIA5520LMT,NASDAQ DM Asia Chemicals Large Mid Cap TR Index,indices,us,True,NasdaqGIDS
I:NQDMASIA5520N,NASDAQ DM Asia Chemicals NTR Index,indices,us,True,NasdaqGIDS
I:NQDMASIA5520T,NASDAQ DM Asia Chemicals TR Index,indices,us,True,NasdaqGIDS
I:NQDMASIA55LM,Nasdaq DM Asia Basic Materials Large Mid Cap Index,indices,us,True,NasdaqGIDS
I:NQDMASIA55LMN,Nasdaq DM Asia Basic Materials Large Mid Cap NTR Index,indices,us,True,NasdaqGIDS
I:NQDMASIA55LMT,Nasdaq DM Asia Basic Materials Large Mid Cap TR Index,indices,us,True,NasdaqGIDS
I:NQDMASIA55N,Nasdaq DM Asia Basic Materials NTR Index,indices,us,True,NasdaqGIDS
I:NQDMASIA55T,Nasdaq DM Asia Basic Materials TR Index,indices,us,True,NasdaqGIDS
I:NQDMASIA60,Nasdaq DM Asia Energy Index,indices,us,True,NasdaqGIDS
I:NQDMASIA60LM,Nasdaq DM Asia Energy Large Mid Cap Index,indices,us,True,NasdaqGIDS
I:NQDMASIA60LMN,Nasdaq DM Asia Energy Large Mid Cap NTR Index,indices,us,True,NasdaqGIDS
I:NQDMASIA60LMT,Nasdaq DM Asia Energy Large Mid Cap TR Index,indices,us,True,NasdaqGIDS
I:NQDMASIA60N,Nasdaq DM Asia Energy NTR Index,indices,us,True,NasdaqGIDS
I:NQDMASIA60T,Nasdaq DM Asia Energy TR Index,indices,us,True,NasdaqGIDS
I:NQDMASIA65,NASDAQ DM Asia Utilities Index,indices,us,True,NasdaqGIDS
I:NQDMASIA65LM,Nasdaq DM Asia Utilities Large Mid Cap Index,indices,us,True,NasdaqGIDS
I:NQDMASIA65LMN,NASDAQ DM Asia Utilities Large Mid Cap NTR Index,indices,us,True,NasdaqGIDS
I:NQDMASIA65LMT,NASDAQ DM Asia Utilities Large Mid Cap TR Index,indices,us,True,NasdaqGIDS
I:NQDMASIA65N,NASDAQ DM Asia Utilities NTR Index,indices,us,True,NasdaqGIDS
I:NQDMASIA65T,NASDAQ DM Asia Utilities TR Index,indices,us,True,NasdaqGIDS
I:NQDMASIALM,NASDAQ DM Asia Large Mid Cap Index,indices,us,True,NasdaqGIDS
I:NQDMASIALMN,NASDAQ DM Asia Large Mid Cap NTR Index,indices,us,True,NasdaqGIDS
I:NQDMASIALMT,NASDAQ DM Asia Large Mid Cap TR Index,indices,us,True,NasdaqGIDS
I:NQDMASIAN,NASDAQ DM Asia NTR Index,indices,us,True,NasdaqGIDS
I:NQDMASIAT,NASDAQ DM Asia TR Index,indices,us,True,NasdaqGIDS
I:NQDMASPA,NASDAQ DM ASPA Index,indices,us,True,NasdaqGIDS
I:NQDMASPA10,Nasdaq DM ASPA Technology Index,indices,us,True,NasdaqGIDS
I:NQDMASPA10LM,Nasdaq DM ASPA Technology Large Mid Cap Index,indices,us,True,NasdaqGIDS
I:NQDMASPA10LMN,Nasdaq DM ASPA Technology Large Mid Cap NTR Index,indices,us,True,NasdaqGIDS
I:NQDMASPA10LMT,Nasdaq DM ASPA Technology Large Mid Cap TR Index,indices,us,True,NasdaqGIDS
I:NQDMASPA10N,Nasdaq DM ASPA Technology NTR Index,indices,us,True,NasdaqGIDS
I:NQDMASPA10T,Nasdaq DM ASPA Technology TR Index,indices,us,True,NasdaqGIDS
I:NQDMASPA15,Nasdaq DM ASPA Telecommunications Index,indices,us,True,NasdaqGIDS
I:NQDMASPA15LM,Nasdaq DM ASPA Telecommunications Large Mid Cap Index,indices,us,True,NasdaqGIDS
I:NQDMASPA15LMN,Nasdaq DM ASPA Telecommunications Large Mid Cap NTR Index,indices,us,True,NasdaqGIDS
I:NQDMASPA15LMT,Nasdaq DM ASPA Telecommunications Large Mid Cap TR Index,indices,us,True,NasdaqGIDS
I:NQDMASPA15N,Nasdaq DM ASPA Telecommunications NTR Index,indices,us,True,NasdaqGIDS
I:NQDMASPA15T,Nasdaq DM ASPA Telecommunications TR Index,indices,us,True,NasdaqGIDS
I:NQDMASPA20,NASDAQ DM ASPA Health Care Index,indices,us,True,NasdaqGIDS
I:NQDMASPA20LM,Nasdaq DM ASPA Health Care Large Mid Cap Index,indices,us,True,NasdaqGIDS
I:NQDMASPA20LMN,NASDAQ DM ASPA Health Care Large Mid Cap NTR Index,indices,us,True,NasdaqGIDS
I:NQDMASPA20LMT,NASDAQ DM ASPA Health Care Large Mid Cap TR Index,indices,us,True,NasdaqGIDS
I:NQDMASPA20N,NASDAQ DM ASPA Health Care NTR Index,indices,us,True,NasdaqGIDS
I:NQDMASPA20T,NASDAQ DM ASPA Health Care TR Index,indices,us,True,NasdaqGIDS
I:NQDMASPA30,NASDAQ DM ASPA Financials Index,indices,us,True,NasdaqGIDS
I:NQDMASPA3010,NASDAQ DM ASPA Banks Index,indices,us,True,NasdaqGIDS
I:NQDMASPA3010LM,Nasdaq DM ASPA Banks Large Mid Cap Index,indices,us,True,NasdaqGIDS
I:NQDMASPA3010LMN,NASDAQ DM ASPA Banks Large Mid Cap NTR Index,indices,us,True,NasdaqGIDS
I:NQDMASPA3010LMT,NASDAQ DM ASPA Banks Large Mid Cap TR Index,indices,us,True,NasdaqGIDS
I:NQDMASPA3010N,NASDAQ DM ASPA Banks NTR Index,indices,us,True,NasdaqGIDS
I:NQDMASPA3010T,NASDAQ DM ASPA Banks TR Index,indices,us,True,NasdaqGIDS
I:NQDMASPA3020,Nasdaq DM ASPA Financial Services Index,indices,us,True,NasdaqGIDS
I:NQDMASPA3020LM,Nasdaq DM ASPA Financial Services Large Mid Cap Index,indices,us,True,NasdaqGIDS
I:NQDMASPA3020LMN,Nasdaq DM ASPA Financial Services Large Mid Cap NTR Index,indices,us,True,NasdaqGIDS
I:NQDMASPA3020LMT,Nasdaq DM ASPA Financial Services Large Mid Cap TR Index,indices,us,True,NasdaqGIDS
I:NQDMASPA3020N,Nasdaq DM ASPA Financial Services NTR Index,indices,us,True,NasdaqGIDS
I:NQDMASPA3020T,Nasdaq DM ASPA Financial Services TR Index,indices,us,True,NasdaqGIDS
I:NQDMASPA3030,Nasdaq DM ASPA Insurance Index,indices,us,True,NasdaqGIDS
I:NQDMASPA3030LM,Nasdaq DM ASPA Insurance Large Mid Cap Index,indices,us,True,NasdaqGIDS
I:NQDMASPA3030LMN,Nasdaq DM ASPA Insurance Large Mid Cap NTR Index,indices,us,True,NasdaqGIDS
I:NQDMASPA3030LMT,Nasdaq DM ASPA Insurance Large Mid Cap TR Index,indices,us,True,NasdaqGIDS
I:NQDMASPA3030N,Nasdaq DM ASPA Insurance NTR Index,indices,us,True,NasdaqGIDS
I:NQDMASPA3030T,Nasdaq DM ASPA Insurance TR Index,indices,us,True,NasdaqGIDS
I:NQDMASPA30LM,Nasdaq DM ASPA Financials Large Mid Cap Index,indices,us,True,NasdaqGIDS
I:NQDMASPA30LMN,NASDAQ DM ASPA Financials Large Mid Cap NTR Index,indices,us,True,NasdaqGIDS
I:NQDMASPA30LMT,NASDAQ DM ASPA Financials Large Mid Cap TR Index,indices,us,True,NasdaqGIDS
I:NQDMASPA30N,NASDAQ DM ASPA Financials NTR Index,indices,us,True,NasdaqGIDS
I:NQDMASPA30T,NASDAQ DM ASPA Financials TR Index,indices,us,True,NasdaqGIDS
I:NQDMASPA35,NASDAQ DM ASPA Real Estate Index,indices,us,True,NasdaqGIDS
I:NQDMASPA35LM,Nasdaq DM ASPA Real Estate Large Mid Cap Index,indices,us,True,NasdaqGIDS
I:NQDMASPA35LMN,NASDAQ DM ASPA Real Estate Large Mid Cap NTR Index,indices,us,True,NasdaqGIDS
I:NQDMASPA35LMT,NASDAQ DM ASPA Real Estate Large Mid Cap TR Index,indices,us,True,NasdaqGIDS
I:NQDMASPA35N,NASDAQ DM ASPA Real Estate NTR Index,indices,us,True,NasdaqGIDS
I:NQDMASPA35T,NASDAQ DM ASPA Real Estate TR Index,indices,us,True,NasdaqGIDS
I:NQDMASPA40,Nasdaq DM ASPA Consumer Discretionary Index,indices,us,True,NasdaqGIDS
I:NQDMASPA4010,Nasdaq DM ASPA Automobiles and Parts Index,indices,us,True,NasdaqGIDS
I:NQDMASPA4010LM,Nasdaq DM ASPA Automobiles and Parts Large Mid Cap Index,indices,us,True,NasdaqGIDS
I:NQDMASPA4010LMN,Nasdaq DM ASPA Automobiles and Parts Large Mid Cap NTR Index,indices,us,True,NasdaqGIDS
I:NQDMASPA4010LMT,Nasdaq DM ASPA Automobiles and Parts Large Mid Cap TR Index,indices,us,True,NasdaqGIDS
I:NQDMASPA4010N,Nasdaq DM ASPA Automobiles and Parts NTR Index,indices,us,True,NasdaqGIDS
I:NQDMASPA4010T,Nasdaq DM ASPA Automobiles and Parts TR Index,indices,us,True,NasdaqGIDS
I:NQDMASPA4020,Nasdaq DM ASPA Consumer Products and Services Index,indices,us,True,NasdaqGIDS
I:NQDMASPA4020LM,Nasdaq DM ASPA Consumer Products and Services Large Mid Cap Index,indices,us,True,NasdaqGIDS
I:NQDMASPA4020LMN,Nasdaq DM ASPA Consumer Products and Services Large Mid Cap NTR Index,indices,us,True,NasdaqGIDS
I:NQDMASPA4020LMT,Nasdaq DM ASPA Consumer Products and Services Large Mid Cap TR Index,indices,us,True,NasdaqGIDS
I:NQDMASPA4020N,Nasdaq DM ASPA Consumer Products and Services NTR Index,indices,us,True,NasdaqGIDS
I:NQDMASPA4020T,Nasdaq DM ASPA Consumer Products and Services TR Index,indices,us,True,NasdaqGIDS
I:NQDMASPA4030,NASDAQ DM ASPA Media Index,indices,us,True,NasdaqGIDS
I:NQDMASPA4030LM,Nasdaq DM ASPA Media Large Mid Cap Index,indices,us,True,NasdaqGIDS
I:NQDMASPA4030LMN,NASDAQ DM ASPA Media Large Mid Cap NTR Index,indices,us,True,NasdaqGIDS
I:NQDMASPA4030LMT,NASDAQ DM ASPA Media Large Mid Cap TR Index,indices,us,True,NasdaqGIDS
I:NQDMASPA4030N,NASDAQ DM ASPA Media NTR Index,indices,us,True,NasdaqGIDS
I:NQDMASPA4030T,NASDAQ DM ASPA Media TR Index,indices,us,True,NasdaqGIDS
I:NQDMASPA4040,NASDAQ DM ASPA Retail Index,indices,us,True,NasdaqGIDS
I:NQDMASPA4040LM,Nasdaq DM ASPA Retail Large Mid Cap Index,indices,us,True,NasdaqGIDS
I:NQDMASPA4040LMN,NASDAQ DM ASPA Retail Large Mid Cap NTR Index,indices,us,True,NasdaqGIDS
I:NQDMASPA4040LMT,NASDAQ DM ASPA Retail Large Mid Cap TR Index,indices,us,True,NasdaqGIDS
I:NQDMASPA4040N,NASDAQ DM ASPA Retail NTR Index,indices,us,True,NasdaqGIDS
I:NQDMASPA4040T,NASDAQ DM ASPA Retail TR Index,indices,us,True,NasdaqGIDS
I:NQDMASPA4050,Nasdaq DM ASPA Travel and Leisure Index,indices,us,True,NasdaqGIDS
I:NQDMASPA4050LM,Nasdaq DM ASPA Travel and Leisure Large Mid Cap Index,indices,us,True,NasdaqGIDS
I:NQDMASPA4050LMN,Nasdaq DM ASPA Travel and Leisure Large Mid Cap NTR Index,indices,us,True,NasdaqGIDS
I:NQDMASPA4050LMT,Nasdaq DM ASPA Travel and Leisure Large Mid Cap TR Index,indices,us,True,NasdaqGIDS
I:NQDMASPA4050N,Nasdaq DM ASPA Travel and Leisure NTR Index,indices,us,True,NasdaqGIDS
I:NQDMASPA4050T,Nasdaq DM ASPA Travel and Leisure TR Index,indices,us,True,NasdaqGIDS
I:NQDMASPA40LM,Nasdaq DM ASPA Consumer Discretionary Large Mid Cap Index,indices,us,True,NasdaqGIDS
I:NQDMASPA40LMN,Nasdaq DM ASPA Consumer Discretionary Large Mid Cap NTR Index,indices,us,True,NasdaqGIDS
I:NQDMASPA40LMT,Nasdaq DM ASPA Consumer Discretionary Large Mid Cap TR Index,indices,us,True,NasdaqGIDS
I:NQDMASPA40N,Nasdaq DM ASPA Consumer Discretionary NTR Index,indices,us,True,NasdaqGIDS
I:NQDMASPA40T,Nasdaq DM ASPA Consumer Discretionary TR Index,indices,us,True,NasdaqGIDS
I:NQDMASPA45,Nasdaq DM ASPA Consumer Staples Index,indices,us,True,NasdaqGIDS
I:NQDMASPA4510,"Nasdaq DM ASPA Food, Beverage and Tobacco Index",indices,us,True,NasdaqGIDS
I:NQDMASPA4510LM,"Nasdaq DM ASPA Food, Beverage and Tobacco Large Mid Cap Index",indices,us,True,NasdaqGIDS
I:NQDMASPA4510LMN,"Nasdaq DM ASPA Food, Beverage and Tobacco Large Mid Cap NTR Index",indices,us,True,NasdaqGIDS
I:NQDMASPA4510LMT,"Nasdaq DM ASPA Food, Beverage and Tobacco Large Mid Cap TR Index",indices,us,True,NasdaqGIDS
I:NQDMASPA4510N,"Nasdaq DM ASPA Food, Beverage and Tobacco NTR Index",indices,us,True,NasdaqGIDS
I:NQDMASPA4510T,"Nasdaq DM ASPA Food, Beverage and Tobacco TR Index",indices,us,True,NasdaqGIDS
I:NQDMASPA4520,"Nasdaq DM ASPA Personal Care, Drug and Grocery Stores Index",indices,us,True,NasdaqGIDS
I:NQDMASPA4520LM,"Nasdaq DM ASPA Personal Care, Drug and Grocery Stores Large Mid Cap Index",indices,us,True,NasdaqGIDS
I:NQDMASPA4520LMN,"Nasdaq DM ASPA Personal Care, Drug and Grocery Stores Large Mid Cap NTR Index",indices,us,True,NasdaqGIDS
I:NQDMASPA4520LMT,"Nasdaq DM ASPA Personal Care, Drug and Grocery Stores Large Mid Cap TR Index",indices,us,True,NasdaqGIDS
I:NQDMASPA4520N,"Nasdaq DM ASPA Personal Care, Drug and Grocery Stores NTR Index",indices,us,True,NasdaqGIDS
I:NQDMASPA4520T,"Nasdaq DM ASPA Personal Care, Drug and Grocery Stores TR Index",indices,us,True,NasdaqGIDS
I:NQDMASPA45LM,Nasdaq DM ASPA Consumer Staples Large Mid Cap Index,indices,us,True,NasdaqGIDS
I:NQDMASPA45LMN,Nasdaq DM ASPA Consumer Staples Large Mid Cap NTR Index,indices,us,True,NasdaqGIDS
I:NQDMASPA45LMT,Nasdaq DM ASPA Consumer Staples Large Mid Cap TR Index,indices,us,True,NasdaqGIDS
I:NQDMASPA45N,Nasdaq DM ASPA Consumer Staples NTR Index,indices,us,True,NasdaqGIDS
I:NQDMASPA45T,Nasdaq DM ASPA Consumer Staples TR Index,indices,us,True,NasdaqGIDS
I:NQDMASPA50,Nasdaq DM ASPA Industrials Index,indices,us,True,NasdaqGIDS
I:NQDMASPA5010,Nasdaq DM ASPA Construction and Materials Index,indices,us,True,NasdaqGIDS
I:NQDMASPA5010LM,Nasdaq DM ASPA Construction and Materials Large Mid Cap Index,indices,us,True,NasdaqGIDS
I:NQDMASPA5010LMN,Nasdaq DM ASPA Construction and Materials Large Mid Cap NTR Index,indices,us,True,NasdaqGIDS
I:NQDMASPA5010LMT,Nasdaq DM ASPA Construction and Materials Large Mid Cap TR Index,indices,us,True,NasdaqGIDS
I:NQDMASPA5010N,Nasdaq DM ASPA Construction and Materials NTR Index,indices,us,True,NasdaqGIDS
I:NQDMASPA5010T,Nasdaq DM ASPA Construction and Materials TR Index,indices,us,True,NasdaqGIDS
I:NQDMASPA5020,Nasdaq DM ASPA Industrial Goods and Services Index,indices,us,True,NasdaqGIDS
I:NQDMASPA5020LM,Nasdaq DM ASPA Industrial Goods and Services Large Mid Cap Index,indices,us,True,NasdaqGIDS
I:NQDMASPA5020LMN,Nasdaq DM ASPA Industrial Goods and Services Large Mid Cap NTR Index,indices,us,True,NasdaqGIDS
I:NQDMASPA5020LMT,Nasdaq DM ASPA Industrial Goods and Services Large Mid Cap TR Index,indices,us,True,NasdaqGIDS
I:NQDMASPA5020N,Nasdaq DM ASPA Industrial Goods and Services NTR Index,indices,us,True,NasdaqGIDS
I:NQDMASPA5020T,Nasdaq DM ASPA Industrial Goods and Services TR Index,indices,us,True,NasdaqGIDS
I:NQDMASPA50LM,Nasdaq DM ASPA Industrials Large Mid Cap Index,indices,us,True,NasdaqGIDS
I:NQDMASPA50LMN,Nasdaq DM ASPA Industrials Large Mid Cap NTR Index,indices,us,True,NasdaqGIDS
I:NQDMASPA50LMT,Nasdaq DM ASPA Industrials Large Mid Cap TR Index,indices,us,True,NasdaqGIDS
I:NQDMASPA50N,Nasdaq DM ASPA Industrials NTR Index,indices,us,True,NasdaqGIDS
I:NQDMASPA50T,Nasdaq DM ASPA Industrials TR Index,indices,us,True,NasdaqGIDS
I:NQDMASPA55,Nasdaq DM ASPA Basic Materials Index,indices,us,True,NasdaqGIDS
I:NQDMASPA5510,NASDAQ DM ASPA Basic Resources Index,indices,us,True,NasdaqGIDS
I:NQDMASPA5510LM,Nasdaq DM ASPA Basic Resources Large Mid Cap Index,indices,us,True,NasdaqGIDS
I:NQDMASPA5510LMN,Nasdaq DM ASPA Basic Resources Large Mid Cap NTR Index,indices,us,True,NasdaqGIDS
I:NQDMASPA5510LMT,Nasdaq DM ASPA Basic Resources Large Mid Cap TR Index,indices,us,True,NasdaqGIDS
I:NQDMASPA5510N,NASDAQ DM ASPA Basic Resources NTR Index,indices,us,True,NasdaqGIDS
I:NQDMASPA5510T,NASDAQ DM ASPA Basic Resources TR Index,indices,us,True,NasdaqGIDS
I:NQDMASPA5520,NASDAQ DM ASPA Chemicals Index,indices,us,True,NasdaqGIDS
I:NQDMASPA5520LM,Nasdaq DM ASPA Chemicals Large Mid Cap Index,indices,us,True,NasdaqGIDS
I:NQDMASPA5520LMN,NASDAQ DM ASPA Chemicals Large Mid Cap NTR Index,indices,us,True,NasdaqGIDS
I:NQDMASPA5520LMT,NASDAQ DM ASPA Chemicals Large Mid Cap TR Index,indices,us,True,NasdaqGIDS
I:NQDMASPA5520N,NASDAQ DM ASPA Chemicals NTR Index,indices,us,True,NasdaqGIDS
I:NQDMASPA5520T,NASDAQ DM ASPA Chemicals TR Index,indices,us,True,NasdaqGIDS
I:NQDMASPA55LM,Nasdaq DM ASPA Basic Materials Large Mid Cap Index,indices,us,True,NasdaqGIDS
I:NQDMASPA55LMN,Nasdaq DM ASPA Basic Materials Large Mid Cap NTR Index,indices,us,True,NasdaqGIDS
I:NQDMASPA55LMT,Nasdaq DM ASPA Basic Materials Large Mid Cap TR Index,indices,us,True,NasdaqGIDS
I:NQDMASPA55N,Nasdaq DM ASPA Basic Materials NTR Index,indices,us,True,NasdaqGIDS
I:NQDMASPA55T,Nasdaq DM ASPA Basic Materials TR Index,indices,us,True,NasdaqGIDS
I:NQDMASPA60,Nasdaq DM ASPA Energy Index,indices,us,True,NasdaqGIDS
I:NQDMASPA60LM,Nasdaq DM ASPA Energy Large Mid Cap Index,indices,us,True,NasdaqGIDS
I:NQDMASPA60LMN,Nasdaq DM ASPA Energy Large Mid Cap NTR Index,indices,us,True,NasdaqGIDS
I:NQDMASPA60LMT,Nasdaq DM ASPA Energy Large Mid Cap TR Index,indices,us,True,NasdaqGIDS
I:NQDMASPA60N,Nasdaq DM ASPA Energy NTR Index,indices,us,True,NasdaqGIDS
I:NQDMASPA60T,Nasdaq DM ASPA Energy TR Index,indices,us,True,NasdaqGIDS
I:NQDMASPA65,NASDAQ DM ASPA Utilities Index,indices,us,True,NasdaqGIDS
I:NQDMASPA65LM,Nasdaq DM ASPA Utilities Large Mid Cap Index,indices,us,True,NasdaqGIDS
I:NQDMASPA65LMN,NASDAQ DM ASPA Utilities Large Mid Cap NTR Index,indices,us,True,NasdaqGIDS
I:NQDMASPA65LMT,NASDAQ DM ASPA Utilities Large Mid Cap TR Index,indices,us,True,NasdaqGIDS
I:NQDMASPA65N,NASDAQ DM ASPA Utilities NTR Index,indices,us,True,NasdaqGIDS
I:NQDMASPA65T,NASDAQ DM ASPA Utilities TR Index,indices,us,True,NasdaqGIDS
I:NQDMASPALC,NASDAQ DM ASPA Large Cap Index,indices,us,True,NasdaqGIDS
I:NQDMASPALCN,NASDAQ DM ASPA Large Cap NTR Index,indices,us,True,NasdaqGIDS
I:NQDMASPALCT,NASDAQ DM ASPA Large Cap TR Index,indices,us,True,NasdaqGIDS
I:NQDMASPALM,NASDAQ DM ASPA Large Mid Cap Index,indices,us,True,NasdaqGIDS
I:NQDMASPALMN,NASDAQ DM ASPA Large Mid Cap NTR Index,indices,us,True,NasdaqGIDS
I:NQDMASPALMT,NASDAQ DM ASPA Large Mid Cap TR Index,indices,us,True,NasdaqGIDS
I:NQDMASPAMC,NASDAQ DM ASPA Mid Cap Index,indices,us,True,NasdaqGIDS
I:NQDMASPAMCN,NASDAQ DM ASPA Mid Cap NTR Index,indices,us,True,NasdaqGIDS
I:NQDMASPAMCT,NASDAQ DM ASPA Mid Cap TR Index,indices,us,True,NasdaqGIDS
I:NQDMASPAN,NASDAQ DM ASPA NTR Index,indices,us,True,NasdaqGIDS
I:NQDMASPASC,NASDAQ DM ASPA Small Cap Index,indices,us,True,NasdaqGIDS
I:NQDMASPASCN,NASDAQ DM ASPA Small Cap NTR Index,indices,us,True,NasdaqGIDS
I:NQDMASPASCT,NASDAQ DM ASPA Small Cap TR Index,indices,us,True,NasdaqGIDS
I:NQDMASPAT,NASDAQ DM ASPA TR Index,indices,us,True,NasdaqGIDS
I:NQDMASPAXJP,Nasdaq DM ASPA Ex Japan Index,indices,us,True,NasdaqGIDS
I:NQDMASPAXJPLC,Nasdaq DM ASPA Ex Japan Large Cap,indices,us,True,NasdaqGIDS
I:NQDMASPAXJPLCN,Nasdaq DM ASPA Ex Japan Large Cap NTR,indices,us,True,NasdaqGIDS
I:NQDMASPAXJPLCT,Nasdaq DM ASPA Ex Japan Large Cap TR,indices,us,True,NasdaqGIDS
I:NQDMASPAXJPLM,Nasdaq DM ASPA Ex Japan Large Mid Cap,indices,us,True,NasdaqGIDS
I:NQDMASPAXJPLMN,Nasdaq DM ASPA Ex Japan Large Mid Cap NTR,indices,us,True,NasdaqGIDS
I:NQDMASPAXJPLMT,Nasdaq DM ASPA Ex Japan Large Mid Cap TR,indices,us,True,NasdaqGIDS
I:NQDMASPAXJPMC,Nasdaq DM ASPA Ex Japan Mid Cap,indices,us,True,NasdaqGIDS
I:NQDMASPAXJPMCN,Nasdaq DM ASPA Ex Japan Mid Cap NTR,indices,us,True,NasdaqGIDS
I:NQDMASPAXJPMCT,Nasdaq DM ASPA Ex Japan Mid Cap TR,indices,us,True,NasdaqGIDS
I:NQDMASPAXJPN,Nasdaq DM ASPA Ex Japan NTR,indices,us,True,NasdaqGIDS
I:NQDMASPAXJPSC,Nasdaq DM ASPA Ex Japan Small Cap,indices,us,True,NasdaqGIDS
I:NQDMASPAXJPSCN,Nasdaq DM ASPA Ex Japan Small Cap NTR,indices,us,True,NasdaqGIDS
I:NQDMASPAXJPSCT,Nasdaq DM ASPA Ex Japan Small Cap TR,indices,us,True,NasdaqGIDS
I:NQDMASPAXJPT,Nasdaq DM ASPA Ex Japan TR,indices,us,True,NasdaqGIDS
I:NQDMEU,NASDAQ DM Europe Index,indices,us,True,NasdaqGIDS
I:NQDMEU10,Nasdaq DM Europe Technology Index,indices,us,True,NasdaqGIDS
I:NQDMEU10LM,Nasdaq DM Europe Technology Large Mid Cap Index,indices,us,True,NasdaqGIDS
I:NQDMEU10LMN,Nasdaq DM Europe Technology Large Mid Cap NTR Index,indices,us,True,NasdaqGIDS
I:NQDMEU10LMT,Nasdaq DM Europe Technology Large Mid Cap TR Index,indices,us,True,NasdaqGIDS
I:NQDMEU10N,Nasdaq DM Europe Technology NTR Index,indices,us,True,NasdaqGIDS
I:NQDMEU10T,Nasdaq DM Europe Technology TR Index,indices,us,True,NasdaqGIDS
I:NQDMEU15,Nasdaq DM Europe Telecommunications Index,indices,us,True,NasdaqGIDS
I:NQDMEU15LM,Nasdaq DM Europe Telecommunications Large Mid Cap Index,indices,us,True,NasdaqGIDS
I:NQDMEU15LMN,Nasdaq DM Europe Telecommunications Large Mid Cap NTR Index,indices,us,True,NasdaqGIDS
I:NQDMEU15LMT,Nasdaq DM Europe Telecommunications Large Mid Cap TR Index,indices,us,True,NasdaqGIDS
I:NQDMEU15N,Nasdaq DM Europe Telecommunications NTR Index,indices,us,True,NasdaqGIDS
I:NQDMEU15T,Nasdaq DM Europe Telecommunications TR Index,indices,us,True,NasdaqGIDS
I:NQDMEU20,NASDAQ DM Europe Health Care Index,indices,us,True,NasdaqGIDS
I:NQDMEU20LM,Nasdaq DM Europe Health Care Large Mid Cap Index,indices,us,True,NasdaqGIDS
I:NQDMEU20LMN,Nasdaq DM Europe Health Care Large Mid Cap NTR Index,indices,us,True,NasdaqGIDS
I:NQDMEU20LMT,Nasdaq DM Europe Health Care Large Mid Cap TR Index,indices,us,True,NasdaqGIDS
I:NQDMEU20N,NASDAQ DM Europe Health Care NTR Index,indices,us,True,NasdaqGIDS
I:NQDMEU20T,NASDAQ DM Europe Health Care TR Index,indices,us,True,NasdaqGIDS
I:NQDMEU30,NASDAQ DM Europe Financials Index,indices,us,True,NasdaqGIDS
I:NQDMEU3010,NASDAQ DM Europe Banks Index,indices,us,True,NasdaqGIDS
I:NQDMEU3010LM,Nasdaq DM Europe Banks Large Mid Cap Index,indices,us,True,NasdaqGIDS
I:NQDMEU3010LMN,NASDAQ DM Europe Banks Large Mid Cap NTR Index,indices,us,True,NasdaqGIDS
I:NQDMEU3010LMT,NASDAQ DM Europe Banks Large Mid Cap TR Index,indices,us,True,NasdaqGIDS
I:NQDMEU3010N,NASDAQ DM Europe Banks NTR Index,indices,us,True,NasdaqGIDS
I:NQDMEU3010T,NASDAQ DM Europe Banks TR Index,indices,us,True,NasdaqGIDS
I:NQDMEU3020,Nasdaq DM Europe Financial Services Index,indices,us,True,NasdaqGIDS
I:NQDMEU3020LM,Nasdaq DM Europe Financial Services Large Mid Cap Index,indices,us,True,NasdaqGIDS
I:NQDMEU3020LMN,Nasdaq DM Europe Financial Services Large Mid Cap NTR Index,indices,us,True,NasdaqGIDS
I:NQDMEU3020LMT,Nasdaq DM Europe Financial Services Large Mid Cap TR Index,indices,us,True,NasdaqGIDS
I:NQDMEU3020N,Nasdaq DM Europe Financial Services NTR Index,indices,us,True,NasdaqGIDS
I:NQDMEU3020T,Nasdaq DM Europe Financial Services TR Index,indices,us,True,NasdaqGIDS
I:NQDMEU3030,Nasdaq DM Europe Insurance Index,indices,us,True,NasdaqGIDS
I:NQDMEU3030LM,Nasdaq DM Europe Insurance Large Mid Cap Index,indices,us,True,NasdaqGIDS
I:NQDMEU3030LMN,Nasdaq DM Europe Insurance Large Mid Cap NTR Index,indices,us,True,NasdaqGIDS
I:NQDMEU3030LMT,Nasdaq DM Europe Insurance Large Mid Cap TR Index,indices,us,True,NasdaqGIDS
I:NQDMEU3030N,Nasdaq DM Europe Insurance NTR Index,indices,us,True,NasdaqGIDS
I:NQDMEU3030T,Nasdaq DM Europe Insurance TR Index,indices,us,True,NasdaqGIDS
I:NQDMEU30LM,Nasdaq DM Europe Financials Large Mid Cap Index,indices,us,True,NasdaqGIDS
I:NQDMEU30LMN,Nasdaq DM Europe Financials Large Mid Cap NTR Index,indices,us,True,NasdaqGIDS
I:NQDMEU30LMT,Nasdaq DM Europe Financials Large Mid Cap TR Index,indices,us,True,NasdaqGIDS
I:NQDMEU30N,NASDAQ DM Europe Financials NTR Index,indices,us,True,NasdaqGIDS
I:NQDMEU30T,NASDAQ DM Europe Financials TR Index,indices,us,True,NasdaqGIDS
I:NQDMEU35,NASDAQ DM Europe Real Estate Index,indices,us,True,NasdaqGIDS
I:NQDMEU35LM,Nasdaq DM Europe Real Estate Large Mid Cap Index,indices,us,True,NasdaqGIDS
I:NQDMEU35LMN,Nasdaq DM Europe Real Estate Large Mid Cap NTR Index,indices,us,True,NasdaqGIDS
I:NQDMEU35LMT,Nasdaq DM Europe Real Estate Large Mid Cap TR Index,indices,us,True,NasdaqGIDS
I:NQDMEU35N,NASDAQ DM Europe Real Estate NTR Index,indices,us,True,NasdaqGIDS
I:NQDMEU35T,NASDAQ DM Europe Real Estate TR Index,indices,us,True,NasdaqGIDS
I:NQDMEU40,Nasdaq DM Europe Consumer Discretionary Index,indices,us,True,NasdaqGIDS
I:NQDMEU4010,Nasdaq DM Europe Automobiles and Parts Index,indices,us,True,NasdaqGIDS
I:NQDMEU4010LM,Nasdaq DM Europe Automobiles and Parts Large Mid Cap Index,indices,us,True,NasdaqGIDS
I:NQDMEU4010LMN,Nasdaq DM Europe Automobiles and Parts Large Mid Cap NTR Index,indices,us,True,NasdaqGIDS
I:NQDMEU4010LMT,Nasdaq DM Europe Automobiles and Parts Large Mid Cap TR Index,indices,us,True,NasdaqGIDS
I:NQDMEU4010N,Nasdaq DM Europe Automobiles and Parts NTR Index,indices,us,True,NasdaqGIDS
I:NQDMEU4010T,Nasdaq DM Europe Automobiles and Parts TR Index,indices,us,True,NasdaqGIDS
I:NQDMEU4020,Nasdaq DM Europe Consumer Products and Services Index,indices,us,True,NasdaqGIDS
I:NQDMEU4020LM,Nasdaq DM Europe Consumer Products and Services Large Mid Cap Index,indices,us,True,NasdaqGIDS
I:NQDMEU4020LMN,Nasdaq DM Europe Consumer Products and Services Large Mid Cap NTR Index,indices,us,True,NasdaqGIDS
I:NQDMEU4020LMT,Nasdaq DM Europe Consumer Products and Services Large Mid Cap TR Index,indices,us,True,NasdaqGIDS
I:NQDMEU4020N,Nasdaq DM Europe Consumer Products and Services NTR Index,indices,us,True,NasdaqGIDS
